dt,x_id,x_center,x_lo,x_hi,n,msd,msd_lo,msd_hi
1,1,-11.2845,-11.825999999999999,-10.743,1990,0.5998140226473336,0.5156257994714736,0.7147989629286094
1,2,-10.6405,-10.743,-10.538,1784,0.32262085435213206,0.28594994470968726,0.37032785892804876
1,3,-10.4515,-10.538,-10.365,1760,0.31376611192502646,0.2825566893018727,0.34757894807457856
1,4,-10.293,-10.365,-10.221,1646,0.2699773033537836,0.23570648578042974,0.3168407328423487
1,5,-10.161000000000001,-10.221,-10.101,1720,0.22105622681357423,0.20510148757643248,0.23739913815493607
1,6,-10.0475,-10.101,-9.994,1805,0.24892064558308888,0.20961580141101868,0.2976564921814566
1,7,-9.9415,-9.994,-9.889,1853,0.2588372751269962,0.23374948671697754,0.2901697392957427
1,8,-9.834,-9.889,-9.779,1919,0.32123799575517037,0.2752901703496124,0.3729202359601321
1,9,-9.7265,-9.779,-9.674,1960,0.2961525956237749,0.2743927920522049,0.32387921565206834
1,10,-9.621500000000001,-9.674,-9.569,2035,0.3087426130275588,0.2804156619526722,0.34167667799062934
1,11,-9.5135,-9.569,-9.458,2079,0.30093645216670495,0.27940188484044426,0.3206644578689259
1,12,-9.3975,-9.458,-9.337,2117,0.4150828271370483,0.3360621867960064,0.4991477735850991
1,13,-9.272,-9.337,-9.207,2061,0.4054926031183361,0.32961285817831054,0.5003456665943651
1,14,-9.136,-9.207,-9.065,2084,0.398909926105336,0.35273968224597585,0.4405921157192523
1,15,-8.9845,-9.065,-8.904,2062,0.39096175992069043,0.3452389165303985,0.44313972439594446
1,16,-8.812000000000001,-8.904,-8.72,2040,0.3845080824646165,0.333664053550215,0.4310045353479
1,17,-8.599,-8.72,-8.478,2050,0.42521637253381306,0.35536349287047786,0.5087385433960399
1,18,-8.301,-8.478,-8.124,2097,0.45502346483133765,0.3720757832921712,0.5493655131383147
1,19,-7.8125,-8.124,-7.501,2060,0.48602866995214167,0.3934189568645408,0.5879887904367778
1,20,-5.2645,-7.501,-3.028,2040,1.653001892146182,1.2921159004249707,2.023613335823687
2,1,-11.2845,-11.825999999999999,-10.743,1043,0.4008276667649467,0.36410941062523194,0.44335508191010015
2,2,-10.6405,-10.743,-10.538,1755,0.2536001580484371,0.23090321418745896,0.2752995223960263
2,3,-10.4515,-10.538,-10.365,1802,0.23230962603878882,0.21133603026587156,0.25521563763399574
2,4,-10.293,-10.365,-10.221,1830,0.20969747959993162,0.19484081526868113,0.2250220759092659
2,5,-10.161000000000001,-10.221,-10.101,1727,0.2026228019392522,0.18805780523391766,0.22043437548130526
2,6,-10.0475,-10.101,-9.994,1603,0.22365642576008712,0.202962653688779,0.24996052949582115
2,7,-9.9415,-9.994,-9.889,1568,0.2179977661078858,0.20361318813801907,0.23304121191198324
2,8,-9.834,-9.889,-9.779,1572,0.26871603884072653,0.25026398911764214,0.2899636726959906
2,9,-9.7265,-9.779,-9.674,1620,0.2828658195366304,0.2644207437406478,0.3022359163936714
2,10,-9.621500000000001,-9.674,-9.569,1549,0.2959655442724353,0.2730278108384774,0.3229141445436209
2,11,-9.5135,-9.569,-9.458,1479,0.30634780081718893,0.27644212178817457,0.34029475034677076
2,12,-9.3975,-9.458,-9.337,1492,0.3165950504644049,0.28265318800518396,0.35038969262513997
2,13,-9.272,-9.337,-9.207,1547,0.3071997005630855,0.28136411558266045,0.33620296124876037
2,14,-9.136,-9.207,-9.065,1550,0.3090797244544294,0.28575215051629066,0.3373782081245488
2,15,-8.9845,-9.065,-8.904,1569,0.3130158269505779,0.29007445729724257,0.33885191376272
2,16,-8.812000000000001,-8.904,-8.72,1495,0.35553379856845224,0.2916819146396561,0.4614520814742126
2,17,-8.599,-8.72,-8.478,1428,0.37428217769168515,0.3317435447510059,0.41462579990019893
2,18,-8.301,-8.478,-8.124,1463,0.47931413074926627,0.3966051880041931,0.612077286062253
2,19,-7.8125,-8.124,-7.501,1469,0.5415468329403883,0.41017073077360783,0.7086149658970612
2,20,-5.2645,-7.501,-3.028,1474,0.9636457567986229,0.6934251254820195,1.3127254584607306
3,1,-11.2845,-11.825999999999999,-10.743,1041,0.4569542372568386,0.351882892650952,0.5854294325193341
3,2,-10.6405,-10.743,-10.538,1117,0.3218310030121916,0.289437108351813,0.3593640501292375
3,3,-10.4515,-10.538,-10.365,1046,0.27047054874100046,0.24506059302782188,0.2980448262960234
3,4,-10.293,-10.365,-10.221,1128,0.22189435662506488,0.2016361622655557,0.24450327874089983
3,5,-10.161000000000001,-10.221,-10.101,1141,0.21014670532366833,0.1931181257044547,0.22927708866056376
3,6,-10.0475,-10.101,-9.994,1140,0.25130393340567153,0.20109650216400116,0.33080872899866004
3,7,-9.9415,-9.994,-9.889,1156,0.22236067832210824,0.20316594514427314,0.24020351799225664
3,8,-9.834,-9.889,-9.779,1201,0.22651396458007944,0.20643369068038325,0.24820676346128945
3,9,-9.7265,-9.779,-9.674,1182,0.22352852373396329,0.20606485927024146,0.24205068055463608
3,10,-9.621500000000001,-9.674,-9.569,1242,0.2782723414433679,0.2558538658562036,0.3065349148185328
3,11,-9.5135,-9.569,-9.458,1244,0.29113403559468926,0.26488830258901214,0.3215686464694211
3,12,-9.3975,-9.458,-9.337,1232,0.3103797417015179,0.2840703137350713,0.34046814358598265
3,13,-9.272,-9.337,-9.207,1220,0.3556815009083343,0.3179253635656783,0.39100809636837175
3,14,-9.136,-9.207,-9.065,1147,0.39640055872247637,0.35449752769312237,0.43726492742353307
3,15,-8.9845,-9.065,-8.904,1190,0.35284077790497137,0.31798473172810987,0.39291681332227396
3,16,-8.812000000000001,-8.904,-8.72,1198,0.33065613661310406,0.29955927576033337,0.36491620245794465
3,17,-8.599,-8.72,-8.478,1202,0.38898166998715256,0.3370956933811556,0.46739685011964155
3,18,-8.301,-8.478,-8.124,1189,0.4166131334230874,0.3574721988792823,0.49710464228030354
3,19,-7.8125,-8.124,-7.501,1180,0.38772955277644444,0.3250021296869588,0.45672444565938697
3,20,-5.2645,-7.501,-3.028,1146,0.7255108202496302,0.4907878628974317,1.0366198470572152
4,1,-11.2845,-11.825999999999999,-10.743,1113,0.4231353382764913,0.3771120762616504,0.4697802172746698
4,2,-10.6405,-10.743,-10.538,847,0.38645739434354914,0.3556765669823095,0.41715808975860086
4,3,-10.4515,-10.538,-10.365,928,0.29618861587371126,0.2595871422707241,0.33533195120100473
4,4,-10.293,-10.365,-10.221,961,0.2872043782104803,0.2592486681620358,0.3128857103935735
4,5,-10.161000000000001,-10.221,-10.101,1009,0.2425948094535973,0.22232691460125853,0.25927168436316955
4,6,-10.0475,-10.101,-9.994,979,0.27469688523485325,0.24889944030230385,0.30177819417533946
4,7,-9.9415,-9.994,-9.889,962,0.3180008413786976,0.2853083307119136,0.35862752112183044
4,8,-9.834,-9.889,-9.779,894,0.3224575344487047,0.2786342992460663,0.36744265715220087
4,9,-9.7265,-9.779,-9.674,848,0.3302861749997957,0.2988591000238731,0.3675277549051139
4,10,-9.621500000000001,-9.674,-9.569,814,0.31777620049458577,0.2750543295482079,0.350169569979633
4,11,-9.5135,-9.569,-9.458,802,0.32638880477327414,0.2850573544370373,0.3796399178171313
4,12,-9.3975,-9.458,-9.337,777,0.3337957633751334,0.29708687376615567,0.37469717560512855
4,13,-9.272,-9.337,-9.207,780,0.3714597629172935,0.33282410598584855,0.4206306362465412
4,14,-9.136,-9.207,-9.065,778,0.3336967706640408,0.2937417908299544,0.3796510598562649
4,15,-8.9845,-9.065,-8.904,754,0.3563160867980023,0.30712084278225427,0.4087381388643508
4,16,-8.812000000000001,-8.904,-8.72,781,0.3252032807942177,0.27640957124914806,0.3816658239892522
4,17,-8.599,-8.72,-8.478,810,0.30145457460583364,0.2677653609633762,0.3452589304869148
4,18,-8.301,-8.478,-8.124,784,0.35444127691326444,0.2987742035711577,0.4191560147197566
4,19,-7.8125,-8.124,-7.501,807,0.2521029971680955,0.21550775471144865,0.2957281089792943
4,20,-5.2645,-7.501,-3.028,812,0.4536209989039975,0.3418593754423384,0.5992593978431326
5,1,-11.2845,-11.825999999999999,-10.743,740,0.7722380702065706,0.7060889265547958,0.8545744122339165
5,2,-10.6405,-10.743,-10.538,377,0.5829176001341054,0.5146662117946965,0.6468400865298386
5,3,-10.4515,-10.538,-10.365,367,0.43545120441160623,0.3610227111014654,0.5430411875741785
5,4,-10.293,-10.365,-10.221,336,0.3039042469366786,0.2647973114644905,0.34369520714897756
5,5,-10.161000000000001,-10.221,-10.101,319,0.2648218060891213,0.23142891262259416,0.31059096010944326
5,6,-10.0475,-10.101,-9.994,372,0.22217701715087285,0.1805109000957004,0.2662365327454954
5,7,-9.9415,-9.994,-9.889,357,0.19009759739706902,0.16287770340728394,0.22341156081418426
5,8,-9.834,-9.889,-9.779,322,0.23130496146062823,0.19086149227400231,0.2863339472838958
5,9,-9.7265,-9.779,-9.674,286,0.18581611223410424,0.15817754375145862,0.21343488104960817
5,10,-9.621500000000001,-9.674,-9.569,270,0.20134955655125314,0.17334880983300846,0.23793974744731342
5,11,-9.5135,-9.569,-9.458,287,0.18580353532199725,0.16125457535279888,0.21531476840238864
5,12,-9.3975,-9.458,-9.337,286,0.1912698671585272,0.16150167752735084,0.22141328183603987
5,13,-9.272,-9.337,-9.207,294,0.3610019021381351,0.3084469989479096,0.42041856682258333
5,14,-9.136,-9.207,-9.065,343,0.49238278988499457,0.41977846921024214,0.544984683655519
5,15,-8.9845,-9.065,-8.904,329,0.3915775831951722,0.3305586235971302,0.46469010300189173
5,16,-8.812000000000001,-8.904,-8.72,389,0.43231556816202504,0.3622604084006061,0.513805941096773
5,17,-8.599,-8.72,-8.478,410,0.36218288105591057,0.31427638969364796,0.4128567781047617
5,18,-8.301,-8.478,-8.124,371,0.3847201885135258,0.30553750007179764,0.4792701544804475
5,19,-7.8125,-8.124,-7.501,385,0.29639500520373363,0.23217415083983317,0.3720934657727411
5,20,-5.2645,-7.501,-3.028,431,0.5724059906434702,0.3748953686919022,0.872719513082964
