x,J_mean,J_lo,J_hi
-11.388073397654749,0.1677756348319664,0.11977392711575734,0.21787842138644486
-11.381696432370564,0.1316392042906597,0.08333734075828801,0.17739144787962396
-11.37531946708638,0.11612071189638348,0.066754425179191,0.16289614831447707
-11.368942501802195,0.11014983198120021,0.057850857271846946,0.15850177373142893
-11.362565536518012,0.10145129849350464,0.04697265920031121,0.15370764171377618
-11.356188571233828,0.09050646938918609,0.031758858823146385,0.14513830396496202
-11.349811605949643,0.09126079773436216,0.03260641719495292,0.14747665194780468
-11.343434640665459,0.11818757265012413,0.0637727258102346,0.17399651009800718
-11.337057675381276,0.17099775207004828,0.11709990100373655,0.2235944265010498
-11.330680710097091,0.23058742117385572,0.17643035643864297,0.28298831571302574
-11.324303744812907,0.270457808373916,0.21404087948894787,0.32987381640177743
-11.317926779528722,0.27458698859186453,0.21775462402337878,0.3354443203716745
-11.311549814244538,0.24738965949282987,0.19191150903683052,0.3081779047337761
-11.305172848960355,0.20850375911836444,0.1482301803006031,0.27008383111212003
-11.29879588367617,0.17767025840148964,0.11784564239769284,0.24180186240078924
-11.292418918391986,0.16208254851448806,0.10251286927334605,0.22173522433866555
-11.286041953107802,0.15546620033372566,0.09382860872622283,0.21894513652242828
-11.279664987823617,0.14822814147789032,0.08635491811338078,0.2123949613107417
-11.273288022539434,0.13904474329266245,0.07414138704040987,0.20599005940753645
-11.26691105725525,0.1372403012471172,0.07186031087569572,0.20810129557385781
-11.260534091971065,0.15350552598024533,0.08751628300063605,0.22389328556613913
-11.25415712668688,0.1873436574954098,0.12651068568060728,0.2527100443305962
-11.247780161402696,0.22344759098165412,0.16943200085620025,0.280553146596282
-11.241403196118513,0.2419801005402519,0.19167753664446474,0.2962127491899715
-11.235026230834329,0.2351473654807891,0.1833377957646837,0.2934169271376646
-11.228649265550144,0.21540844298135553,0.15949053007538655,0.2750687922576416
-11.22227230026596,0.20619036885229877,0.14606334736147297,0.264845633361443
-11.215895334981775,0.22080267819820482,0.15186060695095138,0.28786378152037567
-11.209518369697593,0.24714701804351596,0.17263105495129144,0.3186583460879844
-11.203141404413408,0.25328157156651615,0.17160192341442462,0.3312165379517166
-11.196764439129224,0.21216353149692016,0.12660186814123492,0.29578629207596413
-11.190387473845039,0.1267112789002508,0.04441141030242306,0.2089965023024964
-11.184010508560855,0.03440151584992895,-0.05300282397696591,0.1202105419096104
-11.177633543276672,-0.013611001331879384,-0.10549629331504223,0.07017376288885417
-11.171256577992487,0.015853759483464493,-0.07730311994384464,0.09976714365163847
-11.164879612708303,0.11742397199328247,0.02822984442502043,0.20334997938319496
-11.158502647424118,0.2501537242817747,0.15729962596634967,0.33623878318024447
-11.152125682139934,0.3603418716210033,0.2706475445300909,0.44706862748248744
-11.145748716855751,0.4093961454789934,0.3174790884630516,0.4961172059485344
-11.139371751571566,0.3910932855038647,0.3017557104761825,0.47451838896799386
-11.132994786287382,0.3302452063942898,0.24109529418955078,0.4128917803082848
-11.126617821003197,0.26578626473060574,0.18201286897878202,0.3517715373638061
-11.120240855719013,0.22935827547201557,0.14326945188319093,0.31458616854685617
-11.11386389043483,0.23117546588532614,0.15007989299670738,0.3136914899843318
-11.107486925150646,0.2589453911168494,0.18343382860805363,0.33620060307340077
-11.101109959866461,0.28778909934437097,0.21706511790853977,0.36540218167523575
-11.094732994582277,0.29416783521241835,0.2246880537806567,0.36376943085505353
-11.088356029298092,0.26655990901395704,0.2027702252278112,0.3361093605456076
-11.08197906401391,0.20910725142624217,0.14380964820935077,0.27470540375807206
-11.075602098729725,0.1387679579840454,0.0731063556264944,0.20348555523510797
-11.06922513344554,0.07848232996823462,0.008367257855354023,0.14475682854335636
-11.062848168161356,0.04837416955691111,-0.02942933779695553,0.1265634571821435
-11.056471202877171,0.0572264144377396,-0.028091078429156584,0.1440403742136393
-11.050094237592988,0.0984007028010239,0.010968610669196055,0.19808904793638707
-11.043717272308804,0.15403555299392696,0.06563395053063734,0.25981724872546497
-11.03734030702462,0.20588702111367604,0.11265105272639367,0.31528714202805075
-11.030963341740435,0.2450289016268989,0.1428239432485056,0.3563649352255604
-11.024586376456252,0.2730728816648793,0.16728078392868712,0.378637131461257
-11.018209411172068,0.2950284445400817,0.19180436165251577,0.39696847952935527
-11.011832445887883,0.3109246819691938,0.20648142790418703,0.4183955818154167
-11.005455480603699,0.31327349405315075,0.21056236448459245,0.4183284447191755
-10.999078515319514,0.2916327771668654,0.18717802019326893,0.39365991759843644
-10.992701550035331,0.24026061056660994,0.13812391019298748,0.3403431881523559
-10.986324584751147,0.16389935438263156,0.06125649930106528,0.26759952833770767
-10.979947619466962,0.07870659210028379,-0.01867117620813413,0.17841211633145557
-10.973570654182778,0.007764676427002757,-0.09193281037008945,0.10651792712964238
-10.967193688898593,-0.027103482138168076,-0.13354614925205233,0.0656459089105188
-10.96081672361441,-0.013720154631277223,-0.12328694026200855,0.06913669442067871
-10.954439758330226,0.0451887203514237,-0.05761486342993828,0.13140383358677754
-10.948062793046041,0.13139572787628873,0.036810249651265656,0.2163837679453749
-10.941685827761857,0.21575058293894725,0.13347188265970544,0.304305592883112
-10.935308862477672,0.2682850077556815,0.18597340369879747,0.36797258199277194
-10.92893189719349,0.2717075283755836,0.1745254607185648,0.3742261475981734
-10.922554931909305,0.23137510944000148,0.1225063929195766,0.3477653508488882
-10.91617796662512,0.1738640795415834,0.05986360166107965,0.2955316000143195
-10.909801001340936,0.13320067180769424,0.01732984830674372,0.2554149265130699
-10.903424036056752,0.13314429776023362,0.01479453311180094,0.253234851266595
-10.897047070772569,0.17624362620756556,0.052459739060479994,0.29667613237015283
-10.890670105488384,0.24418124642712086,0.1206889899431397,0.3647630434827201
-10.8842931402042,0.3067682001600789,0.1851479420324734,0.4323674297669414
-10.877916174920015,0.33495308616721553,0.21559924258841587,0.46264805576608015
-10.87153920963583,0.3139836669221037,0.19980536589491593,0.4411969133974383
-10.865162244351648,0.2516940546450472,0.1308000949506749,0.3766261970800407
-10.858785279067463,0.1759291057131829,0.05366174995914695,0.29670455262520007
-10.852408313783279,0.12023230953688337,0.003907771056938945,0.24274456644054818
-10.846031348499094,0.10626903854916689,-0.005274360680543201,0.22723629938981477
-10.83965438321491,0.13476722454570286,0.0379671083179181,0.24179560626941476
-10.833277417930727,0.18912594689108211,0.10797791781236489,0.28375469639211937
-10.826900452646543,0.24573190938231232,0.17018447944281473,0.3249700977250878
-10.820523487362358,0.28325527876824813,0.19674019107633567,0.36708966120931635
-10.814146522078174,0.28874569488950236,0.18369801369356958,0.3835592296380792
-10.807769556793989,0.2617022653333582,0.1418428896109471,0.36526490579357795
-10.801392591509806,0.21498934094765348,0.0962194336110376,0.3245991287144297
-10.795015626225622,0.16968016209729295,0.05216312720097631,0.2897367536524544
-10.788638660941437,0.14458535386920351,0.027129259289744485,0.2677442519197816
-10.782261695657253,0.14661839919533023,0.02439278001278027,0.27445224026179027
-10.775884730373068,0.1685663164133948,0.04123137727800365,0.29741201416172347
-10.769507765088886,0.19536188456918233,0.0609600560964261,0.32735681856166243
-10.763130799804701,0.21371546876250241,0.0787738686318006,0.3483917018072496
-10.756753834520516,0.21813238858379977,0.08862553417460417,0.3528545683336104
-10.750376869236332,0.2099456864750794,0.07851217186546479,0.3388843268395047
-10.743999903952147,0.1918837118760927,0.06865120296016822,0.3163760827241811
-10.737622938667965,0.16399883180158517,0.05498908280422247,0.2835649218854745
-10.73124597338378,0.12470718222328481,0.02019119210902402,0.24603298329495504
-10.724869008099596,0.07529902079135256,-0.027820407571170522,0.1958602638197725
-10.718492042815411,0.022876576375288057,-0.07132199351570784,0.14066421393181286
-10.712115077531227,-0.021542065353498407,-0.12017957069806272,0.08379778997118954
-10.705738112247044,-0.0482023358503674,-0.15340174702829992,0.05541430699656968
-10.69936114696286,-0.05266317731019251,-0.16927164340513798,0.056662719433834614
-10.692984181678675,-0.03594471514388303,-0.1690655702921246,0.09144016310993676
-10.68660721639449,-0.0019429220873387189,-0.13878222950256056,0.14111757423854687
-10.680230251110306,0.044714000767508345,-0.09745632484544467,0.2019781900568288
-10.673853285826123,0.09877640734043239,-0.049487349890516195,0.2648681351741349
-10.667476320541939,0.15362535979968744,-0.004652219240005452,0.31576708530692854
-10.661099355257754,0.20156491600559193,0.04566808638461511,0.3602037712144687
-10.65472238997357,0.2354831134921309,0.08082599633795892,0.39696692136518646
-10.648345424689385,0.2506613019594097,0.10253002161646901,0.40142998777777505
-10.641968459405202,0.24554258410168583,0.11332363349339493,0.3832891328055034
-10.635591494121018,0.221352175250314,0.10164770630000618,0.355760744305396
-10.629214528836833,0.18150903600548332,0.07788221817017893,0.2999036405029403
-10.622837563552649,0.13208616897525327,0.035604940883436305,0.24388916001469854
-10.616460598268464,0.08344230791281698,-0.015377322168463707,0.19051371047591611
-10.610083632984281,0.05067949178055471,-0.06672367750171561,0.15495920843016633
-10.603706667700097,0.04933969596373435,-0.08412291400535846,0.16964555021742922
-10.597329702415912,0.08584934128590685,-0.05843999478479693,0.22744218826488558
-10.590952737131728,0.14848595770131615,-0.004991611264221979,0.29768582060322024
-10.584575771847545,0.20779396724153387,0.047561873854546785,0.36488811796958254
-10.57819880656336,0.23025198602302366,0.06859493187613376,0.3848279085639653
-10.571821841279176,0.19825798496363575,0.04205542475236009,0.3450582708326136
-10.565444875994991,0.12254411865104274,-0.03478408011074143,0.2656338496962072
-10.559067910710807,0.03725344485060834,-0.10634225549183339,0.17365366429758314
-10.552690945426624,-0.019563878777401057,-0.15189906765040023,0.09849118091706713
-10.54631398014244,-0.02707422499359688,-0.14295158955414553,0.08644546799541224
-10.539937014858255,0.008316223791561638,-0.08769622821165912,0.10792988981399944
-10.53356004957407,0.05817815020882951,-0.0356991213407323,0.15877155987617808
-10.527183084289886,0.08788036709912568,-0.02061390608332354,0.209327401128015
-10.520806119005703,0.07433116165933505,-0.047154964416896795,0.2112019295271144
-10.514429153721519,0.017212991229189675,-0.12240472121894114,0.1671073554042945
-10.508052188437334,-0.061417555939222254,-0.20789395592273532,0.09450348496099416
-10.50167522315315,-0.12855590568404732,-0.2900098611066076,0.03161860149678695
-10.495298257868965,-0.15637649134897547,-0.3268915227449087,0.006052193788627069
-10.488921292584783,-0.13480737520535918,-0.30704029137959604,0.039458328307136525
-10.482544327300598,-0.07511775484799325,-0.23898311287660673,0.09405278345796732
-10.476167362016414,-0.003852618988878212,-0.15218689960299012,0.15239748076034343
-10.469790396732229,0.04968323895255852,-0.07659728411694555,0.19260611524264903
-10.463413431448044,0.06678018944414754,-0.051233265992688334,0.20212873639290135
-10.457036466163862,0.047112460845814975,-0.07609477472278493,0.19328030152330242
-10.450659500879677,0.006749608217595824,-0.1242533352670468,0.1495315451660751
-10.444282535595493,-0.032363278208138335,-0.17910629746576592,0.12066528704961443
-10.437905570311308,-0.05478306275647579,-0.22474057406264097,0.11236752284610155
-10.431528605027124,-0.05819053489045092,-0.24671382421956067,0.12973559564227577
-10.425151639742941,-0.05102423184436877,-0.2612743127873409,0.1447927648993627
-10.418774674458756,-0.044026082379244914,-0.27371458041759583,0.1651897308860781
-10.412397709174572,-0.042182050712048086,-0.269638919188211,0.17018779378610852
-10.406020743890387,-0.042592106502182536,-0.25827658632813894,0.171132879258611
-10.399643778606205,-0.03907994595642322,-0.2368821123151595,0.16492065183270319
-10.39326681332202,-0.029019382778977185,-0.20573494847604115,0.1523941429328495
-10.386889848037836,-0.016232236478334255,-0.19858589896046894,0.1570045417088623
-10.380512882753651,-0.007718382186852721,-0.20175564264718626,0.157117936779057
-10.374135917469467,-0.007791743767348548,-0.2178420550893403,0.16749995910599166
-10.367758952185284,-0.014950885753703028,-0.2420931997728219,0.17815642780817606
-10.3613819869011,-0.02319344772837188,-0.27369695286584483,0.19005449379272432
-10.355005021616915,-0.025444315440849484,-0.2645996597399334,0.20692661022037928
-10.34862805633273,-0.016740207322424986,-0.2612567722288776,0.21908305744197323
-10.342251091048546,0.003083916527652121,-0.23885767480169595,0.25107841693543315
-10.335874125764363,0.027631236057215514,-0.20076937757280633,0.2647629484024234
-10.329497160480178,0.045430043945749614,-0.15839166604168037,0.25478972390304455
-10.323120195195994,0.04596154565126799,-0.1441563435166691,0.22903750628133326
-10.31674322991181,0.02687979441399031,-0.13300405760487247,0.19088224543547994
-10.310366264627625,-0.003456018803881306,-0.16089779279291222,0.15983679743014853
-10.303989299343442,-0.03040131950012037,-0.20635363424875863,0.15052837680350728
-10.297612334059258,-0.040818526974368545,-0.23716027268896317,0.15336938372006945
-10.291235368775073,-0.029035633483797993,-0.24102517160596817,0.1830436709502004
-10.284858403490889,0.0013362998876787402,-0.22957092238158244,0.23012645546180918
-10.278481438206704,0.03927125160945703,-0.1922320696935957,0.27808400404741807
-10.272104472922521,0.07085097017704593,-0.1543490792546808,0.3087963990524583
-10.265727507638337,0.08504834616143928,-0.13672261244136408,0.30797925912760404
-10.259350542354152,0.0783300228595962,-0.1323554718911201,0.28150414774623517
-10.252973577069968,0.05570599830029501,-0.13448017697699308,0.24690179526279374
-10.246596611785783,0.027871113115330113,-0.14923093908710203,0.22270060320962384
-10.2402196465016,0.006313320204140056,-0.17547253757622175,0.19534334771511425
-10.233842681217416,-0.001043951854607148,-0.19409350113070084,0.20413158109004145
-10.227465715933231,0.008060336110831106,-0.2074305503295492,0.21716513703153933
-10.221088750649047,0.030670389718355257,-0.18174536366229568,0.25610209644283843
-10.214711785364862,0.06072569094822598,-0.15240357539066937,0.29893391560992877
-10.20833482008068,0.09153175401612455,-0.11281483366899886,0.3278502958442306
-10.201957854796495,0.1174125911434576,-0.08150592164886811,0.3250273246200675
-10.19558088951231,0.1339370835787213,-0.04638207091107808,0.3191995680629647
-10.189203924228126,0.13742809726728694,-0.019205933470638804,0.30240214368962093
-10.182826958943942,0.12568287993822969,-0.025199995127391496,0.27681446500170986
-10.176449993659759,0.10055801274279022,-0.06638818547106234,0.2521990149636472
-10.170073028375574,0.06942884074720801,-0.12290403518830786,0.2416006155384788
-10.16369606309139,0.04160875349345304,-0.16540486687435252,0.23755680607162644
-10.157319097807205,0.021124342695298642,-0.1991988816323199,0.23356657035844652
-10.15094213252302,0.0031818502757716624,-0.21603053306759162,0.2164210883322859
-10.144565167238838,-0.020823500767837254,-0.2350550192990179,0.18747076768987042
-10.138188201954653,-0.054561519803423955,-0.2643017531371248,0.16086884859043588
-10.131811236670469,-0.09370672059735241,-0.28810625170373044,0.10611164310982664
-10.125434271386284,-0.13073567165223246,-0.2981892242724974,0.04547892136491864
-10.1190573061021,-0.15983836102874738,-0.3284888955306702,0.015079942078726653
-10.112680340817917,-0.17515608072452032,-0.35386488283525563,-0.004577395145663121
-10.106303375533733,-0.1664560919136588,-0.3553684868188915,0.014755789722050779
-10.099926410249548,-0.12213009246551045,-0.33495940310322936,0.09037202835429022
-10.093549444965364,-0.04080697856945638,-0.2683279367924078,0.18617582003347055
-10.087172479681179,0.06025080398913517,-0.16910149228094118,0.29085199581603177
-10.080795514396996,0.15199602642806148,-0.07367852208333832,0.3738551841923576
-10.074418549112812,0.21241197155778546,0.001837441068206977,0.408490441248374
-10.068041583828627,0.2402113920811734,0.056337483844144165,0.40881639182242796
-10.061664618544443,0.2505442961114822,0.09458196196017701,0.39935999480821416
-10.055287653260258,0.25785544090037854,0.122731882137911,0.4053169951456997
-10.048910687976075,0.2630188781827058,0.12127522062923833,0.4178194756720615
-10.042533722691891,0.25580397626212703,0.0983463108975506,0.4266483593574953
-10.036156757407706,0.22780278187800468,0.052356844389835136,0.4127338183557558
-10.029779792123522,0.18209153147650056,-0.006590804870774462,0.38072959732906203
-10.023402826839337,0.1311474931733125,-0.05679822740250799,0.34390098334002883
-10.017025861555155,0.08642655637676216,-0.08293705953569391,0.29944094858450354
-10.01064889627097,0.04982003155810031,-0.11518916426395609,0.24382939143226967
-10.004271930986786,0.014269996345845373,-0.1418527429545584,0.1816573392502866
-9.997894965702601,-0.027545978167604644,-0.17524205972024318,0.11861077729327191
-9.991518000418417,-0.07401296011299777,-0.21729978530920366,0.06112069956830038
-9.985141035134234,-0.11275728417277335,-0.25383432996750643,0.020522888539881694
-9.97876406985005,-0.12860039554053201,-0.2696293461174369,0.009277157933169437
-9.972387104565865,-0.11576699981928512,-0.25684283080614095,0.03731589685862163
-9.96601013928168,-0.08415869833621197,-0.24323652571869003,0.08309027195790636
-9.959633173997496,-0.053172515664879925,-0.2352275177801767,0.11934123001779973
-9.953256208713313,-0.03717607614630893,-0.22209613563798594,0.13711887074875362
-9.946879243429128,-0.03488051353925607,-0.19985568782710642,0.12587800573900854
-9.940502278144944,-0.031726336231407505,-0.1821967417873242,0.10930452220662569
-9.93412531286076,-0.012582896050900282,-0.14854626328961906,0.11742479700079234
-9.927748347576575,0.026519006223302388,-0.09479354711686101,0.15264868360582934
-9.921371382292392,0.07627990936839465,-0.03128262428284148,0.19570504680966597
-9.914994417008208,0.12073409670293782,-0.002218000047607246,0.23608198328752253
-9.908617451724023,0.1454487842366963,-0.00044282198749704684,0.27601025378774524
-9.902240486439839,0.14209042156463692,-0.013770142355321898,0.29567153094771376
-9.895863521155654,0.10965294835309337,-0.05253395681727618,0.28033025405151996
-9.889486555871471,0.05494893642583123,-0.11351054212815911,0.22924996198650102
-9.883109590587287,-0.00745864491219764,-0.17091216047253002,0.16901087820195113
-9.876732625303102,-0.058410599194448055,-0.21955822800943994,0.11465682990427828
-9.870355660018918,-0.08150102677903374,-0.22186655927446755,0.08240071401755869
-9.863978694734733,-0.07126944538923873,-0.1916813353075708,0.07377292906605985
-9.85760172945055,-0.03660399024954236,-0.14915633854003685,0.09636639474514619
-9.851224764166366,0.0034452673640334606,-0.10476161376003588,0.1269817057057712
-9.844847798882181,0.029104095015997287,-0.08328691734558857,0.15546006470402937
-9.838470833597997,0.02939830193992747,-0.09280190231914197,0.16918993484507683
-9.832093868313814,0.007193371345199038,-0.12192597149504181,0.16695448643476665
-9.82571690302963,-0.02267232397750906,-0.16326585283375797,0.14608668672936945
-9.819339937745445,-0.04177040704301014,-0.18431210910540813,0.12836460844927924
-9.81296297246126,-0.038972314993774015,-0.17725189764492513,0.13241440070304333
-9.806586007177076,-0.017269534625800536,-0.1573488559118849,0.14161884128561464
-9.800209041892893,0.00837979505881039,-0.12741918387199605,0.15442393624003703
-9.793832076608709,0.021134610632446853,-0.10679411903596649,0.1491451624140599
-9.787455111324524,0.01344890582994916,-0.10923750605445501,0.1313371075926543
-9.78107814604034,-0.008398388215306843,-0.1210508071004205,0.10827413464403157
-9.774701180756155,-0.029444390052547904,-0.13535483537845974,0.08451219263411065
-9.768324215471972,-0.03697546786041585,-0.14218355753677073,0.07240856239480897
-9.761947250187788,-0.029206516583431142,-0.15065528595152794,0.08544012581000086
-9.755570284903603,-0.015419578220723568,-0.147941789715819,0.10987677923989407
-9.749193319619419,-0.00792258718870667,-0.15180638245660524,0.1270942024520525
-9.742816354335234,-0.012480679707200395,-0.15960367024174127,0.12940244020798689
-9.736439389051052,-0.02448704792364758,-0.1714551166735924,0.11545742636748313
-9.730062423766867,-0.032905870424199755,-0.1715887624476109,0.10648339619533967
-9.723685458482683,-0.028114159799822222,-0.15274678108428924,0.10073446842878864
-9.717308493198498,-0.008046005323432713,-0.12612304112076597,0.10991239068979747
-9.710931527914314,0.02057195287096471,-0.08642080295906894,0.12951224570224257
-9.70455456263013,0.04586017695050381,-0.043795634475795625,0.14861057855515852
-9.698177597345946,0.05716800481915377,-0.03385855029084341,0.1637215836750764
-9.691800632061762,0.050970724581303424,-0.045914017994693086,0.16532553568358718
-9.685423666777577,0.03293591061410056,-0.0747628366604933,0.15083921732102976
-9.679046701493395,0.014525588251638731,-0.09913764262069191,0.136082008645717
-9.67266973620921,0.00594035583706196,-0.11166406129852416,0.13724186756563717
-9.666292770925025,0.010075059995175302,-0.10791213673164682,0.13797929208024887
-9.659915805640841,0.0217067649338175,-0.09144953693419526,0.142342876327099
-9.653538840356656,0.03223716733348256,-0.07174326191162812,0.15461942073034693
-9.647161875072474,0.03607901222332059,-0.06454640631962089,0.15128757770334916
-9.64078490978829,0.033802667907890424,-0.060540221314340385,0.14279858247583396
-9.634407944504105,0.030161634476993462,-0.06098583966368723,0.13198395800598564
-9.62803097921992,0.02935712509914736,-0.060551576845405554,0.12704870147087033
-9.621654013935736,0.0317205709444575,-0.05834264357077446,0.12446609777932396
-9.615277048651553,0.034048199833875185,-0.05545479719052985,0.1320399200212676
-9.608900083367368,0.03228940694476507,-0.06042902337956235,0.12980296858025073
-9.602523118083184,0.023745711747656113,-0.0761659298193028,0.12441895701872155
-9.596146152799,0.007594566755810826,-0.09010731265882753,0.11442058907507581
-9.589769187514815,-0.015072593567220542,-0.11749010735118792,0.09418473131190892
-9.583392222230632,-0.040514721544142394,-0.1386272539537052,0.06691883385230217
-9.577015256946448,-0.06188494059898799,-0.1652494154436054,0.044113412861589076
-9.570638291662263,-0.07111773335649293,-0.17124048211368811,0.029953317985590932
-9.564261326378078,-0.06324351762784122,-0.16257063737606256,0.031108613840777843
-9.557884361093894,-0.04012111534270218,-0.13999850692776597,0.048823526868992356
-9.551507395809711,-0.010108714608543208,-0.10246708816100823,0.07131360875552098
-9.545130430525527,0.01657373819597335,-0.06830654873153308,0.10136684257092357
-9.538753465241342,0.033217180831696703,-0.051088410048089915,0.11911144026932986
-9.532376499957158,0.03873394353057275,-0.04104038458739328,0.13608640329785496
-9.525999534672973,0.03582382251179325,-0.04579225895329638,0.1349392145243269
-9.51962256938879,0.027928345336543675,-0.0615927913135795,0.12825104483905575
-9.513245604104606,0.017869581504564434,-0.07478583651473375,0.11607954161760474
-9.506868638820421,0.00849338648688081,-0.0887400698780451,0.11010379603165145
-9.500491673536237,0.0034850491499764692,-0.09193462220858711,0.10471721667666103
-9.494114708252052,0.006756095977792023,-0.08554729988384524,0.11036448065278859
-9.48773774296787,0.020497265857237063,-0.06835513786181999,0.12007277695787726
-9.481360777683685,0.043195708391972044,-0.04252774344087198,0.13687951337747403
-9.4749838123995,0.068951260762721,-0.0077083805855530756,0.15560631951890214
-9.468606847115316,0.08888945785080613,0.02218940526403664,0.17017189682832776
-9.462229881831131,0.09467731689296867,0.029853594579384878,0.17241128434317377
-9.455852916546949,0.08285723800505702,0.011175878439794076,0.1567660224212943
-9.449475951262764,0.057434283451937525,-0.0230937812168372,0.12596183444084363
-9.44309898597858,0.028470939895658652,-0.054949180764898596,0.09216285742966955
-9.436722020694395,0.007038086223369369,-0.07891643248681145,0.0721578071995156
-9.43034505541021,-0.00020129234495947385,-0.08419431093277953,0.06750030322768572
-9.423968090126028,0.006791936996724293,-0.07382730120430667,0.07652185840721283
-9.417591124841843,0.023135480671866705,-0.05951082782223016,0.09947535092978894
-9.411214159557659,0.042235310224423665,-0.03960839463242824,0.11762551506429475
-9.404837194273474,0.05776877412350711,-0.01985196048712164,0.13126911634115065
-9.39846022898929,0.06409089809203439,-0.009973025575004334,0.13420175891516734
-9.392083263705107,0.05685237746572453,-0.012571188456129046,0.12338832602886739
-9.385706298420923,0.035119919152068226,-0.03510482513354665,0.09741961693732881
-9.379329333136738,0.0038128055212940694,-0.06058916707944488,0.06482356274623866
-9.372952367852553,-0.026368465448184837,-0.08740235413142833,0.030772986750202683
-9.366575402568369,-0.04313447093457098,-0.09854139315287261,0.012931086953621294
-9.360198437284186,-0.03922053600948397,-0.09259810214232274,0.014308559930031325
-9.353821472000002,-0.017103416234820066,-0.06971629098656063,0.041875587070917736
-9.347444506715817,0.011971167721135264,-0.045216685509556584,0.07731153448568738
-9.341067541431633,0.03468176012596599,-0.027233387529275035,0.10329356242961714
-9.334690576147448,0.043687376634753916,-0.023563952457157287,0.11682449448748118
-9.328313610863265,0.041284979782185316,-0.03080537719338189,0.11250230420246238
-9.32193664557908,0.036111475926124015,-0.03715590405817584,0.11331157488719762
-9.315559680294896,0.035800537943571235,-0.03883825744674703,0.11353708176431047
-9.309182715010712,0.04151906256524796,-0.02769949610256692,0.11608725890195669
-9.302805749726527,0.04822065828923188,-0.017469833394680865,0.11869660401968622
-9.296428784442345,0.04941509685833094,-0.015507024301900652,0.11332467794905166
-9.29005181915816,0.04199456271149868,-0.018174781517962084,0.10098747562519268
-9.283674853873976,0.027689397727647353,-0.026069760557843324,0.07750635500505428
-9.277297888589791,0.011221188641513948,-0.037404264936104444,0.05637465323346804
-9.270920923305606,-0.0024989604972406204,-0.0461236226663181,0.03856951211748257
-9.264543958021424,-0.010299076464058629,-0.04970850011167621,0.03050825261551994
-9.25816699273724,-0.011630285497082943,-0.053229525381098014,0.030842876131168755
-9.251790027453055,-0.008701963746223222,-0.054445986042357945,0.03800746027259924
-9.24541306216887,-0.0054890099994648655,-0.05423923612124687,0.0441042124122921
-9.239036096884686,-0.005376544088909291,-0.059229646305691,0.04645435989285294
-9.232659131600503,-0.008739766607335187,-0.062244729964720164,0.04639363189713838
-9.226282166316318,-0.012615171715870744,-0.06411170582876467,0.04174357823150363
-9.219905201032134,-0.013066603218431923,-0.0633390820006346,0.040481527659614026
-9.21352823574795,-0.008305252629837398,-0.05916327904662259,0.043985809875958716
-9.207151270463765,1.2453244596822926e-05,-0.053452981078310424,0.04869006945460128
-9.200774305179582,0.008041301495974873,-0.046800795256902505,0.054808510849023835
-9.194397339895398,0.012205916900224139,-0.04029247144199471,0.05963936340567473
-9.188020374611213,0.011088661801991037,-0.0365141354864009,0.06158532285045438
-9.181643409327028,0.00584398690907826,-0.04106262602557664,0.05596843593965607
-9.175266444042844,-0.0008116733990563851,-0.04568446671943131,0.04554278216143076
-9.168889478758661,-0.0063041763087637245,-0.047500489763571824,0.03716632587117083
-9.162512513474477,-0.009475758022746238,-0.04792772042966345,0.03267951248760844
-9.156135548190292,-0.010642869794266041,-0.04856896099318307,0.028060078959814317
-9.149758582906108,-0.010709480204402126,-0.052381265783232545,0.03115221532523772
-9.143381617621923,-0.010293754732825787,-0.05321222810355401,0.03046159040843361
-9.13700465233774,-0.009384233430702528,-0.05335811446187527,0.030347659458846137
-9.130627687053556,-0.0072954374762383666,-0.050040846071906626,0.03153270992083174
-9.124250721769371,-0.0027726607878565423,-0.045134649408581605,0.03975807874762603
-9.117873756485187,0.005390057082790575,-0.03976628915094942,0.04788352053719699
-9.111496791201002,0.017119513035534002,-0.02573371155170982,0.06241815776888038
-9.10511982591682,0.030087423380680697,-0.012531778798202414,0.0715162087759142
-9.098742860632635,0.04012627757978027,-0.001429952737523901,0.08115867951840233
-9.09236589534845,0.04314402501841395,0.0020723816891638435,0.08532293289864086
-9.085988930064268,0.03738901524188974,-0.0018345865968860916,0.08125524160404002
-9.079611964780081,0.02464655451915225,-0.015604860688919283,0.06667421686985919
-9.073234999495899,0.009636952087845384,-0.03254727247607765,0.053809072424741096
-9.066858034211714,-0.0021534408912252563,-0.043795909421835644,0.040477849864551725
-9.06048106892753,-0.0071289934161970795,-0.04587896622912769,0.032918853180586634
-9.054104103643347,-0.005208923381715797,-0.0450784490518051,0.03453398751381216
-9.04772713835916,0.0006345022264318872,-0.039656595083799095,0.04319244363364428
-9.041350173074978,0.006588272767395004,-0.03258301709965401,0.044328506148202336
-9.034973207790793,0.01033377556897905,-0.023007845283129637,0.04855089179374255
-9.028596242506609,0.011857637439838026,-0.021764917985142906,0.048541077792016475
-9.022219277222426,0.012387292179294004,-0.02063193952915801,0.05055642778576412
-9.015842311938242,0.012585332073333903,-0.01846243972161867,0.04792075199592408
-9.009465346654057,0.011623728773482755,-0.021750436018242007,0.04538678523411971
-9.003088381369873,0.00793848622244198,-0.024586088526616902,0.041623353004921204
-8.996711416085688,0.001021031080747448,-0.0308898618206462,0.035605539467736314
-8.990334450801505,-0.007320641953553776,-0.03778506223625879,0.024860066085595028
-8.98395748551732,-0.013447566233991175,-0.04536441351581993,0.017871002041586502
-8.977580520233136,-0.013972719847282083,-0.04512233913768906,0.017720215431442234
-8.971203554948952,-0.007980387348414594,-0.03863203881900807,0.02368837851524834
-8.964826589664767,0.0023059325886205027,-0.030619195618057888,0.034097271689352976
-8.958449624380584,0.013000856941064074,-0.019021217128142552,0.05016852298970016
-8.9520726590964,0.021117795649950723,-0.013129391964668731,0.058407883149232856
-8.945695693812215,0.026240656743079745,-0.007580480185606553,0.06261400090460834
-8.939318728528031,0.03001399752060157,-0.0034989328960718037,0.06599972339625841
-8.932941763243846,0.03395844562907416,0.0018787758045701887,0.06971114468423587
-8.926564797959664,0.03752581447277894,0.006208783982736823,0.07038771412286768
-8.920187832675479,0.038091702072824,0.007451741312185685,0.06849726964759194
-8.913810867391295,0.032911221296890815,0.0030386550321222982,0.06080071612816255
-8.90743390210711,0.021392055976869117,-0.010093417968163175,0.04988452004221215
-8.901056936822926,0.005843469005195904,-0.02407427618789855,0.03487471657738147
-8.894679971538743,-0.009735423823820286,-0.039304797128004214,0.020542078876328473
-8.888303006254558,-0.02164522460208731,-0.050532468568394835,0.005698908619273637
-8.881926040970374,-0.02774460596493179,-0.0565130386665254,-0.00223617781064063
-8.87554907568619,-0.02751972004888899,-0.0539691942925473,-0.002993166821467507
-8.869172110402005,-0.02163965721257154,-0.04867518126741984,0.0038564031332018163
-8.862795145117822,-0.011749974423429453,-0.03791786975015831,0.015414407721537071
-8.856418179833637,-0.000474450853672968,-0.02763491742561808,0.026522837851697813
-8.850041214549453,0.008960393085612882,-0.017511287772769963,0.036682296113122854
-8.843664249265268,0.013757090630249703,-0.014623507425496163,0.040504554055830165
-8.837287283981084,0.01278923962372193,-0.01605646172829767,0.04038293515994019
-8.830910318696901,0.007297541267682392,-0.02135264520174331,0.034201552267585415
-8.824533353412717,0.0005852123363440999,-0.027425841012283483,0.029005751722853843
-8.818156388128532,-0.003288780783572953,-0.03291201377210488,0.024328547128117134
-8.811779422844348,-0.0014669813105307624,-0.031724027073299764,0.02477344566172014
-8.805402457560163,0.005910857906822374,-0.02216381428287474,0.03528690403104407
-8.79902549227598,0.015304041034255969,-0.01297094973737072,0.04350834167116838
-8.792648526991796,0.021554753283953055,-0.007392973826125239,0.05057910157564212
-8.786271561707611,0.021079351920288127,-0.007874571386991694,0.04737573213162329
-8.779894596423427,0.014225015056799767,-0.014814161721918477,0.04118613405935194
-8.773517631139242,0.004908569884921775,-0.022489744912009106,0.029820792602742605
-8.76714066585506,-0.002156460627974665,-0.030479855947483106,0.021443809490758282
-8.760763700570875,-0.004348608135248365,-0.03169953823128799,0.018326605163641485
-8.75438673528669,-0.001990963902513627,-0.026068650342651618,0.024228074036681382
-8.748009770002506,0.0029591888285864227,-0.021588175834738824,0.029791599488585712
-8.741632804718321,0.00868906688575844,-0.016278406363990507,0.03726846597422762
-8.735255839434139,0.014142667447367129,-0.012231217463779333,0.042885038443254746
-8.728878874149954,0.018422758079582893,-0.008832007159912388,0.04375288207764435
-8.72250190886577,0.020244863273629236,-0.005321929433643509,0.04483767273165084
-8.716124943581585,0.018419592966104098,-0.00582506563873199,0.041762483059243995
-8.7097479782974,0.012967020348503397,-0.01144407487882233,0.03736227721453277
-8.703371013013218,0.005635794672681775,-0.018734006872074584,0.02780200736267646
-8.696994047729033,-0.0008154412548859092,-0.023080202414891837,0.021796049475304356
-8.690617082444849,-0.004007677368108462,-0.028713117799554162,0.018319586024193934
-8.684240117160664,-0.0029744055110845296,-0.027664751471078657,0.018549290767660456
-8.67786315187648,0.001620196341852191,-0.022542368552553732,0.02240072261827628
-8.671486186592297,0.007868704350423793,-0.015130775989632413,0.02859450388118759
-8.665109221308112,0.013349895096016884,-0.009558071789065953,0.03531610990501177
-8.658732256023928,0.01609619356064951,-0.006590601586634986,0.03873989468550639
-8.652355290739743,0.015461828384682588,-0.008682239705327884,0.0384394814945481
-8.645978325455559,0.012265128453815752,-0.013606380313141675,0.03507734037194092
-8.639601360171376,0.007995894953228779,-0.015667582455616447,0.031005023623220888
-8.633224394887192,0.003786791030662385,-0.017793615034700602,0.02515098583944876
-8.626847429603007,9.490017655281604e-05,-0.021284931739130517,0.021086908277099657
-8.620470464318823,-0.0028274849021947424,-0.02347162831067363,0.018336268944274557
-8.614093499034638,-0.004528040572453589,-0.02444494939821036,0.016145993292576506
-8.607716533750455,-0.004664134121049307,-0.025455651441808273,0.016352669912789244
-8.60133956846627,-0.0036137742780984385,-0.02404219966402466,0.017110903133148656
-8.594962603182086,-0.0024734919991531703,-0.023209449026499483,0.020173612772992212
-8.588585637897902,-0.002247235782919477,-0.02407736000100494,0.019616174266974214
-8.582208672613717,-0.0030319404382761154,-0.023386543091090388,0.017022192986217696
-8.575831707329534,-0.004037215494754901,-0.02372100973425389,0.016110791415692445
-8.56945474204535,-0.00435827668502115,-0.024733314154453165,0.014280679910307069
-8.563077776761165,-0.003688060800917766,-0.023392717639018835,0.015347473948076973
-8.556700811476981,-0.0023678353794218034,-0.021880027588121995,0.01730609659718169
-8.550323846192796,-0.0009265535063126485,-0.021739965688539347,0.020809071903227176
-8.543946880908614,0.00033094289044062274,-0.020308497514708843,0.020884000263407813
-8.53756991562443,0.0013618838256088666,-0.019227719370501828,0.023079847161747075
-8.531192950340245,0.0021896987275870704,-0.016282196258035817,0.023245614061261764
-8.52481598505606,0.0028011966846238634,-0.01521563789015583,0.02045990870829212
-8.518439019771876,0.00327270583986941,-0.014285137728743316,0.02102565097469186
-8.512062054487693,0.0039604408408412456,-0.013913604717019967,0.021945569218588937
-8.505685089203508,0.0054866460584903475,-0.013998650310874793,0.025001833852971358
-8.499308123919324,0.008422876216190875,-0.011928306706383375,0.028611182342610605
-8.49293115863514,0.012831426013133399,-0.007325967150530861,0.03342939179419134
-8.486554193350955,0.017952429105368976,0.00020583439345162825,0.03670148384780026
-8.480177228066772,0.022279075395480182,0.004431611832153924,0.040268458260453666
-8.473800262782587,0.02411802036273228,0.007167159799064455,0.043019823500999144
-8.467423297498403,0.02247683237696248,0.00543263418812209,0.04110078332582907
-8.461046332214218,0.01779088037331098,0.00019300644887376974,0.035291346913744456
-8.454669366930034,0.011905538019522287,-0.0071451288742405295,0.029656915337623414
-8.448292401645851,0.007157663756882184,-0.01053352786380491,0.025371320763022773
-8.441915436361667,0.0050925629526991836,-0.012048064981549922,0.023980799723216883
-8.435538471077482,0.005649187453989146,-0.011805771158341975,0.023157323130612868
-8.429161505793298,0.007275164733885785,-0.008596096522130597,0.024947505805957157
-8.422784540509113,0.007804700871715507,-0.00809836163952018,0.025244002171237585
-8.41640757522493,0.005572040695253503,-0.01104656130505469,0.020996568345065445
-8.410030609940746,0.0002478859785845364,-0.01628543563264896,0.016562222491681173
-8.403653644656561,-0.006921077765740396,-0.023541884014600074,0.00881259338341018
-8.397276679372379,-0.01356901932240876,-0.02920482459365233,0.002020701121632236
-8.390899714088192,-0.017226712338505784,-0.03253810765995533,-0.0031064489375724363
-8.38452274880401,-0.01649662529901354,-0.033187340742289975,-0.0027849506226371727
-8.378145783519825,-0.011798558731203081,-0.028244183320439004,0.0031832321811356497
-8.37176881823564,-0.005189980653814842,-0.020962401453845998,0.010544185533793885
-8.365391852951458,0.0007440014641888633,-0.01467535639216235,0.01819585851416938
-8.359014887667271,0.0042848366491691475,-0.010826705396335795,0.020676393431201028
-8.352637922383089,0.005331036780559038,-0.009819797292731807,0.022081389851235745
-8.346260957098904,0.00501736584346659,-0.009839660153674733,0.021501484438479587
-8.33988399181472,0.004602651109871991,-0.012054237339935176,0.02005014291337945
-8.333507026530537,0.004579836590819639,-0.012384954960759842,0.02134008368152646
-8.32713006124635,0.004638416285986259,-0.01249854351170276,0.021816828457262502
-8.320753095962168,0.004255111921437471,-0.01132378090546669,0.021919124770234534
-8.314376130677983,0.0032209484730359368,-0.01090615560860768,0.01880651837920807
-8.307999165393799,0.0017435833160040944,-0.012031348288332586,0.01601299370732002
-8.301622200109616,0.0003257401258992301,-0.014706849910146492,0.014211430498357503
-8.295245234825432,-0.00032150532485690736,-0.016042474348842244,0.013453019856143196
-8.288868269541247,0.0005569895745358098,-0.013604986719302867,0.014730398712037985
-8.282491304257062,0.003291911083600858,-0.011112243359266371,0.017678932471132426
-8.276114338972878,0.007207292169830179,-0.0056865624379408815,0.02250238678375506
-8.269737373688695,0.010527556259919999,-0.0024311449927291438,0.025285278823459722
-8.26336040840451,0.01115049786801867,-0.0018109667037829202,0.026602472021441156
-8.256983443120326,0.007905692886392009,-0.00597598963844097,0.022760443398894544
-8.250606477836142,0.0013911512483042636,-0.013295254095799547,0.015995739035747032
-8.244229512551957,-0.0062519120482684935,-0.02119532136558692,0.007272535303831187
-8.237852547267774,-0.01243879769801348,-0.025599982957710186,0.0009213540686183435
-8.23147558198359,-0.015306206783225853,-0.028176026470367203,-0.001526754079391336
-8.225098616699405,-0.014245782647833978,-0.027019565480095386,-0.00023214339474759445
-8.21872165141522,-0.009755836352604491,-0.02325310004236625,0.0039956411941825505
-8.212344686131036,-0.003049818195005742,-0.01712712038612566,0.010778175219639316
-8.205967720846854,0.004242113176818125,-0.009512022133238322,0.018096809766151155
-8.199590755562669,0.010358129930422292,-0.00438278445506668,0.023773958850934845
-8.193213790278485,0.013883845123740645,-0.0005946647391311739,0.02830735125624718
-8.1868368249943,0.014316774425931789,0.0003749481499116257,0.028528445108409427
-8.180459859710115,0.012306574621300343,-0.000671899768954156,0.02608776523048312
-8.174082894425933,0.009317825395318948,-0.0038825714559025826,0.022224530032861484
-8.167705929141748,0.006924653730670829,-0.005905006782832263,0.01953716709976665
-8.161328963857564,0.006188233967223136,-0.006121446920583819,0.018813140800981596
-8.15495199857338,0.007368890029800284,-0.0042133474921153035,0.020835385042541482
-8.148575033289195,0.009913195601672089,-0.001701227596829944,0.024665096231193742
-8.142198068005012,0.012617645209044376,0.00032430076205569456,0.026757745015578593
-8.135821102720827,0.014017267856974576,0.0016747905654815808,0.02612546080003383
-8.129444137436643,0.013007307787283874,0.0001839424638528548,0.024842443241728133
-8.123067172152458,0.009428218772285127,-0.0029372609967478775,0.021432155264291864
-8.116690206868274,0.004208082459061937,-0.007880052521024715,0.01651524850939631
-8.110313241584091,-0.0010805980182780953,-0.012259505050874961,0.010878646579593858
-8.103936276299907,-0.004971051531330747,-0.017057042619711547,0.006697495256079078
-8.097559311015722,-0.006709702256688912,-0.018872001871152275,0.0035010815578769734
-8.091182345731537,-0.006434544192914501,-0.018291008997327912,0.0035950533980838926
-8.084805380447353,-0.0049066044903345995,-0.01670691520018305,0.006403853959526059
-8.07842841516317,-0.0029696693740471113,-0.01483583028609376,0.008636948137391255
-8.072051449878986,-0.0010283192921405914,-0.013146872985908652,0.010993192682086553
-8.065674484594801,0.0011295945865579622,-0.010343842312926708,0.013477715256597071
-8.059297519310617,0.003982161135126208,-0.006904480396953384,0.01595996737094837
-8.052920554026432,0.007570656836690633,-0.003159043576353135,0.018772396227811232
-8.04654358874225,0.01098672113544216,-0.00018865995777545284,0.02241922074644156
-8.040166623458065,0.012587550966760922,0.0012225924473690327,0.02348250919515706
-8.03378965817388,0.01096095501439873,-0.00025653371137130147,0.0218414987246977
-8.027412692889696,0.006004499177674555,-0.004807455303404471,0.017363708033352326
-8.021035727605511,-0.000705468277631226,-0.011925297179457154,0.0099242100006048
-8.014658762321329,-0.006583050988724213,-0.017228525768811814,0.004545747591322726
-8.008281797037144,-0.009316715163808456,-0.02126194369628977,0.0019439075057414372
-8.00190483175296,-0.007962539435248711,-0.01889594672085015,0.0021045734335103762
-7.995527866468775,-0.0032599495799948263,-0.012518502482338144,0.006289129862325926
-7.989150901184591,0.00286956081310143,-0.006384126204485014,0.012326373668811754
-7.982773935900407,0.008233510470067552,-0.0018752700912756741,0.018288340567296172
-7.976396970616223,0.011176333922286757,0.0007885970581234376,0.021313887897422883
-7.970020005332039,0.010970039465949993,0.0008614288412528305,0.0205259738966604
-7.963643040047854,0.0077837001515264435,-0.00229946418420425,0.018143628521174925
-7.9572660747636705,0.0024504062762722005,-0.006962864166637365,0.013047629247274891
-7.950889109479487,-0.003737505198925769,-0.012759309566937646,0.006511238402212715
-7.944512144195302,-0.00917128020283853,-0.019584302866221204,0.0011149808585431292
-7.938135178911118,-0.012203187853959015,-0.021894207192002822,-0.001171819612879024
-7.931758213626933,-0.011735129060200125,-0.02205618757275696,-0.0005135655195531423
-7.92538124834275,-0.007925423261504107,-0.017221282620225688,0.002436698374491423
-7.919004283058566,-0.0024360210359132472,-0.012202469475058863,0.006906471409666522
-7.9126273177743816,0.0022325078124395188,-0.007406192368585387,0.011248531117568926
-7.906250352490197,0.004067716484011126,-0.00581645315556739,0.013884831164657916
-7.8998733872060125,0.0026402169850796575,-0.007346588608522125,0.013021086658322165
-7.893496421921829,-0.000810114635502312,-0.0105565535801817,0.008380826127613266
-7.887119456637645,-0.004268651963431624,-0.013663912186802197,0.004404524095039696
-7.880742491353461,-0.006080784651837462,-0.015905591652691824,0.0028778856037945124
-7.874365526069276,-0.0055801976905192376,-0.015130575867917774,0.003106256478707782
-7.867988560785092,-0.003026547255519823,-0.012170751757740659,0.006265225699582463
-7.861611595500908,0.0008008614417284622,-0.008209523533491477,0.010739485970071648
-7.855234630216724,0.004931228713880362,-0.0038254486484588855,0.015480033302863868
-7.84885766493254,0.008342078394801652,-0.00028575210237298575,0.017888024924547642
-7.842480699648355,0.01009827491014685,0.0010604851940234793,0.019544394714102
-7.836103734364171,0.00963826974890509,5.182088821768312e-05,0.01876765555684615
-7.829726769079987,0.007063576639038458,-0.0019948907135403284,0.015604433807639253
-7.823349803795804,0.003136462730028807,-0.0060918760622061556,0.011274746560342648
-7.816972838511619,-0.0010919773230053658,-0.011209526605564183,0.007298374495415363
-7.8105958732274345,-0.004748284093018966,-0.014957625334751307,0.004100720222754509
-7.80421890794325,-0.007344540777002781,-0.01865365068452613,0.002045206826902423
-7.797841942659066,-0.008657499148269352,-0.01990251363808542,0.0008378431830682911
-7.791464977374883,-0.008530220269841866,-0.01846441488945553,0.0004818083419699401
-7.785088012090698,-0.006876094757577737,-0.015466500171465286,0.0023900402465553386
-7.778711046806514,-0.0039057312680483795,-0.01246562176541006,0.005216132662162696
-7.772334081522329,-0.00032270595981654515,-0.009447768672366161,0.008583333651495774
-7.7659571162381456,0.0028030536143262537,-0.006840698574102191,0.012291572881805816
-7.759580150953962,0.004527999788145427,-0.005309580982524293,0.014430345116824088
-7.753203185669777,0.004587431526955665,-0.00506162422667335,0.013928992627984417
-7.746826220385593,0.0035602036037737975,-0.005107664863933289,0.012472028676579022
-7.740449255101408,0.0024573704177933437,-0.006102153383598258,0.011132058900563327
-7.734072289817225,0.0020280063972088116,-0.006597470996918507,0.01066269976497124
-7.727695324533041,0.0023266424439601233,-0.0061480680592733376,0.010827919723847359
-7.721318359248857,0.0028435057420398997,-0.005730656064015327,0.010973599409554936
-7.714941393964672,0.0030047768158672533,-0.004988935560596774,0.010996803017062136
-7.7085644286804875,0.0025953217188788287,-0.005194693486283715,0.010842757738686202
-7.702187463396304,0.0018282682221622334,-0.007548084530851407,0.009993351788738673
-7.69581049811212,0.0011197587362247637,-0.00741458717778013,0.010000805719428333
-7.689433532827936,0.0007947736149531561,-0.0076470114366009295,0.009707208624890946
-7.683056567543751,0.0009087362127261323,-0.00737156576288174,0.009333212322878896
-7.676679602259568,0.0012607924411651137,-0.006648005409069569,0.009117844015902378
-7.670302636975383,0.0015677115715352573,-0.006341878485862869,0.009529312196896051
-7.663925671691199,0.0016654810610017814,-0.007180833988517601,0.010197132238080792
-7.657548706407015,0.0015769059829654813,-0.00720751870184406,0.009982131221219713
-7.65117174112283,0.0013995372066389338,-0.007278983139051178,0.009801111864744796
-7.644794775838647,0.0011481362656108438,-0.007060432710145511,0.009176055847143831
-7.638417810554462,0.0007381999174350452,-0.0066680671626135135,0.008997516806063659
-7.632040845270279,0.00013961400100600136,-0.007845151702558497,0.008347034222038219
-7.625663879986094,-0.0004852328442599482,-0.008803150476597679,0.007590584017566429
-7.6192869147019096,-0.0008629086452638864,-0.008648124490098661,0.007074569441474937
-7.612909949417726,-0.000874089511176823,-0.007882606538282176,0.0064710186809169195
-7.606532984133542,-0.0007266095440017263,-0.007226084360815669,0.006713812569719897
-7.600156018849358,-0.0008254272471208822,-0.008030346428336294,0.006733520551448501
-7.593779053565173,-0.0014485819396343614,-0.008792305113422877,0.006036624519969813
-7.587402088280989,-0.002540681789719741,-0.010377432762106497,0.0051044330189540105
-7.581025122996805,-0.0037949205072206663,-0.011903603045213006,0.003573470013173627
-7.5746481577126215,-0.004901954811451481,-0.012611467464421534,0.0024520782931479663
-7.568271192428437,-0.005725930040271322,-0.013177765353003088,0.0013943652610430614
-7.561894227144252,-0.006292388305915526,-0.014166550080960065,0.0006412014413045471
-7.555517261860068,-0.006650052066940576,-0.014998945706595455,0.0007069446487732674
-7.549140296575884,-0.00673772825426123,-0.014811209335136018,0.0010601024058586293
-7.542763331291701,-0.0063564697636535345,-0.014001205965245117,0.0011313565373219214
-7.536386366007516,-0.005279724632899383,-0.013147092030679545,0.0023628765386554057
-7.530009400723332,-0.0034473533909656936,-0.011295352772649415,0.004807222575401008
-7.523632435439148,-0.0011090105501462319,-0.008995245860440522,0.00721581525634734
-7.517255470154963,0.0012097612327148645,-0.00649211100267571,0.009761618723074485
-7.510878504870779,0.002920245126038948,-0.005050899951405947,0.010969667518922416
-7.504501539586595,0.003632621315855623,-0.004452735646550474,0.011357460420861911
-7.498124574302411,0.0033249224613761154,-0.004382750311405047,0.010754830541133718
-7.491747609018227,0.0023533055055830077,-0.005374475966093999,0.010018280381727822
-7.485370643734043,0.0012992092705955732,-0.005414557660834959,0.009147352825103677
-7.478993678449858,0.0006897122268942075,-0.006070640105078004,0.007892474511014663
-7.472616713165674,0.0007067335392297454,-0.006109615709933438,0.007950886240130094
-7.46623974788149,0.0010678310063587531,-0.006330798677831493,0.008683397435181837
-7.459862782597306,0.0011922857339683236,-0.006347095322521341,0.009077525404931388
-7.453485817313122,0.0005764461232035843,-0.0069453838197414165,0.008167274253798217
-7.447108852028937,-0.0008401771096737092,-0.007690467386195662,0.006026057932235947
-7.440731886744754,-0.002532753811085686,-0.009407464074518552,0.004349317852774221
-7.434354921460569,-0.003586247198919608,-0.010447600042662509,0.003050638320354894
-7.4279779561763855,-0.003185079567460091,-0.010321410825609141,0.0038669618574691603
-7.421600990892201,-0.001146793975394688,-0.007991700099284866,0.006049204309825618
-7.415224025608016,0.0018803259604376927,-0.004635098226104527,0.008484745439122622
-7.408847060323833,0.004767055829729642,-0.0018968576317000697,0.011498019568837621
-7.402470095039648,0.006579449895433636,-3.543678841393534e-05,0.013959158191577024
-7.396093129755465,0.007062854934053556,0.0006283388866895511,0.014202734218019633
-7.38971616447128,0.006586802046829401,0.0002822164695392858,0.013614039964708675
-7.3833391991870965,0.0056855787077830814,-0.0005162733838598643,0.012197595625699385
-7.376962233902912,0.004637661665524869,-0.0017688471163252164,0.010616223917238272
-7.370585268618727,0.0034004255449916723,-0.0033805888693272585,0.009600630837909692
-7.364208303334544,0.001851768277359179,-0.004716767911393004,0.007871295511712974
-7.357831338050359,5.969382203730697e-05,-0.0067006272539197834,0.006211816669499823
-7.351454372766176,-0.0016421834572019382,-0.008329101650718635,0.004522928090000261
-7.345077407481991,-0.0027921334202598955,-0.00948761230873364,0.003226365207946402
-7.338700442197807,-0.003028472204448697,-0.009532355688604112,0.0029196491712985546
-7.332323476913623,-0.0022722816916609994,-0.008185348248518475,0.003525686490782154
-7.325946511629438,-0.0007813348627951506,-0.007034055133916071,0.005009765240986402
-7.319569546345255,0.0009441226208294609,-0.004604650867047583,0.0064383125884181535
-7.31319258106107,0.0023572177878744475,-0.0036304557830298266,0.0078060661648675185
-7.306815615776886,0.0030689954540112164,-0.0030564365255583486,0.00895440991674654
-7.300438650492702,0.002978631422877767,-0.0032737688745643405,0.009262066691615663
-7.294061685208518,0.0022958193179199097,-0.0034753655808269592,0.00887210278771331
-7.287684719924334,0.0014499342738160692,-0.004108063483502305,0.007417302862905302
-7.2813077546401495,0.0008878022789402141,-0.004476744965939703,0.0065287841869779775
-7.274930789355965,0.0008176178401380136,-0.004139862245190674,0.006237312278157058
-7.268553824071781,0.0010520904506828104,-0.003961405914325429,0.0062491761730706
-7.262176858787597,0.0011026121772523404,-0.0047204621800690846,0.006582226455686747
-7.255799893503413,0.0005027705204234553,-0.005388528669489047,0.005835954284029174
-7.249422928219229,-0.000862042550975741,-0.006792438360094833,0.004601380807912174
-7.243045962935044,-0.0026572241368260498,-0.00820964502316865,0.003204985761040245
-7.2366689976508605,-0.004283034488093046,-0.009561800966488097,0.001305430012946768
-7.230292032366676,-0.0051876272130607255,-0.010919676672268836,0.0002906827456430675
-7.223915067082492,-0.005106105124694868,-0.011122714905876479,0.00028823333652535195
-7.217538101798308,-0.004113154889140196,-0.009700048836087025,0.0012418085502498954
-7.211161136514124,-0.0025057584673865768,-0.008363853945386987,0.002900603630202572
-7.20478417122994,-0.0006276133532336399,-0.0065094111120368465,0.005192562916213214
-7.198407205945755,0.0012297838160388558,-0.005037578227751769,0.007002662594332924
-7.1920302406615715,0.0027913756312676,-0.003729425403480809,0.008368004407096145
-7.185653275377387,0.003714653348841436,-0.0019718723334091193,0.009120081399593218
-7.179276310093203,0.0036275107660555576,-0.0018722198066255425,0.009317797902640543
-7.172899344809019,0.0023609912393829906,-0.003524747533796446,0.0079402317873855
-7.166522379524834,0.0002250062298987767,-0.006203269424036988,0.005788742350875559
-7.160145414240651,-0.0019567302803943157,-0.008768270185792753,0.003794682068916571
-7.153768448956466,-0.0031968197438212516,-0.009262089024996393,0.002416313782069259
-7.1473914836722825,-0.0028942848739702287,-0.008507200203299951,0.0025120011115157986
-7.141014518388098,-0.001184739213900216,-0.006769024564786578,0.004186977026798828
-7.1346375531039135,0.0011783348383511123,-0.004324253139017486,0.006475891561409478
-7.12826058781973,0.0033030013504689905,-0.002493647391335258,0.008839759745708171
-7.121883622535545,0.004617837815201592,-0.001286567191896003,0.01033846052536979
-7.115506657251362,0.005005552572189403,-0.0010957008057572147,0.010564537910609195
-7.026229143272783,-0.003471198371876491,-0.008850117377008054,0.001039359127555532
-7.019852177988599,-0.0012074613557200796,-0.006533101659119147,0.004069624345387492
-7.013475212704415,0.0006866507981439417,-0.004704236658020039,0.006269241954529438
-6.981590386283494,-0.002674258461017514,-0.007745224251534314,0.0019191655641218896
-6.97521342099931,-0.0013417876487761432,-0.0060710936991227125,0.0028773346826478185
-6.968836455715126,0.0008287754011349172,-0.0037474963467466664,0.0053587600156957136
-6.962459490430941,0.00283529401181656,-0.001766552880160607,0.0077334495089171115
