x,D_mean,D_lo,D_hi
-10.158417792746622,0.03232317241129708,0.019480593589191915,0.051243736103129704
-10.151366601182884,0.041809552793964505,0.025198565339748288,0.06628487096840542
-10.144315409619145,0.048327437433504976,0.02912846634696747,0.07662248170215852
-10.137264218055407,0.05181212162807126,0.031231995299668733,0.08215580599098046
-10.130213026491667,0.05325704200186333,0.032108904817208794,0.08444093323655519
-10.123161834927929,0.05371245839039394,0.032393733106158076,0.08508456676266984
-10.116110643364191,0.053804361372812796,0.032466284656177145,0.08506391408999525
-10.109059451800452,0.05378408901997395,0.032482259547596315,0.08498496386890467
-10.102008260236714,0.0537192997696783,0.032489046293517496,0.08497575649902389
-10.094957068672974,0.053615575129841005,0.032498831394513414,0.08492574293571775
-10.087905877109236,0.05346543920953344,0.03251652403347511,0.08479108847492567
-10.080854685545498,0.053260770581829035,0.032545019664369214,0.08425989008486462
-10.073803493981758,0.052999446497045063,0.032588061733329454,0.08341398812534265
-10.06675230241802,0.052686456252814665,0.03287172368894961,0.08227505388756103
-10.059701110854283,0.05233240995624825,0.03290199703904992,0.08097564169111349
-10.052649919290543,0.05195014185962543,0.03317967206146265,0.07958172288708229
-10.045598727726805,0.051551162670326105,0.03359485843990305,0.078161306987856
-10.038547536163065,0.051143614073020906,0.03398901801900065,0.07649972373677077
-10.031496344599327,0.05073215502361945,0.03435278865238901,0.07482238229492018
-10.02444515303559,0.05031900600357474,0.03423242100565987,0.07307286299040122
-10.01739396147185,0.04990511012432466,0.034339188085711965,0.07119623237818268
-10.010342769908112,0.04949087410027767,0.034163308299029624,0.06952409110504143
-10.003291578344372,0.04907649105111457,0.034227061535410455,0.06836987250082116
-9.996240386780634,0.04866205314993273,0.033973719694854354,0.067126866377069
-9.989189195216897,0.048247599459975074,0.03399057219855766,0.06572484230314417
-9.982138003653157,0.04783314900907203,0.03412996153918398,0.0641249250891039
-9.975086812089419,0.047418735867576216,0.03390583101175792,0.06379729772041619
-9.96803562052568,0.04700448142340236,0.0334063934903035,0.06311306484151749
-9.960984428961941,0.04659077481380768,0.033168893655644634,0.06233957450730125
-9.953933237398203,0.04617865110713892,0.0325982937504395,0.062396182307295836
-9.946882045834464,0.04577039513257332,0.03246015552253592,0.061707189232695615
-9.939830854270726,0.045370230649184794,0.0317707409974768,0.061518836504246506
-9.932779662706986,0.04498489023150817,0.031041524594496023,0.06115176136575521
-9.925728471143248,0.04462418823823932,0.030620723597770145,0.06042585793369977
-9.91867727957951,0.04430219276121477,0.03032056067060322,0.06028073640838354
-9.91162608801577,0.04403914622124931,0.030119569426699824,0.060412637046825375
-9.904574896452033,0.04386239530565907,0.029550785483098377,0.06067329286927374
-9.897523704888295,0.04380336242162964,0.029037001970402054,0.061103607001622054
-9.890472513324555,0.043889930864832005,0.028742181283590726,0.06117194859522291
-9.883421321760817,0.04413802320632217,0.028891127573348403,0.06081046267961634
-9.876370130197078,0.04454716812937478,0.030125659748950664,0.0606068176109643
-9.86931893863334,0.045101300850598554,0.031188050726249195,0.0606371263937858
-9.862267747069602,0.04577306749629077,0.03246538820909021,0.06038565391695833
-9.855216555505862,0.04653004837761445,0.033617133984004524,0.06118325357241928
-9.848165363942124,0.04734153979603659,0.03444768772391931,0.0619102506502845
-9.841114172378385,0.048183641693274645,0.03550444651025889,0.06281996132705019
-9.834062980814647,0.049040838897156866,0.037042559099458576,0.06338922288316477
-9.827011789250909,0.04990444632960303,0.038516835938197685,0.06422286016617094
-9.81996059768717,0.05076983304784833,0.0386540225251307,0.06672965657876513
-9.812909406123431,0.0516340596175877,0.0394306683116914,0.06932290372428127
-9.805858214559692,0.05249451600491837,0.0397894786540998,0.07185332024923234
-9.798807022995954,0.053348447053529105,0.04003592041645706,0.07342862767956805
-9.791755831432216,0.0541929530463671,0.040276850336855304,0.07424963413544436
-9.784704639868476,0.05502493303689968,0.03993230745274989,0.07543939868610505
-9.777653448304738,0.05584057088132995,0.04032763821454918,0.07835827442219913
-9.770602256741,0.0566344427485262,0.04030757244095666,0.08097313203570705
-9.76355106517726,0.05739874934996892,0.04060220650900316,0.08261510496954935
-9.756499873613523,0.05812338339025932,0.041169971035629624,0.08496173193625002
-9.749448682049783,0.05879751798495184,0.041321040472181055,0.08653890050534595
-9.742397490486045,0.0594125719638041,0.04176424484622189,0.08742713459138185
-9.735346298922307,0.05996491040590883,0.042701375187763076,0.0860756767351044
-9.728295107358568,0.06045644407501519,0.043269001642772156,0.08534984785269056
-9.72124391579483,0.06089321565191477,0.043689097989569665,0.08557446740796543
-9.71419272423109,0.06128364964477518,0.04424929117233825,0.08476585663789793
-9.707141532667352,0.06163744617977497,0.04444369393431762,0.08418629383148492
-9.700090341103614,0.061964673219441366,0.04431647195430666,0.08401971785375734
-9.693039149539874,0.062274576415692146,0.045051321850158796,0.08340851155539541
-9.685987957976137,0.06257446968216246,0.04477473084833047,0.08420816163488695
-9.678936766412397,0.06286928454307616,0.044725161532765,0.08448668385958896
-9.671885574848659,0.06316175054460557,0.04469183464192923,0.08451723817267384
-9.664834383284921,0.06345259686287234,0.044431333613561885,0.08616034259134928
-9.657783191721181,0.0637402125856695,0.04408909485920867,0.08656749716807215
-9.650732000157443,0.06401993416081801,0.04372573658058433,0.08717571093590856
-9.643680808593704,0.06428402983096085,0.04274730319145301,0.08869058517918443
-9.636629617029966,0.06452333194904304,0.0422204737839735,0.09040528430371855
-9.629578425466228,0.06472992737689978,0.04236064911626274,0.09143184564034865
-9.622527233902488,0.06489902463359448,0.04288208224242947,0.09196892000429681
-9.61547604233875,0.06502880614522988,0.04232942462779356,0.092400462797397
-9.608424850775013,0.06511879810575454,0.043192733742519786,0.0923998963467089
-9.601373659211273,0.06516828338642766,0.04417826349776484,0.09224064820223037
-9.594322467647535,0.06517614089921764,0.04405663002081857,0.09286675711513648
-9.587271276083795,0.06514237066598048,0.04374545139338597,0.09304830057396879
-9.580220084520057,0.0650699236270049,0.04329549977936022,0.09224745343883643
-9.57316889295632,0.06496485633008445,0.043831345256005225,0.09298309371998244
-9.56611770139258,0.0648343624696579,0.043411150031296176,0.09263478514585534
-9.559066509828842,0.06468443172344593,0.04311111109577235,0.09411653466186204
-9.552015318265102,0.0645191083224336,0.04225658413231327,0.09521944576567422
-9.544964126701364,0.06434134250019713,0.04202636711853002,0.09607215464257077
-9.537912935137626,0.0641540967673716,0.041143015448930224,0.09689548587857827
-9.530861743573887,0.06396133798517543,0.0400079055233866,0.09795439218782734
-9.523810552010149,0.0637696321920062,0.03954134575095793,0.09873616617411339
-9.51675936044641,0.06358980947098149,0.03998545202137978,0.09971104430562379
-9.509708168882671,0.06343658450559685,0.04004332174381573,0.10050881177038425
-9.502656977318933,0.06332572278855554,0.03961562003167606,0.10038250256010227
-9.495605785755194,0.06327163176717909,0.03925494641549592,0.0993348544703139
-9.488554594191456,0.0632877551625787,0.03905392795291201,0.09820383814214283
-9.481503402627716,0.06338786072859523,0.03917327120533127,0.09616722287181075
-9.474452211063978,0.063584635684431,0.0393038822489345,0.09652337982270515
-9.46740101950024,0.06388563602050656,0.03993136466100064,0.09631186570806996
-9.4603498279365,0.06429036717189997,0.040275055708146996,0.0963335263250255
-9.453298636372763,0.06479104732482092,0.04159191281560667,0.09450706411926797
-9.446247444809025,0.06537582091796879,0.042452165852886255,0.09218250910696561
-9.439196253245285,0.06603182274895945,0.04399306707881784,0.09336996810802534
-9.432145061681547,0.06674664871945754,0.04540962541289266,0.094588731592363
-9.425093870117808,0.06750754307699816,0.046313711096601526,0.09503082366959938
-9.41804267855407,0.06829809349773044,0.04585448926049519,0.0944082073796956
-9.410991486990332,0.0690942370481209,0.046066213650654365,0.09471308602555434
-9.403940295426592,0.06986297078376456,0.04619285123846755,0.09675835325492273
-9.396889103862854,0.07056522618350297,0.04689244381508498,0.09716056071680079
-9.389837912299114,0.07116117360718215,0.04718999312797966,0.09669520635313995
-9.382786720735377,0.07161575598426431,0.0485148481236507,0.09700392963199102
-9.375735529171639,0.0719035298705443,0.04878331862698,0.09755686451067877
-9.368684337607899,0.07201225894687183,0.049517267742692266,0.09723030248010507
-9.361633146044161,0.0719448505143669,0.05039454756106104,0.09739346922528687
-9.354581954480421,0.07171956270984321,0.04998996320101094,0.09729901656203893
-9.347530762916683,0.07136772883520487,0.049296011023014986,0.09746341936156176
-9.340479571352946,0.07092805839572085,0.048977414598614856,0.09638281663016697
-9.333428379789206,0.070439304960522,0.04883365802030477,0.09604296779216542
-9.326377188225468,0.06993568727989385,0.0481853704737715,0.09562248289341439
-9.319325996661728,0.06944712898603335,0.04705665862974159,0.09434162055950195
-9.31227480509799,0.0690012987674129,0.046747918671056335,0.09472885907759002
-9.305223613534253,0.06862308056046909,0.04747206429829155,0.09370305441329574
-9.298172421970513,0.0683305315589361,0.04816592080828842,0.09269620292677587
-9.291121230406775,0.06812986532502953,0.04864395934445792,0.09206399981554443
-9.284070038843037,0.06801261499614954,0.04782088872712581,0.09185247871684443
-9.277018847279297,0.06795683051206125,0.04759282247931626,0.0908903280214636
-9.26996765571556,0.067932474203941,0.04792520396564538,0.09157521372651074
-9.26291646415182,0.06790959709091138,0.047476048501240875,0.0915638220513154
-9.255865272588082,0.0678662322234242,0.048043436096649905,0.09074327950256252
-9.248814081024344,0.06779233336144498,0.04746047620646818,0.09096712580377878
-9.241762889460604,0.06768821641785698,0.04778552920250099,0.09114396074570649
-9.234711697896866,0.06755968084528227,0.047410955225488396,0.09077378638237402
-9.227660506333127,0.06741366237210158,0.047345604032448564,0.08993834041568056
-9.220609314769389,0.06725683680172367,0.04680014936898305,0.08970642526596222
-9.213558123205651,0.06709704640503754,0.0470379015666032,0.08897067199006321
-9.206506931641911,0.06694552419255294,0.04742064161415908,0.08863767421962838
-9.199455740078173,0.06681805062105711,0.04812850145093501,0.08958188961069112
-9.192404548514434,0.06673522812973336,0.04779010985509292,0.08840857066121018
-9.185353356950696,0.06672302582278695,0.048198682180377816,0.09005673039679458
-9.178302165386958,0.06681326438645686,0.048032177985532054,0.09075483007242191
-9.171250973823218,0.06704248967145533,0.04771811381168256,0.0917404504867997
-9.16419978225948,0.06744849736446298,0.048070767480765615,0.0918846879760682
-9.15714859069574,0.06806515054587185,0.04820825119611741,0.09211678991244908
-9.150097399132003,0.06891708715806943,0.048472333313280005,0.09288671311960091
-9.143046207568265,0.0700166303370296,0.04897342291570395,0.0949040548902666
-9.135995016004525,0.07136476119955469,0.04945478297187769,0.09703948465885955
-9.128943824440787,0.07295557570839095,0.051278281252474515,0.09839609233741665
-9.12189263287705,0.07478081738551212,0.05191489544652745,0.1001590448627545
-9.11484144131331,0.07683048246781925,0.05291951628554785,0.10313109325865868
-9.107790249749572,0.07908860654495303,0.05492905999868139,0.10622554933991354
-9.100739058185832,0.08152756006606783,0.05714203074736116,0.11175791363042994
-9.093687866622094,0.08410458648865396,0.05855652505789898,0.11534437456285382
-9.086636675058354,0.08676168672386789,0.06143380161497474,0.11926485189122642
-9.079585483494617,0.08942923725873433,0.06368646828585399,0.1235170963967536
-9.072534291930879,0.0920335771369092,0.06475834923600103,0.12757412233273202
-9.065483100367139,0.09450526703828759,0.06502538340100282,0.12991529758803178
-9.058431908803401,0.09678222876014794,0.06562636907240807,0.13362360826945158
-9.051380717239663,0.09880644205831873,0.06662424844708494,0.13666137593100702
-9.044329525675924,0.10051928327330875,0.0684271105015184,0.14295506329862556
-9.037278334112186,0.10185991270540234,0.06848812898891071,0.14421808870521036
-9.030227142548446,0.10276602283282636,0.06879799837368952,0.14673469573791512
-9.023175950984708,0.10317718130841487,0.0697839625081272,0.14778113096177717
-9.01612475942097,0.10304576916317632,0.06968826842316521,0.14748369948173035
-9.00907356785723,0.10235601843245568,0.06931818816700629,0.14606662124731162
-9.002022376293493,0.10113910536479667,0.06985610806646428,0.14335124901736604
-8.994971184729753,0.09947007289151379,0.06838262078931058,0.13844106303486872
-8.987919993166015,0.09744826478043137,0.0680829080547218,0.13582029343201205
-8.980868801602277,0.09517926582565542,0.06777330920508363,0.13203613657635085
-8.973817610038537,0.09277219686641916,0.06456486468548095,0.12814802767572162
-8.9667664184748,0.09034697931729166,0.061791414765787187,0.12650922761424077
-8.959715226911062,0.08803579365636927,0.06024705111428502,0.12487327331224679
-8.952664035347322,0.08597075543004883,0.05863271789871496,0.12030522764387046
-8.945612843783584,0.08426322807072614,0.057298276481198195,0.11735000257588692
-8.938561652219844,0.08298577049463414,0.05543492790226078,0.11696494972434275
-8.931510460656106,0.08216437246978592,0.053672113321198124,0.11601455607596482
-8.924459269092367,0.08178131812802768,0.05242359140302325,0.11434243551136332
-8.917408077528629,0.08178361992634259,0.05376488956306722,0.11290608122884757
-8.910356885964891,0.08209285945586185,0.05525678600969251,0.11396745793680768
-8.903305694401151,0.08261644264604553,0.05394943430796634,0.11560179589430575
-8.896254502837413,0.08326033058809267,0.05338044444491133,0.11757911206376856
-8.889203311273675,0.08394012705226399,0.053081627446855885,0.12035802915562269
-8.882152119709936,0.08458736459070793,0.05309455904681531,0.11933644090282192
-8.875100928146198,0.08515114868559445,0.05401430542021412,0.1177197072519227
-8.868049736582458,0.08559745656681697,0.054377752936142824,0.11792412331273458
-8.86099854501872,0.08590796348988364,0.054102881413822974,0.12017769460514408
-8.853947353454982,0.08607864452541601,0.05518647988849647,0.12090296976445976
-8.846896161891243,0.08611725522137101,0.0555135713407202,0.12045588693556926
-8.839844970327505,0.08603924341464514,0.056175588705187345,0.12214537561855957
-8.832793778763765,0.08586326602985897,0.05682724023368401,0.12241308406004207
-8.825742587200027,0.08560789691406241,0.05778439872514481,0.12254889534974374
-8.81869139563629,0.08529019197208103,0.05617909516740642,0.12281366421303835
-8.81164020407255,0.08492733619290056,0.054964212243613225,0.12306082118255088
-8.804589012508812,0.08454373879686124,0.05551752132833585,0.12241112657239647
-8.797537820945074,0.08418228619044868,0.055316435470269945,0.12409563044271844
-8.790486629381334,0.08391116616210352,0.0558871698505327,0.12400103168615975
-8.783435437817596,0.08381647247147053,0.05605295227220997,0.1227991907986516
-8.776384246253857,0.08398075787676285,0.055897268578635466,0.12244286439564005
-8.769333054690119,0.08446010667877095,0.05647751360830376,0.12270798087798365
-8.762281863126379,0.08527370515918921,0.0567738439095757,0.12249902563903022
-8.755230671562641,0.08640769184212482,0.05722402098528865,0.12203876945563295
-8.748179479998903,0.08782304229344581,0.05748745130267045,0.12690682265395248
-8.741128288435164,0.08945903718849119,0.059503617300834144,0.13219937105815524
-8.734077096871426,0.09123467011047791,0.06006298337034584,0.13092397949595846
-8.727025905307688,0.09305457368790135,0.06338092202377091,0.13210041735851685
-8.719974713743948,0.09482029234288154,0.06440775755880301,0.13283130625921905
-8.71292352218021,0.09644236025368542,0.06503577850931962,0.13465032338472485
-8.70587233061647,0.09784923318879589,0.06636142530050845,0.13253047737729934
-8.698821139052733,0.09899158157523877,0.06748250133299709,0.13243859394301677
-8.691769947488995,0.09984213813413659,0.0677904211638642,0.13278654954978766
-8.684718755925255,0.10039387485750448,0.06846996711034116,0.13375489432240484
-8.677667564361517,0.10065957873049636,0.06860017570950853,0.13363523202284303
-8.670616372797777,0.10067125367649711,0.06737799639853227,0.1335857634576193
-8.66356518123404,0.10047495390619948,0.06780528050571236,0.13215673496572788
-8.656513989670302,0.10012094567152144,0.06895622933231992,0.13180702133400243
-8.649462798106562,0.09965486045384604,0.07048281511467973,0.13255920191775986
-8.642411606542824,0.09911509062097697,0.07088890562648478,0.1322891878358921
-8.635360414979086,0.09853602829561339,0.07045548574564979,0.13248468166587477
-8.628309223415346,0.0979525587961353,0.06956073772532811,0.13196450409787158
-8.621258031851609,0.09740171344031466,0.06959873832577874,0.13096260885145455
-8.614206840287869,0.09691987226601445,0.06874817934794022,0.13334481716684618
-8.607155648724131,0.09653596824142498,0.06809153545740293,0.1330714662182572
-8.600104457160393,0.09626367461896575,0.06749462904163185,0.1304980589142315
-8.593053265596653,0.0960979629873684,0.06846733421006673,0.12806430177354058
-8.586002074032915,0.09601990338528102,0.06901220979416244,0.1308330086000655
-8.578950882469176,0.09600695633376163,0.06817054834684756,0.13165886993428347
-8.571899690905438,0.09604098007162841,0.06840558196136172,0.13314178551257247
-8.5648484993417,0.09610868244662123,0.0674666987800142,0.13473782676338336
-8.55779730777796,0.09619643897298594,0.06640472476416825,0.13158402204738906
-8.550746116214222,0.09628557761377556,0.0660574179210453,0.13139795992117057
-8.543694924650483,0.09635285938938316,0.06615434314437066,0.1333884814960425
-8.536643733086745,0.09637701324905695,0.06800010339987687,0.1337219242713382
-8.529592541523007,0.09634801590462709,0.06832105355302213,0.1326301391081322
-8.522541349959267,0.09627295397362494,0.06811755209985833,0.13216088560160444
-8.51549015839553,0.09617368340180513,0.06762549917663964,0.12936917568890116
-8.50843896683179,0.09607708743617797,0.06829500564492764,0.12860614611925897
-8.501387775268052,0.09600383084946139,0.06876223184929628,0.1268543107282003
-8.494336583704314,0.09596225412930383,0.0684754465287807,0.12761680481884008
-8.487285392140574,0.09595022485630184,0.06922228187811587,0.1285511103785471
-8.480234200576836,0.09596189050376837,0.06916059166773404,0.12976494890317924
-8.473183009013098,0.09599302892239776,0.06869948214126967,0.13094292898093707
-8.466131817449359,0.09604124474898369,0.06890576275277954,0.1317829218444132
-8.45908062588562,0.09610268965884164,0.06877064199304858,0.13129851032870832
-8.452029434321881,0.09616914459080458,0.0680196265380814,0.13184075856783556
-8.444978242758143,0.09622709493327868,0.06781403615076513,0.13403313190036703
-8.437927051194405,0.09625860874061815,0.06842395904691159,0.13627652316930383
-8.430875859630666,0.0962448417753298,0.0681714255595629,0.13566888146567707
-8.423824668066928,0.09617300948618517,0.06664300524868239,0.13551968409763238
-8.416773476503188,0.09604406035626459,0.06622535606921615,0.13491572527407722
-8.40972228493945,0.09587557187558401,0.06656470273376777,0.13379459562394014
-8.402671093375712,0.09569748680845235,0.06699256640506372,0.13193772399773096
-8.395619901811973,0.09554396298219249,0.06662760073062475,0.13038736050802197
-8.388568710248235,0.09544593101968966,0.06651933840789313,0.12954576595732112
-8.381517518684497,0.09542615604411503,0.067084174392736,0.12996263986924259
-8.374466327120757,0.09549687924916422,0.06713409703371487,0.1302719196686893
-8.36741513555702,0.09566029794735541,0.06634762784178394,0.13035153189206447
-8.36036394399328,0.09591142993047988,0.06623255180604863,0.12979704178254386
-8.353312752429542,0.09624160339355912,0.06661388757705486,0.12993845735042817
-8.346261560865802,0.09664089548488004,0.06787150093776806,0.12976296691983363
-8.339210369302064,0.09709891615334347,0.06872068474483826,0.13028105997498038
-8.332159177738326,0.0976039714387155,0.06823199444272979,0.13069887724358417
-8.325107986174586,0.09814081945698688,0.06792124356692826,0.13154781158146273
-8.318056794610849,0.09868782987650053,0.06839302034042884,0.1336128571179713
-8.31100560304711,0.09921564679425346,0.0690596191956867,0.13553077005359918
-8.303954411483371,0.09969005235590334,0.06984264861543693,0.1366270219345028
-8.296903219919633,0.10007994147822247,0.06944562649657374,0.1407252313890947
-8.289852028355893,0.10036746260569251,0.06962945436494732,0.14378456070496654
-8.282800836792156,0.10055469530138648,0.07015549173766107,0.14364228462112505
-8.275749645228418,0.10066289037860925,0.07045855118461952,0.14249208754653456
-8.268698453664678,0.10072527470021665,0.07104159653829634,0.14416056887170675
-8.26164726210094,0.10077787749502139,0.07062084648285073,0.14297102231215578
-8.2545960705372,0.10085217147198346,0.07104653802521994,0.14559287858218867
-8.247544878973462,0.10097082615654977,0.07045924913825138,0.14488242136133583
-8.240493687409725,0.10114669031553264,0.07012466956901964,0.1489990489387479
-8.233442495845985,0.10138512026155087,0.07047518934881132,0.14772004681329576
-8.226391304282247,0.10168861407761431,0.07018734041777025,0.1486689346135818
-8.219340112718509,0.10206038760947089,0.07023061041430406,0.15066892096673895
-8.21228892115477,0.1025033712826349,0.07060278178144563,0.1499065304282941
-8.205237729591031,0.10301473215550128,0.0702596751352469,0.15345595075281612
-8.198186538027292,0.10358018957230232,0.06981295671235932,0.15425401905245553
-8.191135346463554,0.10417267078536771,0.07014572435313401,0.1530387738844493
-8.184084154899814,0.10475623503010814,0.07105413639742202,0.1530773868233268
-8.177032963336076,0.1052926727597954,0.07168385990148825,0.15209688372157465
-8.169981771772338,0.10574730933505647,0.07120567457321175,0.15016585549448042
-8.162930580208599,0.10609160029551785,0.07148081744982009,0.1496552400217441
-8.15587938864486,0.10630250167057273,0.07291206779850107,0.14894707736205923
-8.148828197081123,0.10636163052823376,0.07373944711613756,0.14864158522584184
-8.141777005517383,0.1062575448729663,0.07474820821102793,0.1471511755692822
-8.134725813953645,0.10599013920034137,0.07422020099474279,0.14521541830011434
-8.127674622389906,0.10557183944610711,0.07430694737083256,0.14349238127294323
-8.120623430826168,0.10502228201432244,0.07387430007400456,0.14056436984413107
-8.113572239262428,0.10436011551188869,0.07364647384520587,0.13940330303976195
-8.10652104769869,0.10359903983480767,0.07473027257270425,0.137394761899398
-8.099469856134952,0.10275079958074845,0.07479353604199512,0.13485828670748007
-8.092418664571213,0.10183112905409011,0.07516387860778564,0.13265976965793075
-8.085367473007475,0.10086305614522807,0.07520475374509598,0.13168658894186733
-8.078316281443737,0.09987547850030118,0.07399544640205881,0.12955853249601298
-8.071265089879997,0.09889856264957902,0.07332434847560507,0.12690225769518224
-8.06421389831626,0.09795857128153372,0.0727847585405484,0.1252149491870073
-8.057162706752521,0.09707409671021953,0.07254982924866642,0.12436006065096503
-8.050111515188782,0.09625472921653093,0.07157516841159452,0.12295870811753379
-8.043060323625044,0.09550225426178204,0.06959798513034048,0.12160506005844572
-8.036009132061304,0.09481347464414078,0.0698479925062911,0.12200447030699288
-8.028957940497566,0.09418307298219339,0.06800751739895323,0.12179431502841977
-8.021906748933826,0.09360544251162857,0.06761303755986688,0.12214989603924656
-8.014855557370089,0.093075684728187,0.0675312007099894,0.12196826319381683
-8.00780436580635,0.0925902335359621,0.06714532595898241,0.12279562696011448
-8.000753174242611,0.09214662574137766,0.06735374960606386,0.12291529769665374
-7.993701982678873,0.09174196889766455,0.0669981910021522,0.12187805680478682
-7.986650791115134,0.09137126630742859,0.06698119900864481,0.12214889124991143
-7.9795995995513955,0.09102730861364816,0.06638398590697908,0.1221671992322469
-7.972548407987658,0.0907019489063616,0.0668877738127043,0.12244313044791882
-7.965497216423918,0.09038713666389947,0.06656483589537855,0.12205188415706973
-7.95844602486018,0.09007525933012259,0.06680293160153664,0.12182502829023167
-7.951394833296441,0.08975977577082848,0.06662484676856378,0.1228843469147183
-7.9443436417327025,0.08943638677582509,0.06639830230473448,0.1219709716061952
-7.937292450168965,0.08910361871448204,0.06491188284747498,0.12181414559435172
-7.930241258605226,0.08876222015353483,0.06309342663048857,0.12218590835275107
-7.923190067041487,0.08841432719673749,0.0622072760401418,0.12214772511725541
-7.916138875477749,0.08806348661392163,0.06128745137857125,0.12237622777018337
-7.909087683914009,0.08771517366969041,0.060764212301928515,0.12287948474186396
-7.9020364923502715,0.08737661645918965,0.060152399028575707,0.12336691779218667
-7.894985300786533,0.08705570506935109,0.05798648780933486,0.12187644411342272
-7.887934109222794,0.08675985092475344,0.05801182307196634,0.12369468157308103
-7.880882917659056,0.08649515185206648,0.057717298182521366,0.12537307313282678
-7.873831726095316,0.08626526105020126,0.057247218963647074,0.12602534915607963
-7.866780534531578,0.08606970426657883,0.057057749299421465,0.12534759040669827
-7.85972934296784,0.08590277243157354,0.05699526483459737,0.12451945358988163
-7.852678151404101,0.08575487875586524,0.05740349217030675,0.12343732194059723
-7.845626959840363,0.08561688482609872,0.05764219482136343,0.12155507512522096
-7.838575768276623,0.08548484900179558,0.05778882773192256,0.11912608836410604
-7.831524576712885,0.08536128547172785,0.057621131074587585,0.11976106086339534
-7.824473385149147,0.08525181600533062,0.05771765473767573,0.12018283202643558
-7.817422193585408,0.0851601961580125,0.05773455732883402,0.11761713721342971
-7.81037100202167,0.08508529447080246,0.058272447727805786,0.11857936865977797
-7.80331981045793,0.08502098404025533,0.058811984969711,0.11837852216103359
-7.796268618894192,0.0849577332712587,0.05909368407912991,0.11748011612772957
-7.7892174273304535,0.08488443612296884,0.059566626564127007,0.11764697433557626
-7.782166235766715,0.08478981986897043,0.060303755119975995,0.11727317257999735
-7.775115044202977,0.08466361588348464,0.06056798324170251,0.11799295617965723
-7.768063852639238,0.08449783749507125,0.060456571480344265,0.11862842102248917
-7.761012661075499,0.08428792569172366,0.06032049458894838,0.11821532895493388
-7.753961469511761,0.08403330369996877,0.05994132347936813,0.11765314456608161
-7.746910277948022,0.0837375587814792,0.05908973258471309,0.11625410358155631
-7.739859086384284,0.08340875938081914,0.05869027383114844,0.11548167191930701
-7.732807894820545,0.08305943305037711,0.05825198553968983,0.11638121784143088
-7.725756703256806,0.08270500297188521,0.05773429038816862,0.11590948344370228
-7.718705511693068,0.08236066521499917,0.057462231632599385,0.11405389565370594
-7.711654320129329,0.08203829369013944,0.0573506254829786,0.11368242722451387
-7.704603128565591,0.08174459654884265,0.05638303400432041,0.1144382563935917
-7.697551937001852,0.08148057831868095,0.055715149874032734,0.11405670046359492
-7.690500745438113,0.08124260632577089,0.05540488524008831,0.1147876255813312
-7.683449553874375,0.0810255654378275,0.05499911118526353,0.11576127701583726
-7.6763983623106355,0.08082693727795982,0.054404014328958146,0.11554257012763879
-7.669347170746898,0.08064934502845066,0.054725850013119914,0.11534942916567344
-7.662295979183159,0.08050061019205243,0.0537364784127073,0.11531831493734608
-7.65524478761942,0.0803926994059052,0.053496485559039006,0.11505115822000413
-7.648193596055682,0.0803406706103421,0.052568983292845414,0.11530447583313139
-7.6411424044919425,0.08036081114120401,0.05244749712883337,0.11579232447898935
-7.634091212928205,0.08046729306309323,0.052281096574731276,0.11667881411560745
-7.627040021364466,0.08066924890844586,0.05256824134827473,0.11727062880398699
-7.619988829800727,0.08097085234207207,0.052774678550432455,0.11776747767252393
-7.612937638236989,0.08137368195808145,0.05322953860174606,0.11770172493913242
-7.60588644667325,0.08187785747010148,0.05256539578583426,0.11860911848187308
-7.5988352551095115,0.08248071539332971,0.05407585957005145,0.11907825216364508
-7.591784063545774,0.08317597284746166,0.05532527565779914,0.12037501899566044
-7.584732871982034,0.08395594317574183,0.05512436169817619,0.12122373530921293
-7.577681680418296,0.08481493612623299,0.053977646337770614,0.12228432191254038
-7.570630488854557,0.0857502710388784,0.05408097552197056,0.12439206321597734
-7.5635792972908185,0.08676040258705633,0.054438882139025195,0.12577130475453127
-7.556528105727081,0.08784256864161927,0.05516348250921511,0.1268026005878703
-7.549476914163341,0.08899193840759373,0.055154044487996545,0.12862791345198196
-7.542425722599603,0.09020217956560095,0.057055800005681945,0.13203523740789316
-7.535374531035864,0.09146602090471737,0.058535474611753666,0.1340470723145486
-7.528323339472125,0.09277469769903476,0.05955670635038563,0.13515855625248088
-7.5212721479083875,0.09411673010834422,0.06096361879767641,0.13657520055686515
-7.514220956344648,0.09547741452890667,0.061797143985805304,0.13737973567309764
-7.50716976478091,0.09683936302986222,0.06302973905711276,0.1405414776878112
-7.500118573217171,0.0981832731949873,0.06411154665538088,0.14222999941374492
-7.493067381653432,0.09948863616713592,0.06481329144498768,0.14423009224985214
-7.486016190089694,0.10073476519382091,0.0657519543807946,0.1471450116661708
-7.478964998525956,0.10190195976071596,0.06629158716188417,0.1486871803805391
-7.471913806962217,0.10297248458379414,0.06695156613817665,0.14921474706056814
-7.464862615398478,0.10393207151204288,0.06738421349332839,0.14964597951323946
-7.457811423834739,0.10477251448369654,0.06765973525033267,0.15129315807194435
-7.450760232271001,0.10549372736817865,0.06867057202640346,0.15364141914522897
-7.443709040707263,0.10610253574144876,0.06890025106033627,0.15438875836664903
-7.436657849143524,0.10660784907894715,0.0690148312513793,0.15342730881696964
-7.429606657579786,0.10701541812112167,0.06923686687777708,0.15133115237751918
-7.422555466016046,0.10732607687829432,0.06947020988364186,0.15360479933463514
-7.415504274452308,0.10753822125588675,0.07005565820043051,0.15506258964850136
-7.4084530828885695,0.10765151992798065,0.07065341780877735,0.1550178937159371
-7.401401891324831,0.1076683819454553,0.07124638781300424,0.1564972487719996
-7.394350699761093,0.10759267452192846,0.07170978057662646,0.15726360859743657
-7.387299508197353,0.10742783581470527,0.07157397121696454,0.15680552038574766
-7.380248316633615,0.10717634295683827,0.07169224334600444,0.15575027583600612
-7.3731971250698765,0.10684087238377701,0.0724423661543076,0.15433175607638816
-7.366145933506138,0.10642629897852812,0.07246094446892135,0.15284630581146877
-7.3590947419424,0.10594114805248121,0.07215278453093665,0.1517451058370181
-7.35204355037866,0.10539738076159763,0.07150848627222355,0.14981487314576092
-7.344992358814922,0.10480858534721606,0.07045839126167323,0.1481762230474007
-7.337941167251183,0.1041877505179559,0.0706688253612052,0.1462834114807019
-7.330889975687445,0.1035457336738889,0.07114383068978604,0.1434941630039464
-7.323838784123707,0.10289065289626877,0.07126571160576278,0.145687857956369
-7.316787592559968,0.10222794626571301,0.0712350943315325,0.14394552127787538
-7.309736400996229,0.10156098461296204,0.07111615747121655,0.1425824022148415
-7.30268520943249,0.10089219025236548,0.07087947516506622,0.14183994175809078
-7.2956340178687515,0.10022437381111007,0.06940366685073357,0.14138370085597565
-7.288582826305014,0.09956183211955916,0.0683775636236614,0.13947105282519776
-7.281531634741275,0.09891073035540829,0.06725053898471799,0.13778296005218724
-7.274480443177536,0.09827840835136509,0.0667969573231784,0.13623302139046808
-7.267429251613798,0.0976717955359056,0.06588365899599759,0.13556725831575822
-7.2603780600500585,0.09709586569049844,0.06488516747636514,0.13566864125292372
-7.253326868486321,0.09655317209105124,0.06481372132310066,0.13461036400062165
-7.246275676922582,0.09604468607217323,0.06442891172234423,0.13323123009743365
-7.239224485358843,0.09557117415051072,0.06433038519688754,0.1315400864598651
-7.232173293795105,0.09513410127600158,0.06446220829007125,0.13102661554324913
-7.225122102231365,0.09473567900286921,0.06465841636054401,0.1313542423736279
-7.2180709106676275,0.09437845995417704,0.06429611728961701,0.13154791625461604
-7.211019719103889,0.09406494718399862,0.06320404413038284,0.12989194617319075
-7.20396852754015,0.09379712253437238,0.0639017502038406,0.12918450120433683
-7.196917335976412,0.09357556375092661,0.06339927811302147,0.12964654898242675
-7.189866144412672,0.09339840584485837,0.06296537529173178,0.12952654007303366
-7.1828149528489345,0.09326107944551985,0.06323103959747672,0.1286268302032344
-7.175763761285196,0.09315746202561397,0.06370475003071666,0.12792767204489458
-7.168712569721457,0.0930820244169062,0.06404679877925695,0.12804802745003416
-7.161661378157719,0.09303205189509835,0.06338937363371805,0.12873392749193827
-7.15461018659398,0.09300906651667436,0.062444713920165186,0.12866303874359664
-7.147558995030241,0.09301852488375249,0.06301904283002124,0.12885583480914528
-7.140507803466503,0.09306742441579563,0.06376743882545269,0.12848796816314037
-7.133456611902764,0.09316110210926412,0.06467440330144165,0.1290785853972585
-7.126405420339026,0.09330140974190627,0.06496001135424313,0.12980193828377376
-7.119354228775287,0.09348703459091538,0.0644041426856456,0.1310194382317215
-7.112303037211548,0.09371469707075447,0.06442638845885044,0.13174280585076995
-7.10525184564781,0.09397983269129577,0.06478039045848404,0.13247928027064826
-7.098200654084071,0.09427680279152971,0.06470350272115365,0.13321575469052654
-7.091149462520333,0.09459954135864936,0.06482355324265572,0.13390938661441285
-7.084098270956594,0.09494290439516744,0.06514337708124257,0.13408070836175243
-7.077047079392855,0.09530380119490771,0.06475859240490768,0.13443731998283373
-7.069995887829117,0.09568108352775921,0.06531109403698529,0.1348189238725498
-7.062944696265378,0.09607440041488902,0.06567091959864302,0.1347545688268291
-7.05589350470164,0.09648318855973312,0.06642791916116825,0.13472455579947815
-7.048842313137901,0.09690650499107711,0.06672771168888852,0.13403361973594832
-7.041791121574162,0.09734335138269089,0.06725772328289546,0.13381900062457353
-7.034739930010424,0.09779284759948165,0.0672077458884205,0.13369528440808223
-7.027688738446685,0.09825411425328737,0.06706699701104797,0.134409613440957
-7.020637546882947,0.09872612302776684,0.06771486253904024,0.13580233655897328
-7.013586355319208,0.09920765940331461,0.06786882403042131,0.1367243989788102
-7.006535163755469,0.09969735450052217,0.06894833639646038,0.1372259854964711
-6.999483972191731,0.10019375979470267,0.06973774154646974,0.1383786821464106
-6.9924327806279925,0.10069543980658124,0.07047987622795364,0.1394268839794394
-6.985381589064254,0.10120099730744865,0.07120081038891307,0.13952462149846587
-6.978330397500515,0.10170903539696448,0.07194066467613977,0.13941923617377752
-6.971279205936776,0.10221818854432514,0.0725004813863961,0.1404651942521414
-6.964228014373038,0.1027272317134122,0.07270674932915146,0.14156991178775016
-6.957176822809299,0.1032350980596608,0.07283202777300364,0.14184147353977908
-6.950125631245561,0.10374076556738722,0.07316785440823692,0.14270497967988463
-6.943074439681823,0.10424318659144462,0.07338015698142472,0.14285370082841176
-6.936023248118083,0.10474130440841858,0.07298079973477604,0.14361275666932247
-6.928972056554345,0.10523398860431174,0.0727236071445097,0.14524522691186323
-6.921920864990606,0.10571992752925816,0.07248160152216511,0.146641728411826
-6.9148696734268675,0.10619777164593426,0.07247944867763585,0.14738049232331632
-6.90781848186313,0.10666649795346532,0.07213212491164847,0.14789142684119586
-6.90076729029939,0.10712551114429011,0.07155206314226417,0.14879544468654474
-6.893716098735652,0.10757428742706236,0.0714306939513262,0.1500272257303188
-6.886664907171913,0.10801204307239294,0.07164210359516583,0.1502331451414093
-6.8796137156081745,0.10843784710809473,0.07163112124965684,0.15088841355825378
-6.872562524044437,0.10885088676941852,0.07206475720023409,0.15178909552868386
-6.865511332480697,0.10925040807251703,0.07221392374669328,0.15230986845862762
-6.858460140916959,0.10963545599464579,0.07271063459565164,0.1516815345269865
-6.85140894935322,0.1100048539927946,0.07310812162703269,0.1517056111077437
-6.844357757789481,0.11035744908564779,0.0736283751624367,0.15213546377896647
-6.8373065662257435,0.11069231746074835,0.07416090309089401,0.15174398389359095
-6.830255374662005,0.11100880507426437,0.07484383473526343,0.15127254844915333
-6.823204183098266,0.11130645063306685,0.0755314466950213,0.15161777193393147
-6.816152991534527,0.11158481698385193,0.07544071676139803,0.15267953529901004
-6.809101799970788,0.11184335296418484,0.07552016180726828,0.15301840528207397
-6.8020506084070504,0.11208147173868267,0.07612496626675028,0.15368926057511845
-6.794999416843312,0.11229877410917243,0.07620838464851316,0.1537818294664443
-6.787948225279573,0.1124951547439267,0.07639709893955818,0.15370975915336746
-6.780897033715835,0.11267077322584294,0.07681960813157201,0.15347286339122568
-6.773845842152095,0.11282610596750244,0.07698268251501432,0.15310512596513665
-6.766794650588357,0.11296211863375054,0.07700302601537502,0.15367570153403712
-6.759743459024619,0.11308031565518056,0.07718946921220048,0.15418260658765728
-6.75269226746088,0.1131824006858163,0.0772266010336721,0.15302731994935082
-6.745641075897142,0.11326962462848475,0.07763121423518993,0.15331833965931443
-6.738589884333402,0.11334235466007898,0.07843097981804716,0.1542117954266611
-6.731538692769664,0.11340035264553674,0.07869691231096751,0.15397725840495843
-6.7244875012059255,0.11344348684143801,0.07897930214905297,0.15395855044370974
-6.717436309642187,0.11347205495634272,0.07939077275586297,0.15436119027276132
-6.710385118078449,0.11348643975033533,0.07963591295118293,0.1548067310567217
-6.703333926514709,0.11348672148692383,0.07982130578979198,0.15460230468665484
-6.696282734950971,0.11347282377713831,0.07998810237558118,0.15465483724219012
-6.6892315433872325,0.11344496821877767,0.08002674654113724,0.1540276142463639
-6.682180351823494,0.11340385409254967,0.08001948073801964,0.15359880688982203
-6.675129160259756,0.11335042123322195,0.08013027051579032,0.1527003402926329
-6.668077968696017,0.11328558981648873,0.08014903306663884,0.15180187369544382
-6.661026777132278,0.11321032827724781,0.07994483073882074,0.1517490915175647
-6.653975585568539,0.11312587546332488,0.07953852226169059,0.15245760935013286
-6.646924394004801,0.11303367977972677,0.07974604584232944,0.15263245173359002
-6.639873202441063,0.11293502026794,0.07992568937945718,0.15275685648044768
-6.632822010877324,0.11283073399171786,0.07994991309622068,0.15262459878449114
-6.625770819313585,0.11272128449449323,0.07991767622515179,0.15188606366420082
-6.618719627749847,0.11260694144428275,0.08012089823237896,0.15144187897712977
-6.6116684361861076,0.11248783526982163,0.08036548767713127,0.15066870746216882
-6.60461724462237,0.11236396114557506,0.08031257724976983,0.1502433115705332
-6.597566053058631,0.11223526680607367,0.08012496839586714,0.1500901214931945
-6.590514861494892,0.11210174979813868,0.08014582244756852,0.15015179869979484
-6.583463669931154,0.11196339430200111,0.0798458757345858,0.14978064155501958
-6.5764124783674145,0.11181997248147085,0.07949657171376459,0.14963545724772656
-6.569361286803677,0.11167098675589669,0.07917016173611509,0.14937486845787384
-6.562310095239938,0.11151593744090824,0.07887677118512151,0.149725848432036
-6.555258903676199,0.11135469263342747,0.07858640937306573,0.1498345760835721
-6.548207712112461,0.11118758870272082,0.07817779852848437,0.1501248808077107
-6.541156520548721,0.11101524064586069,0.07776918768390301,0.15043751208232367
-6.5341053289849835,0.11083835891884702,0.07736057683932164,0.15052558839483218
-6.527054137421245,0.11065771688266082,0.07703107230826396,0.15040436695706677
-6.520002945857506,0.11047412256202473,0.07669875723133185,0.15000697461000959
-6.512951754293768,0.11028827115347986,0.07630071722389781,0.1496358032605048
-6.505900562730029,0.1101005673803115,0.07590267721646375,0.14933894020140936
-6.4988493711662905,0.1099110671879148,0.07569220641027324,0.14903005026610247
-6.491798179602552,0.109719561244165,0.07524195757214262,0.14861811464494176
-6.484746988038813,0.1095257062411535,0.07481989537518215,0.14859103379192115
-6.477695796475075,0.10932912533540672,0.07465284351618637,0.1487393631868538
-6.470644604911336,0.10912948971064339,0.07471875888959126,0.14836837125039803
-6.463593413347597,0.10892661480930635,0.07426022539414068,0.14736450034244294
-6.4565422217838595,0.10872052833295459,0.07391566753089202,0.14723676214807332
-6.44949103022012,0.10851143534392024,0.07369594488507397,0.14762638571570386
-6.442439838656382,0.1082995976269058,0.0736012264771182,0.1480940809368159
-6.435388647092643,0.1080852407285722,0.07367280655146022,0.148561772225176
-6.428337455528904,0.1078685742114872,0.07329145324095741,0.14883964084631673
-6.421286263965166,0.10764988471442055,0.07272718750997556,0.14868128187909005
-6.414235072401427,0.10742957709702794,0.07204979331093912,0.1478568336277494
-6.407183880837689,0.1072080898271271,0.07157572927576751,0.14705295521145856
-6.40013268927395,0.10698573067418171,0.07114922952067847,0.14624826698138196
-6.393081497710211,0.106762543135614,0.07056185932355558,0.1454434201678212
-6.386030306146473,0.10653827680968934,0.07005927213392679,0.14536499703176778
-6.378979114582734,0.10631245116910924,0.06914758828636987,0.14548547862538333
-6.371927923018996,0.1060844483804468,0.06898097144699787,0.145564338809729
-6.364876731455257,0.10585359126846032,0.06891653354218343,0.14501204753192284
-6.357825539891518,0.10561922674208367,0.06859168065910093,0.14445975625411672
-6.35077434832778,0.10538085695303703,0.0681581716034425,0.14393145099017013
-6.3437231567640415,0.10513831016974681,0.06773723147996608,0.1434650433054229
-6.336671965200303,0.10489187459385553,0.06731073172487703,0.14389842684751156
-6.329620773636565,0.10464229417235045,0.06688423196978799,0.14389750701068368
-6.322569582072825,0.10439058967332185,0.06645206865465264,0.14382710925567047
-6.315518390509087,0.10413778141283392,0.06609269343498402,0.14404231116370092
-6.3084671989453485,0.10388464598570596,0.06594125563146581,0.14415383357289688
-6.30141600738161,0.1036315983449235,0.06572549824463621,0.14343969110955504
-6.294364815817872,0.10337870533935321,0.06509214518050137,0.14274411737377604
-6.287313624254132,0.10312577438662139,0.06443151348960491,0.14235692240768255
-6.280262432690394,0.10287246861566096,0.0638502517265818,0.14238343007489912
-6.273211241126655,0.10261845300894644,0.06341661557190333,0.14242659755234066
-6.266160049562917,0.10236358841683252,0.06283781568525681,0.14246752817193292
-6.259108857999179,0.10210813193847944,0.06219411061717991,0.14292888041807442
-6.252057666435439,0.10185285732794952,0.061550405549102995,0.1434479714898603
-6.245006474871701,0.10159900857725518,0.0609067033710387,0.1439325825635568
-6.237955283307962,0.10134803552778465,0.06030393010973182,0.14431060488287062
-6.2309040917442235,0.10110117293627165,0.05987743915114923,0.14447241853746318
-6.223852900180486,0.10085907741857696,0.0594454325403625,0.14460431115916872
-6.216801708616746,0.10062173774571351,0.05872931591769706,0.14403389923191773
-6.209750517053008,0.10038868398109096,0.058278625577548225,0.14323741714354418
-6.202699325489269,0.10015935499193213,0.05794002313601462,0.14286543925396603
-6.1956481339255305,0.09993348372624507,0.05778222554753186,0.1430690869901699
-6.188596942361793,0.09971142381819406,0.05765288067457628,0.14294070472530662
-6.181545750798054,0.09949431318485175,0.05748456079467858,0.14263877357734822
-6.174494559234315,0.09928388208469369,0.057379749620830506,0.1424125998123075
-6.167443367670577,0.09908180961798935,0.057322233053435936,0.14204847598180503
-6.160392176106837,0.09888893731100945,0.05705849691173417,0.14182027057508664
-6.1533409845430995,0.09870492455683882,0.05652476263978064,0.14187615500863746
-6.146289792979361,0.09852859331902017,0.05599986284295697,0.1418014869272218
-6.139238601415622,0.09835860029295693,0.05560434781248236,0.14142239833606995
-6.132187409851883,0.09819391886285138,0.05556473782845342,0.14104330974491813
-6.125136218288145,0.09803395629453265,0.05547513541728505,0.14066422115376628
-6.1180850267244065,0.09787845241591911,0.055231282115913494,0.1402851325626144
-6.111033835160668,0.0977273489935732,0.05528087054222359,0.13990604397146258
-6.103982643596929,0.09758070647528425,0.05538562109913575,0.13952695538031074
-6.09693145203319,0.09743864008618792,0.055069644013979895,0.1391478667891589
-6.089880260469452,0.09730122301076159,0.05515958281048854,0.13876877819800706
-6.082829068905713,0.09716838022326485,0.05547333327718165,0.13839508555104682
-6.075777877341975,0.09703987844137128,0.05592657161849436,0.1381449978088042
-6.068726685778236,0.09691547282123016,0.05637980995980708,0.1380456363136005
-6.061675494214498,0.09679511463365258,0.05645964832342872,0.13788977336824274
-6.054624302650759,0.09667903442582235,0.05677335330656534,0.13767854068797533
-6.04757311108702,0.09656762908786397,0.05710322638502608,0.13742551044748813
-6.0405219195232815,0.09646126407887565,0.05680311400238071,0.137147535380996
-6.033470727959543,0.09636011095207715,0.05677234632723846,0.1368577849622533
-6.026419536395805,0.09626400623041892,0.057031950006598296,0.13656363771001043
-6.019368344832066,0.09617233336835661,0.05729155368595814,0.1362681924343143
-6.012317153268327,0.09608407904382575,0.05758618766408399,0.13597244445108203
-6.0052659617045885,0.09599814142283015,0.05783458063110608,0.1356766407693287
-5.99821477014085,0.0959136901610262,0.05805180461215178,0.13538083065606096
-5.991163578577112,0.09583032925489324,0.0581299483812197,0.13508502054279325
-5.984112387013373,0.09574806740279282,0.05806724658541922,0.1347892104295255
-5.977061195449634,0.09566725988051762,0.05830806528566519,0.13449340031625776
-5.970010003885895,0.09558856646508013,0.05869774152992328,0.13419759020299005
-5.9629588123221575,0.09551281664048739,0.05876139717249883,0.1339017800897223
-5.955907620758419,0.09544072690268658,0.058561279459585835,0.1335427732538437
-5.94885642919468,0.09537258830807714,0.05870778249950765,0.13315137467586513
-5.941805237630941,0.09530812144519057,0.05870172567150848,0.13317709019895754
-5.934754046067202,0.09524661308227654,0.05853917967018394,0.13295381010426874
-5.9277028545034645,0.09518728065832553,0.05836287955612265,0.13273377626945163
-5.920651662939726,0.09512966292316712,0.05840579793583048,0.13265574695232735
-5.913600471375987,0.09507380058508125,0.05844221431275446,0.13261831539630947
-5.906549279812248,0.09502008914582977,0.058559680681013235,0.1325808838402916
-5.89949808824851,0.09496890329438334,0.05880827729085609,0.13254345228427372
-5.892446896684771,0.09492026484633742,0.05915537989812567,0.13250602072825582
-5.885395705121033,0.09487378594688131,0.05954974875366846,0.13246858917223794
-5.878344513557294,0.09482887731557593,0.059906232030825464,0.13243115761622007
-5.871293321993555,0.09478501247029851,0.060179586531798036,0.13233457394303214
-5.864242130429817,0.09474186199719808,0.06045294103277062,0.13202343200809863
-5.857190938866078,0.09469927616046472,0.0607262955337432,0.13171176197464654
-5.8501397473023395,0.0946572088608878,0.06099397271451938,0.1313999938477841
-5.843088555738601,0.09461566232908654,0.061258648593217245,0.13109356223527902
-5.836037364174862,0.09457466071740184,0.0615233244719151,0.13079861650154936
-5.828986172611124,0.09453422936213528,0.061738917076963516,0.13050367076781974
-5.821934981047385,0.09449437139501278,0.0619061655448351,0.13020872503409012
-5.8148837894836465,0.09445504851587994,0.06207341401270666,0.12991377930036047
-5.807832597919908,0.09441617347544752,0.06224066248057824,0.12965997232488236
-5.80078140635617,0.0943776231756979,0.062407910948449816,0.1295626606335236
-5.793730214792431,0.09433927319758295,0.06257515941632139,0.12946534894216485
-5.786679023228692,0.09430103864004787,0.06265767893123932,0.12936803725080606
-5.779627831664953,0.09426290686698684,0.06245848391053098,0.1292707255594473
-5.772576640101215,0.09422496359528997,0.06265950800037207,0.1290628005960854
-5.765525448537477,0.09418740595497431,0.06287164665037395,0.12884421655377465
-5.758474256973738,0.09415050730250032,0.06327262200160388,0.1286256325114639
-5.751423065409999,0.09411451081950312,0.06351314530134887,0.12840704846915313
-5.74437187384626,0.09407950869997167,0.06357551518666087,0.1281957327429191
-5.7373206822825225,0.09404541522791822,0.06363239212107766,0.12799266777858254
-5.730269490718784,0.09401206208953897,0.06353977345820719,0.127789602814246
-5.723218299155045,0.09397931350397315,0.063725140770449,0.1275865378499095
-5.716167107591306,0.09394709182360214,0.06392129600939975,0.12754353749674074
-5.709115916027567,0.09391532435621504,0.06400246170582928,0.12754101071247873
-5.702064724463829,0.09388390187042346,0.06408362740225883,0.12772220722035107
-5.695013532900091,0.09385269499785699,0.06407254946187398,0.1278367139363226
-5.687962341336352,0.0938215959714824,0.06405468687977506,0.12788089142158027
-5.680911149772613,0.09379054005217868,0.06403682429767614,0.12772563875824636
-5.673859958208875,0.09375949967565152,0.06401896171557722,0.1275762127105868
-5.666808766645136,0.09372847027254358,0.06400109913347832,0.12742678666292725
-5.6597575750813975,0.09369746218839396,0.0639832365513794,0.1272773606152677
-5.652706383517659,0.09366649817527695,0.06411020316328217,0.12710550634350395
-5.64565519195392,0.09363560888271255,0.06435422471034767,0.12691440232806675
-5.638604000390182,0.09360482345091078,0.06459824625741319,0.12670800619420364
-5.631552808826443,0.09357416378754298,0.06471828457714586,0.12650099320013555
-5.6245016172627045,0.09354365436537232,0.06464298594695976,0.1262939802060675
-5.617450425698966,0.09351334199205649,0.0645648856040647,0.1260869672119994
-5.610399234135227,0.09348329877329184,0.06448678526116965,0.12593791900935017
-5.603348042571489,0.09345359145347422,0.06440868491827459,0.12579694081399864
-5.59629685100775,0.0934242419506126,0.06451945862611551,0.12557244366219703
-5.589245659444011,0.09339522703299723,0.06470433491744097,0.12540867777523512
-5.582194467880273,0.09336652853489609,0.06487676334203672,0.12545770125379088
-5.575143276316535,0.0933381857599914,0.06498541210488708,0.12535710707221365
-5.568092084752796,0.09331029377735046,0.06483968912886469,0.1252352933036676
-5.561040893189057,0.09328294794527522,0.06473946714589307,0.12507325979507197
-5.553989701625318,0.09325618783926858,0.06468157635151199,0.12483564661327703
-5.54693851006158,0.09322998255024342,0.06465731946019243,0.12466897356356943
-5.539887318497842,0.09320425114117473,0.06465109892843444,0.12453777350572272
-5.532836126934103,0.09317889206938273,0.06465241496297092,0.12440657344787602
-5.525784935370364,0.09315380965473602,0.06475083477457674,0.12427537339002931
-5.518733743806625,0.09312893778265886,0.06485682270308318,0.1241441733321826
-5.511682552242887,0.09310425899668688,0.06495480465542307,0.12401297327433587
-5.504631360679149,0.09307980956345904,0.06505278660776294,0.12392142704710161
-5.49758016911541,0.09305565889148969,0.06523236205794293,0.12393162727977021
-5.490528977551671,0.09303186701940182,0.06524588360879492,0.12394182751243879
-5.483477785987932,0.09300845080381219,0.0653158344410569,0.12395202774510737
-5.476426594424194,0.09298539237890062,0.06535650982224538,0.12396222797777595
-5.4693754028604555,0.09296268443901033,0.06538099013700024,0.12389699714000314
-5.462324211296717,0.09294036886729985,0.06539562586846678,0.12381673545063877
-5.455273019732978,0.09291853553228163,0.06548208437217683,0.12373839166205955
-5.448221828169239,0.09289729196991398,0.0655313176314016,0.12366389404001174
-5.441170636605501,0.09287673519718063,0.06529480926698734,0.12342596163113159
-5.4341194450417625,0.09285693385155577,0.06526641065985235,0.12342032362790244
-5.427068253478024,0.09283790523736347,0.06528088980476855,0.12338475664574457
-5.420017061914285,0.0928195902798904,0.06528682256065395,0.12322053550742791
-5.412965870350547,0.09280186007791813,0.06513714688711825,0.12307052161759229
-5.405914678786808,0.09278457057744507,0.06504628002628872,0.12297088053273046
-5.398863487223069,0.09276763173178226,0.06509411587363068,0.1228656641012029
-5.391812295659331,0.09275104093438197,0.06514195172097263,0.122998790285806
-5.384761104095592,0.09273485966661645,0.06492732750182448,0.12314644201540546
-5.377709912531854,0.09271915182640621,0.06475127107110523,0.12321217668676475
-5.370658720968115,0.09270392681586145,0.06475580666300589,0.12319129695604071
-5.363607529404376,0.092689127609646,0.06476034225490652,0.12317041722531667
-5.356556337840638,0.09267467005145678,0.06476487784680716,0.12314953749459266
-5.3495051462769,0.09266050337561782,0.0647694134387078,0.12312865788368627
-5.342453954713161,0.09264665683303751,0.06463026164269098,0.12310777962772253
-5.335402763149422,0.09263325750911285,0.06445751212487766,0.12328578894048725
-5.328351571585683,0.0926205193947844,0.06437865014816743,0.12355922290576164
-5.3213003800219445,0.09260869660782767,0.06437865014816743,0.12353991574706838
-5.314249188458207,0.09259799177264601,0.06437865014816743,0.12350119573724354
-5.307197996894468,0.09258845265959707,0.06437865014816743,0.12346317400801346
-5.300146805330729,0.0925799340411255,0.06437865014816743,0.12342637583937989
-5.29309561376699,0.09257216588840798,0.06437865014816743,0.12339126615667603
-5.286044422203251,0.09256487798218956,0.06437865014816743,0.12335798877988965
-5.2789932306395135,0.09255789193839842,0.06437865014816743,0.12332627273744838
-5.271942039075775,0.09255113999803347,0.06437865014816743,0.12329668052225835
-5.264890847512036,0.09254462924109262,0.06437865014816743,0.12326935942610213
-5.257839655948297,0.0925383798689321,0.06437865014816743,0.12324228544326721
-5.250788464384559,0.092532360071244,0.06437865014816743,0.12321529055942147
-5.2437372728208205,0.09252645578726197,0.06426182360364592,0.12318831545302053
-5.236686081257082,0.09252050876153584,0.06424599972098956,0.12316134420699815
-5.229634889693343,0.09251439583636342,0.06424599972098956,0.12313437353460935
-5.222583698129604,0.09250808091413752,0.06424599972098956,0.12310740286222055
-5.215532506565866,0.0925016116577072,0.06424599972098956,0.12324505267897115
-5.208481315002127,0.09249508920486907,0.06424599972098956,0.12342511089865658
-5.201430123438389,0.09248863844993947,0.06424599972098956,0.12344109326854098
-5.19437893187465,0.09248238195476718,0.06418011198020468,0.12343952067334114
-5.187327740310912,0.09247641650858848,0.06406561038094202,0.12353675101603345
-5.180276548747173,0.09247079685227806,0.06393151873847151,0.12366909943259857
-5.173225357183434,0.0924655339702771,0.06379742709600103,0.12366364986069449
-5.166174165619696,0.09246061793379144,0.06366333545353052,0.1236344363513603
-5.159122974055957,0.09245606243165823,0.06352924381106002,0.12360522795812724
-5.152071782492219,0.09245194321010393,0.06339515216858953,0.12371365342339478
-5.14502059092848,0.09244840095141138,0.06326106052611902,0.12412181294889807
-5.137969399364741,0.09244559950608273,0.06312696888364851,0.12457208374190226
-5.1309182078010025,0.09244365087714025,0.06299287724117801,0.1250253182166615
-5.123867016237264,0.0924425456956274,0.06285878559870751,0.1254819308239351
-5.116815824673526,0.09244214595965214,0.06272469395623702,0.12589086524875392
-5.109764633109787,0.09244225591525415,0.06259060231376652,0.12610223293007247
-5.102713441546048,0.0924427149781699,0.06245651067129602,0.1263247071424036
-5.095662249982309,0.09244344450782473,0.06232241902882552,0.1264983318890711
-5.0886110584185715,0.0924444339829808,0.06218832738635502,0.12665090322864792
-5.081559866854833,0.09244569790889334,0.06205423574388452,0.12670277909070857
-5.074508675291094,0.0924472396467192,0.06192014410141402,0.12672049093538137
-5.067457483727355,0.09244904226024649,0.06178605245894352,0.12673820278005418
-5.060406292163616,0.09245108078755651,0.06165196081647302,0.12675591462472702
-5.0533551005998785,0.09245333053970667,0.06149795334755658,0.12677362646939982
-5.04630390903614,0.09245575642071391,0.06131789832477787,0.12679133831407263
-5.039252717472401,0.09245829846774228,0.061137843301999166,0.12680905015874544
-5.032201525908662,0.09246087780576379,0.06095778827922046,0.12682676200341828
-5.025150334344924,0.0924634261955921,0.060763805975063596,0.12684447384809108
-5.018099142781185,0.0924659189683995,0.06056484870574948,0.1268621856927639
-5.011047951217447,0.09246838935141616,0.060406979699466526,0.1268798975374367
-5.003996759653708,0.09247092161354502,0.06026210917623593,0.12689760938210953
-4.996945568089969,0.09247363407714972,0.06008268866334579,0.12691532122678234
-4.989894376526231,0.09247665157739812,0.059898161834890995,0.12694934255569865
-4.982843184962492,0.09248006013838125,0.05987896752409111,0.12705375389147824
-4.9757919933987536,0.09248386830598544,0.05987896752409111,0.1271581652272578
-4.968740801835015,0.0924880262956322,0.05987896752409111,0.12727198248636615
-4.961689610271276,0.09249250709484697,0.05987896752409111,0.12759298139907027
-4.954638418707538,0.0924973755263975,0.05987896752409111,0.1279690703480737
-4.947587227143799,0.0925027681596641,0.05987896752409111,0.12834515929707713
-4.9405360355800605,0.09250878809870641,0.05987896752409111,0.12854537382309048
-4.933484844016322,0.09251540103890257,0.05987896752409111,0.12864978515887007
-4.926433652452584,0.09252242995600517,0.05987896752409111,0.12875419649464964
-4.919382460888845,0.09252965910511085,0.05987896752409111,0.12886255300156668
-4.912331269325106,0.0925369455729497,0.05987896752409111,0.12897795500427042
-4.905280077761367,0.09254423702258859,0.05987896752409111,0.12906447799980397
-4.898228886197629,0.09255151136745186,0.05987896752409111,0.12906447799980397
-4.891177694633891,0.09255872810758138,0.05987896752409111,0.12906447799980397
-4.884126503070152,0.09256583251250701,0.05987896752409111,0.12906447799980397
-4.877075311506413,0.09257277983479859,0.05987896752409111,0.12906447799980397
-4.870024119942674,0.09257954119023365,0.05987896752409111,0.12906447799980397
-4.8629729283789365,0.09258609336542656,0.05984067904968392,0.12906447799980397
-4.855921736815198,0.09259241892751031,0.05969115196683874,0.12906447799980397
-4.848870545251459,0.09259852897617317,0.05964671918312769,0.12906447799980397
-4.84181935368772,0.09260448876580071,0.05964671918312769,0.12906447799980397
-4.834768162123981,0.09261041068152417,0.05964671918312769,0.12906447799980397
-4.827716970560243,0.09261640274030383,0.05964671918312769,0.12906447799980397
-4.820665778996505,0.09262250517932179,0.05964671918312769,0.12906447799980397
-4.813614587432766,0.09262866616307747,0.05964671918312769,0.12914318790210336
-4.806563395869027,0.09263477707787747,0.05956479386176104,0.12930086092085732
-4.799512204305289,0.09264073947833626,0.059457962019423,0.1294734248100882
-4.79246101274155,0.0926465135950508,0.05934390893684743,0.12964598869931906
-4.7854098211778116,0.09265211615398936,0.059345322072867246,0.12981855258854993
-4.778358629614073,0.09265757501791266,0.05942821227501896,0.1299911164777808
-4.771307438050334,0.09266287748119459,0.05950968243929772,0.13016368036701167
-4.764256246486596,0.09266794771609013,0.0595846783364826,0.13033624425624254
-4.757205054922857,0.09267266767112346,0.05964671918312769,0.13050880814547342
-4.7501538633591185,0.09267693243238379,0.05964671918312769,0.13068137203470429
-4.74310267179538,0.09268071091708864,0.05964671918312769,0.13085393592393516
-4.736051480231641,0.09268407328491028,0.05964671918312769,0.13102649981316603
-4.729000288667903,0.09268716243728159,0.05964671918312769,0.1311990637023969
-4.721949097104164,0.09269012838308878,0.05964671918312769,0.13120725801228486
-4.714897905540425,0.09269307640247547,0.05964671918312769,0.13120725801228486
-4.707846713976687,0.09269606183901816,0.05964671918312769,0.13120725801228486
-4.700795522412949,0.09269911411996877,0.05964671918312769,0.13120725801228486
-4.69374433084921,0.09270225225480412,0.05964671918312769,0.13120725801228486
-4.686693139285471,0.09270548026192649,0.05964671918312769,0.13120725801228486
-4.679641947721732,0.09270877832454674,0.05964671918312769,0.13120725801228486
-4.672590756157994,0.0927121025418324,0.05964671918312769,0.13120725801228486
-4.665539564594256,0.09271539044039073,0.05964671918312769,0.13120725801228486
-4.658488373030517,0.09271856817339445,0.05964671918312769,0.13120725801228486
-4.651437181466778,0.09272156307361991,0.05964671918312769,0.13120725801228486
-4.644385989903039,0.09272432247806187,0.05964671918312769,0.13120725801228486
-4.637334798339301,0.09272682864613196,0.05964671918312769,0.13120725801228486
-4.630283606775563,0.09272909912319474,0.05964671918312769,0.13120725801228486
-4.623232415211824,0.09273117494404912,0.05964671918312769,0.13120725801228486
-4.616181223648085,0.0927331069522136,0.05964671918312769,0.13120725801228486
-4.609130032084346,0.0927349452371366,0.05964671918312769,0.13120725801228486
-4.602078840520608,0.09273673112476762,0.05964671918312769,0.13120725801228486
-4.5950276489568695,0.09273849238896033,0.05964671918312769,0.13120725801228486
-4.587976457393131,0.09274024320824904,0.05964671918312769,0.13120725801228486
-4.580925265829392,0.09274198684430128,0.05964671918312769,0.13120725801228486
-4.573874074265653,0.09273751033816473,0.05964272784599477,0.13119847810941368
-4.566822882701915,0.0926987372647084,0.059616701058502766,0.13114122595089664
-4.5597716911381765,0.09249483920699296,0.05948452612542674,0.13085047549916404
-4.552720499574438,0.09168346067241398,0.058961764124264196,0.12970053515533778
-4.545669308010699,0.08918088822354436,0.057351543800309206,0.12615846953303364
-4.538618116446961,0.08317538058346968,0.05348882604732988,0.11766149582207794
-4.531566924883222,0.07195432471352825,0.046272319220624566,0.10178705903617712
-4.524515733319483,0.05562706677011499,0.0357723637442347,0.07868988980079207
