x,S_mean,S_lo,S_hi
-9.989189195216897,0.4690163975964992,-1.0184223296804031,1.9593383220962772
-9.982138003653157,1.018872917812888,-0.532431700480306,2.63468838869751
-9.975086812089419,1.4170573975556087,-0.055677484301143804,3.0981029990882663
-9.96803562052568,1.6018118397842624,0.12224574017357713,3.4281754095039294
-9.960984428961941,1.5440775908569886,0.08378136295616528,3.2932947959524035
-9.953933237398203,1.2538035464812907,-0.4256232310298869,2.9665903405801957
-9.946882045834464,0.7849754877659286,-0.8961669061980617,2.4510357100945868
-9.939830854270726,0.23539695309218772,-1.3915514202641444,1.992615238883099
-9.932779662706986,-0.27147276501193107,-1.9270273200060255,1.434440188159279
-9.925728471143248,-0.6261482887307227,-2.616085006467044,1.138652967220069
-9.91867727957951,-0.7760555827998745,-3.006639518999687,1.1030567857543396
-9.91162608801577,-0.7426147498088507,-3.1543062506471142,1.4909102093287412
-9.904574896452033,-0.5981122522631179,-3.3248919579445304,1.8680236986201049
-9.897523704888295,-0.4174281280626668,-3.4949281604860833,2.0389897856780297
-9.890472513324555,-0.23712000042728362,-3.4052128937829287,2.2012666789189277
-9.883421321760817,-0.04553594267597118,-3.2054255433719465,2.7230343341726844
-9.876370130197078,0.19634558667065666,-2.687300129724028,3.0948480877515028
-9.86931893863334,0.5208938571629702,-2.109622414069187,3.36596805050935
-9.862267747069602,0.9250145886645821,-1.7337778519176992,3.742009102576744
-9.855216555505862,1.3569480118690325,-1.2720419340284994,4.35807619136191
-9.848165363942124,1.722626954291032,-0.6568015256557436,4.634513278035863
-9.841114172378385,1.9114313811344634,-0.1903454964596014,4.543173228381277
-9.834062980814647,1.8345408372641778,-0.13252024579252064,4.179929710744198
-9.827011789250909,1.460686412241119,-0.5221250299010239,3.874789028512668
-9.81996059768717,0.8319173962563593,-1.3588021158056458,3.145576011672039
-9.812909406123431,0.051380173046762935,-2.1940781831924823,2.191773552735213
-9.805858214559692,-0.7491395189655239,-3.220257586402395,1.6123552295325545
-9.798807022995954,-1.443884306297853,-3.8520547766928326,0.983058459583653
-9.791755831432216,-1.9346558575213884,-4.343541927963787,0.6315530047970355
-9.784704639868476,-2.156248271789017,-4.555875051783577,0.5767264055525418
-9.777653448304738,-2.074607604138228,-4.7018604206014105,0.6390642434443456
-9.770602256741,-1.6891003060065426,-4.48240076442636,1.275319847476097
-9.76355106517726,-1.0424859025973137,-3.9693704217287777,2.234319006481678
-9.756499873613523,-0.23013069283116555,-3.6050575054221814,3.684094028328299
-9.749448682049783,0.6071924289859724,-3.032134714411682,4.9450903649888325
-9.742397490486045,1.3177098601109216,-2.454833380033825,6.369323098644139
-9.735346298922307,1.7936400838014581,-2.1109243328508507,7.1004072099272255
-9.728295107358568,2.019350289662591,-1.6919173911535041,6.699657055095441
-9.72124391579483,2.07737495722979,-1.4483879270994284,6.5557329650291924
-9.71419272423109,2.095132699638361,-0.933555312023258,6.256890882871134
-9.707141532667352,2.155272208993477,-0.7358522825357863,6.31723658716692
-9.700090341103614,2.228216155396247,-0.5533456786824793,5.738522852090952
-9.693039149539874,2.182815649096157,-0.692074305670672,5.578380751617183
-9.685987957976137,1.8794401507578866,-1.067559846191694,5.241754392934725
-9.678936766412397,1.2821943400468323,-2.068505274348941,4.448455238624903
-9.671885574848659,0.5016383141146543,-2.9734573954263976,3.6986011627091986
-9.664834383284921,-0.2715602926223995,-3.444352548416996,3.6526350106242664
-9.657783191721181,-0.8914166268914999,-4.026060083044365,3.302850406927904
-9.650732000157443,-1.335903107818064,-4.577310600738,2.896690563831666
-9.643680808593704,-1.672715213654102,-5.249229080318269,3.0365355431765195
-9.636629617029966,-1.9421092960661515,-5.592200593300695,2.625747155596465
-9.629578425466228,-2.062802216054245,-5.850945890580712,2.3142218038642177
-9.622527233902488,-1.851918272861194,-5.718780262406278,2.23484967825546
-9.61547604233875,-1.1566751498383363,-4.993139039234564,3.020139977687766
-9.608424850775013,-0.002900889700003577,-3.7051826608898466,4.337386135978599
-9.601373659211273,1.3512940823946447,-2.1650741267932743,6.013271638461471
-9.594322467647535,2.500243993142311,-1.2747671845688107,7.15759537751302
-9.587271276083795,3.062632362719533,-0.8776597585375228,7.769880137935128
-9.580220084520057,2.839472532560885,-0.8806035870318606,7.535245638536151
-9.57316889295632,1.8795344158636305,-1.4141148587533854,6.330281769785798
-9.56611770139258,0.4386670210618892,-2.4172841878890883,4.311283999268952
-9.559066509828842,-1.1252348214803307,-4.018422706495192,2.4760199186689285
-9.552015318265102,-2.4648690376776385,-5.452228605859741,1.153005769444018
-9.544964126701364,-3.3255734353016284,-6.28431671807997,0.24186423251563302
-9.537912935137626,-3.5853489282399433,-7.084087348024323,-0.12415608857799902
-9.530861743573887,-3.258565549821468,-6.78005999997527,0.6217936856711854
-9.523810552010149,-2.474675745211033,-5.9875238161607305,1.9164481530365307
-9.51675936044641,-1.4425810720906862,-5.166338479316862,2.956505090279685
-9.509708168882671,-0.4079000538957126,-4.421893378538646,4.582206136918148
-9.502656977318933,0.39332314796792384,-3.9360716181648012,5.462998124780483
-9.495605785755194,0.781193467419319,-3.6983446437469643,6.305886374829469
-9.488554594191456,0.6709093950900711,-4.088394146619084,6.049023294836415
-9.481503402627716,0.0920587259724156,-4.604079127727414,5.1741995152335365
-9.474452211063978,-0.8196359631264312,-5.429342302499474,4.038093946265343
-9.46740101950024,-1.8544561207346713,-6.743044175335595,2.547862880170634
-9.4603498279365,-2.772709738193107,-7.329189480969097,1.5660956822845715
-9.453298636372763,-3.351274686304853,-7.751068233556305,0.7166651327171069
-9.446247444809025,-3.43060999460642,-8.147351926124594,0.39946720455418366
-9.439196253245285,-2.959054039012883,-7.709645045473761,0.8006061791237524
-9.432145061681547,-2.0196070806297417,-7.356179303786035,2.2135018361605208
-9.425093870117808,-0.816432258311627,-6.679497040071658,4.900760459104727
-9.41804267855407,0.39064885345907957,-5.393842355574181,6.3999712223592296
-9.410991486990332,1.3861484742025136,-4.7219319420178785,8.406524026437786
-9.403940295426592,2.0866739357073887,-4.303185494652803,9.205565087866606
-9.396889103862854,2.5632495181708084,-3.4736262070430897,9.403585289257844
-9.389837912299114,2.973395943842263,-2.671676797281229,9.759595816361903
-9.382786720735377,3.4326635557632117,-1.7263926939745118,10.362160070610857
-9.375735529171639,3.9039449185038175,-1.0669955995459341,11.05548634573319
-9.368684337607899,4.185737130711447,-1.282644239185587,11.092909937065775
-9.361633146044161,4.022247786322719,-1.6316185571593464,11.46095469419239
-9.354581954480421,3.2721184535540067,-2.819366658593518,10.651158809943817
-9.347530762916683,2.023682479984183,-4.357131451454419,9.196692580419533
-9.340479571352946,0.576410507100589,-5.960722915330274,7.470862746275212
-9.333428379789206,-0.7000293570636232,-7.344264249244787,6.414548246860949
-9.326377188225468,-1.5363532251323766,-8.515426448025504,4.614757375095017
-9.319325996661728,-1.8607007156526385,-8.324163512854623,4.561858668952864
-9.31227480509799,-1.780072934294337,-8.292796116798,4.774342845932059
-9.305223613534253,-1.482925420537704,-7.8926379284933015,4.6324961594477685
-9.298172421970513,-1.1376233886759122,-7.4505195431248294,4.758511624207094
-9.291121230406775,-0.8412527581119671,-6.878838208507368,4.849406625614817
-9.284070038843037,-0.6236823564936739,-6.618396822633708,5.058780437436578
-9.277018847279297,-0.4758578880196104,-6.590022588080918,5.708281024760755
-9.26996765571556,-0.3709558572170164,-6.282331044840211,5.970339487288515
-9.26291646415182,-0.2715203536300053,-5.68150851762135,6.133075928341772
-9.255865272588082,-0.13719220700472914,-5.467644322953776,5.720196192072654
-9.248814081024344,0.05357781378596875,-5.386440030500961,5.714478470848841
-9.241762889460604,0.27476726291568293,-5.708976454442841,5.978513346744376
-9.234711697896866,0.4414906788339352,-5.274604622845144,6.381790845634288
-9.227660506333127,0.43575638275745754,-5.094825794797083,6.200734496852135
-9.220609314769389,0.16242770114653363,-5.097828872927032,6.108970837855249
-9.213558123205651,-0.39732074058914196,-5.392722533420801,5.391256583108389
-9.206506931641911,-1.1697792191945116,-5.949642427704118,4.080150740922337
-9.199455740078173,-2.019520336259497,-7.039995755930103,3.272037577352023
-9.192404548514434,-2.8049138226059642,-8.136242766190772,2.4332691954141152
-9.185353356950696,-3.4213342197268553,-8.99057485554856,1.8767876534596173
-9.178302165386958,-3.807595218625112,-9.991940517022572,1.833232475712228
-9.171250973823218,-3.9203255485594615,-10.057674994539417,2.2603543995326865
-9.16419978225948,-3.7059254789723557,-10.009861349148938,2.6583458436903027
-9.15714859069574,-3.1033279513306873,-10.25499923699429,3.3143980451498227
-9.150097399132003,-2.089501475348269,-9.18573890906936,4.153487992054843
-9.143046207568265,-0.7458571640411339,-7.514621566918063,6.038585047171184
-9.135995016004525,0.7004621060530563,-5.88809080248238,7.770716430042059
-9.128943824440787,1.902734330954548,-5.420012453722907,9.193135960222728
-9.12189263287705,2.4974499240064314,-5.311148840853354,9.937488120026753
-9.11484144131331,2.247976087838446,-5.415082697875894,10.04474201671573
-9.107790249749572,1.1628614841744258,-6.323206201140908,9.226195888028837
-9.100739058185832,-0.4738765499037165,-7.724232386761666,7.431279713298378
-9.093687866622094,-2.1841743725963036,-9.433646014483644,6.179420619755405
-9.086636675058354,-3.457622840462527,-10.608031406088877,5.596745897152851
-9.079585483494617,-3.921852612814227,-10.847447195626348,5.169663348035646
-9.072534291930879,-3.4492887761666364,-10.772727322484092,6.096855252072795
-9.065483100367139,-2.166265860785803,-9.175682720923263,7.688285725767514
-9.058431908803401,-0.3808203182552244,-7.960279703739986,9.397626954799707
-9.051380717239663,1.5250784128827197,-6.082039172789117,11.281018011014522
-9.044329525675924,3.196778429204619,-5.652642961957184,13.4077762066408
-9.037278334112186,4.381083653663408,-5.09599387090822,14.870854010818205
-9.030227142548446,4.9682695414646645,-4.051201567295924,16.29834092497613
-9.023175950984708,4.99857570880389,-4.01577698037032,16.735290236976038
-9.01612475942097,4.628704635263785,-4.275154203150331,16.519989447180567
-9.00907356785723,4.063291049221037,-4.893696828963379,16.43497393379878
-9.002022376293493,3.4745120487531627,-4.364142004346283,14.795825810221999
-8.994971184729753,2.9448332050906654,-5.336165146571744,13.742266246204787
-8.987919993166015,2.4601807718200965,-6.329747805272353,13.434668914584016
-8.980868801602277,1.9547705229616121,-6.722861103746292,13.134579127938407
-8.973817610038537,1.379277349947254,-7.761821711024989,12.53526264831933
-8.9667664184748,0.7494151140970279,-9.233777333222577,11.777104004349074
-8.959715226911062,0.14307455052207582,-10.586327101622748,11.213852418126724
-8.952664035347322,-0.3529291167328847,-11.602187129145884,10.456019710700904
-8.945612843783584,-0.7095969761125835,-11.7599943424906,10.121651981140625
-8.938561652219844,-0.9855143436104133,-11.102959084637755,8.597753721336112
-8.931510460656106,-1.2921472025364606,-10.615308185235564,7.6772516489572915
-8.924459269092367,-1.7141647097894863,-11.120571917972185,6.812505673205259
-8.917408077528629,-2.239764934567874,-11.327356430419243,6.541784083792268
-8.910356885964891,-2.7496131815907425,-11.324600522930584,5.825730681863047
-8.903305694401151,-3.0695473394246946,-11.309721635272599,4.982673935922354
-8.896254502837413,-3.049639586083016,-11.114021081586767,5.2633713277865555
-8.889203311273675,-2.6250240046531395,-10.13623429349933,5.912570262122356
-8.882152119709936,-1.839611348460341,-10.121895067152163,6.4345519098217725
-8.875100928146198,-0.8398285575275605,-8.21754204242076,7.356036963042599
-8.868049736582458,0.15256678779894542,-7.179201970316596,8.494468777333237
-8.86099854501872,0.8927713597263709,-6.5885829672711305,9.025212731145714
-8.853947353454982,1.194780519215692,-6.812655796632372,9.625263695630846
-8.846896161891243,1.0218512847584034,-6.84473035080956,10.093445530936865
-8.839844970327505,0.5331775840651535,-7.161553401148643,8.878878392073709
-8.832793778763765,0.033215349708596006,-7.424853844676604,8.675962545742383
-8.825742587200027,-0.1810510518910626,-7.872193421462007,8.790222970047742
-8.81869139563629,-0.0024963048138133513,-8.117475366172611,8.263849342879904
-8.81164020407255,0.3941388586454494,-7.649507668731194,9.391498403200172
-8.804589012508812,0.6360514075673106,-6.643059019960328,10.538183688189202
-8.797537820945074,0.38490709680784174,-7.164515499021923,10.560010080839998
-8.790486629381334,-0.4237254228425318,-8.09865296295215,9.06351099338745
-8.783435437817596,-1.498515450048037,-9.362953835317956,7.090710516596528
-8.776384246253857,-2.333828040463983,-9.970039785546296,5.970786294372211
-8.769333054690119,-2.4898574248935637,-10.282249395543822,6.18961897036086
-8.762281863126379,-1.8373775128814027,-9.285054081547047,7.1770903442987155
-8.755230671562641,-0.6248696048096019,-7.928585935082168,8.21653926123921
-8.748179479998903,0.6563088272555422,-7.830492303824335,10.27281282949319
-8.741128288435164,1.5176373787873854,-7.237308991642338,10.763714173744862
-8.734077096871426,1.6935933807118921,-6.309782887845267,10.687223392139266
-8.727025905307688,1.2336410083712939,-6.03850986933466,9.744311090796325
-8.719974713743948,0.4414084034118442,-6.221887612628417,8.672571598753109
-8.71292352218021,-0.2880094440436162,-6.800402510736792,8.13621584730937
-8.70587233061647,-0.6438073396884646,-7.165098468907245,7.234066287611683
-8.698821139052733,-0.5111926518423663,-6.999753255620879,6.550001329063886
-8.691769947488995,0.012567844235034745,-6.646082843870246,7.349616473385403
-8.684718755925255,0.6828536074670638,-5.920388034710607,7.9968797409187395
-8.677667564361517,1.2146836189244141,-5.6244075815191765,8.489769289681165
-8.670616372797777,1.392016684825182,-5.331572896399374,8.438343011306413
-8.66356518123404,1.1446852271339916,-5.443550195416148,7.5894796765500745
-8.656513989670302,0.5652204007757815,-5.422335213684789,6.986441454538079
-8.649462798106562,-0.1439305203535718,-6.017002706795843,6.244286903202792
-8.642411606542824,-0.769184248536783,-6.363578033050244,5.512066428543913
-8.635360414979086,-1.1780711330302114,-6.405194233670826,5.051531738179595
-8.628309223415346,-1.354774147706715,-6.49498028477811,4.689571031914846
-8.621258031851609,-1.3666078480630415,-6.834515849593434,4.463869869473777
-8.614206840287869,-1.2946375692415864,-6.947626147218592,4.640313843189582
-8.607155648724131,-1.180021885147247,-6.672502136009307,4.3045996535723985
-8.600104457160393,-1.017993764561671,-6.352887297421201,4.092876843684842
-8.593053265596653,-0.7926523629965498,-6.051059362534734,5.294807609893205
-8.586002074032915,-0.5172104964282549,-5.841691890731379,5.444810999981094
-8.578950882469176,-0.24386025767262332,-5.660743542605031,6.142416742998783
-8.571899690905438,-0.03296234258733734,-5.690154285980201,6.896483033915053
-8.5648484993417,0.09554798173742972,-5.500758708404187,6.908446870153488
-8.55779730777796,0.18900696834071243,-5.373663401720584,7.576977144998273
-8.550746116214222,0.3416136932463578,-5.291285371488629,7.147849625107742
-8.543694924650483,0.6368175730301581,-4.82096850668948,7.405358313891678
-8.536643733086745,1.0913553252501746,-4.102928934652234,7.919867807799818
-8.529592541523007,1.637812326063045,-3.6566518570283013,9.146927365930614
-8.522541349959267,2.1522911535412144,-3.4020497182614466,8.975384665434303
-8.51549015839553,2.5019795897821515,-3.8219400460935873,8.942068846489361
-8.50843896683179,2.5803708274536614,-3.790566350406139,8.5277676352935
-8.501387775268052,2.3184267920451167,-3.7306881155963594,8.261378671477667
-8.494336583704314,1.686970012751415,-3.8207336649152603,7.7738085371967145
-8.487285392140574,0.7131581613420915,-4.604854848899718,6.478276768834999
-8.480234200576836,-0.4869294051714364,-5.8517963732066445,4.798395836754884
-8.473183009013098,-1.6899500767017632,-6.525811195651658,3.3782036322555986
-8.466131817449359,-2.603479006805169,-7.32979789806801,2.322309708554885
-8.45908062588562,-2.9733825922583907,-7.8884272132549,1.9044481927142995
-8.452029434321881,-2.7155885799800674,-7.230416152774994,1.9000592112007575
-8.444978242758143,-1.9876919838146014,-6.65092802873814,2.643923088345722
-8.437927051194405,-1.1356452994008819,-5.25641440551966,3.690850534602405
-8.430875859630666,-0.527513451380764,-4.70794120780068,4.500655230815956
-8.423824668066928,-0.3668465373501111,-4.929850229191185,4.6026071975289895
-8.416773476503188,-0.5994363275749816,-4.880579548268615,3.983584331884915
-8.40972228493945,-0.9688668626423755,-4.887367349501086,3.3302189415986008
-8.402671093375712,-1.1794794822590469,-5.322719131815767,3.1777992525115284
-8.395619901811973,-1.0599945260126058,-5.300907046189026,3.462870438975917
-8.388568710248235,-0.631065763374675,-4.821123783519663,3.756506934694096
-8.381517518684497,-0.05262787857004268,-4.130193603359264,4.416499188369847
-8.374466327120757,0.4935090179674495,-3.5629833731882385,4.5712571721085276
-8.36741513555702,0.8986163516058445,-3.1747371467798144,5.089614190765429
-8.36036394399328,1.1445703642085332,-2.885394689598128,5.677676762034519
-8.353312752429542,1.2548401265826161,-3.2313668532979465,5.770317389478144
-8.346261560865802,1.2375747274408577,-3.372114833954052,5.749015352131886
-8.339210369302064,1.0748625348665504,-3.4996624317583973,5.7318429201921575
-8.332159177738326,0.7641324770221616,-3.4074677196722054,5.446400799936345
-8.325107986174586,0.3686196829357355,-3.7995382540402924,4.648472656736837
-8.318056794610849,0.023540345572397255,-4.145639214540431,4.064689137108689
-8.31100560304711,-0.121802691706026,-3.9858220031207705,4.404458197008097
-8.303954411483371,0.0031907567161383074,-3.781710673142939,4.527456708900528
-8.296903219919633,0.3216274429354238,-3.7221461000050713,5.27378600245243
-8.289852028355893,0.616516363610949,-3.2440001788124806,5.829750850313186
-8.282800836792156,0.6271031748342295,-3.4733231155741753,6.1116617358221195
-8.275749645228418,0.19332652764105857,-3.931931808364549,5.345984036925735
-8.268698453664678,-0.630963338390699,-4.626124129789524,3.723054397655377
-8.26164726210094,-1.5696274272621777,-5.5973471605205996,2.241150304616361
-8.2545960705372,-2.237810876245607,-5.60258172335672,1.5942322212894098
-8.247544878973462,-2.3197347659705434,-5.8576308732885485,1.5222975116917825
-8.240493687409725,-1.7131588710974215,-5.237532071618775,2.3909526158812597
-8.233442495845985,-0.5678364082823342,-4.537612947821613,3.604149236167228
-8.226391304282247,0.7871084453590985,-3.2753948503678383,5.955095211689346
-8.219340112718509,1.9746368256063345,-2.191190234735158,7.449613613697532
-8.21228892115477,2.6961114921591083,-1.6777182575533747,8.17343227725272
-8.205237729591031,2.813399132348556,-1.7596354954025237,8.384715127709555
-8.198186538027292,2.375741443352806,-1.9477487938017821,7.428741018297926
-8.191135346463554,1.5920940771593957,-2.6220980623942016,6.120999428342581
-8.184084154899814,0.7535428815767795,-3.102817127440036,5.326576675267488
-8.177032963336076,0.12307760043217632,-3.5142615328393747,4.3685183083418035
-8.169981771772338,-0.16901307029227208,-3.592695407252934,3.977867797211239
-8.162930580208599,-0.17532169444452278,-3.5886388634488644,4.027660236072477
-8.15587938864486,-0.09519693507284856,-3.4790621203366077,3.70816992047184
-8.148828197081123,-0.16225608583595924,-3.5489896686791793,3.8067569454652785
-8.141777005517383,-0.5098829901486271,-3.745917362803931,3.3149873457042873
-8.134725813953645,-1.0880424753156193,-4.000387928764329,2.8556954791760796
-8.127674622389906,-1.6819914626838397,-4.6102906507416535,1.8625326768828945
-8.120623430826168,-2.026588348255512,-4.799837432582113,1.5023689526017465
-8.113572239262428,-1.9507429846239153,-4.618448126132751,1.6061535736130819
-8.10652104769869,-1.4647931329436066,-4.389046666778952,1.8639751545258023
-8.099469856134952,-0.7390016486833171,-3.5974707358551608,2.662131131684773
-8.092418664571213,0.005929102333416015,-2.996595096991791,3.349402394427233
-8.085367473007475,0.6162614929533939,-2.5232055514678895,3.8252058617558413
-8.078316281443737,1.0499369735506072,-2.1998892826386474,4.08032770378499
-8.071265089879997,1.3280979067615624,-1.8328352875524343,4.425496292041456
-8.06421389831626,1.4477594368328546,-1.8100334924998784,4.520201327615968
-8.057162706752521,1.340554303758933,-1.9763788722531221,4.7322980550572185
-8.050111515188782,0.9236229117329047,-2.3126660180563996,4.369385794076668
-8.043060323625044,0.20962819382739273,-2.8653198587771977,3.3458394470707145
-8.036009132061304,-0.6149395389979195,-3.530989382453204,2.2469629058823926
-8.028957940497566,-1.223501411526071,-4.163118167665172,1.7187050707777247
-8.021906748933826,-1.3002259967390015,-3.8339141168629007,1.4673551730617076
-8.014855557370089,-0.7257480652924188,-3.4177241271203593,2.08155903149853
-8.00780436580635,0.31984042045128325,-2.422799059142076,3.350095401884668
-8.000753174242611,1.410210161979142,-1.4606737566773145,4.827908719056404
-7.993701982678873,2.0613910055041003,-0.7611325964781074,5.641669114612492
-7.986650791115134,1.9547481526626738,-1.025151153349484,5.167503867409368
-7.9795995995513955,1.0788373623900698,-1.788074566900058,3.870081732978045
-7.972548407987658,-0.2718121856582738,-3.0802104907041885,2.3630569679135127
-7.965497216423918,-1.6246501392209853,-4.248206078322369,1.029502888009355
-7.95844602486018,-2.5151577664281057,-5.061579873325474,0.22207124360300592
-7.951394833296441,-2.6555311425793136,-5.2389707256069675,-0.20572765511272026
-7.9443436417327025,-2.0322025739843665,-4.509957939038497,0.27836106797608123
-7.937292450168965,-0.9039280408550041,-3.27411212924552,1.5924539374968472
-7.930241258605226,0.3030119520912726,-2.132395640098892,3.3176117362243915
-7.923190067041487,1.171378042404379,-1.2562195963320666,4.334415339374588
-7.916138875477749,1.469697153384983,-0.9323074849456343,4.539567866654562
-7.909087683914009,1.241385249808274,-1.1631356038332354,4.058839163027629
-7.9020364923502715,0.7555479338580566,-1.4905762554206685,3.2861265179542505
-7.894985300786533,0.34724740708066465,-1.8175648928726944,2.8092901963779067
-7.887934109222794,0.24112774300124,-2.1961476326377904,2.863130215323043
-7.880882917659056,0.45553169942608035,-2.0242895147191766,3.0107082440626014
-7.873831726095316,0.8246951745562878,-1.5675323643968473,3.5329313309203934
-7.866780534531578,1.10380089816857,-1.32419038076581,4.05953966076233
-7.85972934296784,1.0875756967806132,-1.4937417081610112,3.9875389915175012
-7.852678151404101,0.6889001580015103,-1.7978270111195034,3.5419518821035467
-7.845626959840363,-0.038913609737175905,-2.423097494167396,2.411966484437547
-7.838575768276623,-0.9263509188526907,-2.9411505146076156,1.402851295859982
-7.831524576712885,-1.7417298246401756,-3.829365115766571,0.37914933873095796
-7.824473385149147,-2.2592553471212886,-4.584431293438893,-0.3786560962289297
-7.817422193585408,-2.3244243388201458,-4.6136930788436485,-0.43243204451454004
-7.81037100202167,-1.8995625613978695,-4.099181971888723,0.06680495012988094
-7.80331981045793,-1.0770296849290766,-3.2774944605101384,0.9593344024808833
-7.796268618894192,-0.05614672694098993,-2.1624449540313075,2.209138191184458
-7.7892174273304535,0.9121840951408742,-1.2654152140870465,3.2793205353177712
-7.782166235766715,1.6012705511670737,-0.5483920090457971,4.19611509483808
-7.775115044202977,1.8822393774198833,-0.4905412001807287,4.740663866968865
-7.768063852639238,1.7645306906202423,-0.5450229471428255,4.695843809725921
-7.761012661075499,1.3792713932169,-0.7111549199816726,4.097685860554163
-7.753961469511761,0.909138013181277,-1.0126861384710852,3.55629852982822
-7.746910277948022,0.5016873708608568,-1.3817007059440418,2.76365698403508
-7.739859086384284,0.21548366973647173,-1.6899872426749651,2.5225873905151426
-7.732807894820545,0.026171612969851724,-1.934021390553662,2.248415821476332
-7.725756703256806,-0.1216700528963902,-2.045551365889404,2.1719511503830233
-7.718705511693068,-0.2592759644380065,-2.233595201167545,1.91311497046646
-7.711654320129329,-0.3723006703180937,-2.3218428538949176,1.7432213437804251
-7.704603128565591,-0.4205040310611345,-2.428044253035638,1.7261330870878768
-7.697551937001852,-0.37698831530344407,-2.1818802468353793,1.5967830498793139
-7.690500745438113,-0.25736338728126607,-1.969163016525397,1.7554125721523208
-7.683449553874375,-0.12117911396607263,-1.7750039864796345,1.8129361180966286
-7.6763983623106355,-0.04656723161314584,-1.7790005746137494,1.9186102870742479
-7.669347170746898,-0.0924466939864417,-1.7695421389916637,1.7936341884405889
-7.662295979183159,-0.2670918345522402,-2.0025895500293562,1.4102563192010682
-7.65524478761942,-0.5186137317352197,-2.2973136472144393,1.1784745266570904
-7.648193596055682,-0.753884364999169,-2.4759042930326816,0.8950867931395142
-7.6411424044919425,-0.8797367008115062,-2.5097884401320747,0.6822064926489717
-7.634091212928205,-0.8481078907359262,-2.4602431386153234,0.740641786797725
-7.627040021364466,-0.6817875934406329,-2.3284907581688175,1.0021324639836686
-7.619988829800727,-0.4650805991584011,-2.232263135377858,1.210876205808156
-7.612937638236989,-0.30251687656916965,-2.01911336645518,1.44120979705535
-7.60588644667325,-0.2679232418247736,-2.008164497190835,1.5321729367142636
-7.5988352551095115,-0.37185149206618173,-2.0202577547181084,1.4848508482174074
-7.591784063545774,-0.5625540392248414,-2.2633876342741472,1.1881187955874737
-7.584732871982034,-0.7541896149343051,-2.4754119576267923,0.8331778393553285
-7.577681680418296,-0.8622768015536222,-2.664989790502872,0.8422348601049403
-7.570630488854557,-0.8290163155782192,-2.6755433529746586,1.0226718170486109
-7.5635792972908185,-0.6338117637754654,-2.368276120492308,1.4671286825631982
-7.556528105727081,-0.29427962846793876,-1.9844074970611894,1.734161253497328
-7.549476914163341,0.1367131235927458,-1.6765199727695266,1.8374042716984955
-7.542425722599603,0.5784543074536828,-1.1323972432448792,2.3421931478224036
-7.535374531035864,0.9386535990079778,-0.888966320540252,2.907472149849207
-7.528323339472125,1.1398099503237036,-0.7786329609838214,3.2752715576849694
-7.5212721479083875,1.148434947470294,-0.8661619477467655,3.4403578628340905
-7.514220956344648,0.9928090162686201,-0.8232689948117922,3.220386781860255
-7.50716976478091,0.7558255089937277,-0.9110948523181056,2.847211113219076
-7.500118573217171,0.5401121921512303,-1.1175627194624644,2.6995593461896195
-7.493067381653432,0.4185027241693845,-1.455106034437276,2.5959196708905394
-7.486016190089694,0.39525511269837876,-1.5280714277190257,2.5853852445805465
-7.478964998525956,0.4033049468237792,-1.4821650958701331,2.5059495094470114
-7.471913806962217,0.34640926182040965,-1.6595054378649865,2.533711262017933
-7.464862615398478,0.16783509938913835,-1.7309095977081659,2.360022260242133
-7.457811423834739,-0.09522725547627005,-1.9484631228244136,1.9214694158765158
-7.450760232271001,-0.3120586154516493,-2.2181732731381594,1.726344821049463
-7.443709040707263,-0.32438339804370897,-1.9759466742701786,1.7402274961184978
-7.436657849143524,-0.044318940704250395,-2.018532397197496,2.1231064557760786
-7.429606657579786,0.47720325543336706,-1.3660922531799997,2.8880284807967187
-7.422555466016046,1.0595059555592428,-0.7950420865295547,3.38574562956598
-7.415504274452308,1.4763941532935412,-0.34031924174538997,3.858009395098368
-7.4084530828885695,1.5624277772613981,-0.22179408860009123,4.000479726065492
-7.401401891324831,1.276966862143801,-0.4967744431367496,3.6446784613141214
-7.394350699761093,0.6982537702031194,-1.1230749803795186,2.6126172076671885
-7.387299508197353,-0.028932097240754993,-1.9378849895329373,1.9092852268218887
-7.380248316633615,-0.7462294881457286,-2.4960847609348726,1.0265240812169674
-7.3731971250698765,-1.309541488549655,-3.0348619463711666,0.3336799161084901
-7.366145933506138,-1.6013915650523078,-3.3751408978175244,-0.0016161799223101602
-7.3590947419424,-1.5505846570024286,-3.482011269785054,0.11877377178276252
-7.35204355037866,-1.1630642483553169,-2.9423438728685958,0.518522738134825
-7.344992358814922,-0.5410615476127573,-2.269027850295625,1.148514744954827
-7.337941167251183,0.13656705840776046,-1.4539534827174152,1.814644081186592
-7.330889975687445,0.6754931237238949,-0.9177574505334714,2.502648564201221
-7.323838784123707,0.9401195399708822,-0.5633555762535998,2.7074772712065274
-7.316787592559968,0.9012791032713658,-0.5394130726191686,2.578188204923029
-7.309736400996229,0.6341258362603578,-0.8558491418886554,2.281800353147182
-7.30268520943249,0.27175416467130065,-1.1943090433811132,1.973522151282141
-7.2956340178687515,-0.05878409843332361,-1.4581587488110865,1.409571743285322
-7.288582826305014,-0.28730702895522764,-1.7444610695565832,1.0929971931534765
-7.281531634741275,-0.4170964332407929,-1.8248884904588194,0.922237050244438
-7.274480443177536,-0.502586151753261,-1.9241009798544129,0.8135796501714738
-7.267429251613798,-0.6013777198347326,-2.0709594981345534,0.6247288613823281
-7.2603780600500585,-0.7274332975166922,-2.1732949469510183,0.4087809083174804
-7.253326868486321,-0.8334634960241948,-2.1922847347346206,0.3596643652916535
-7.246275676922582,-0.8347516237216966,-2.1939095650568277,0.35504862817014926
-7.239224485358843,-0.6611208497992186,-1.8703438792807143,0.5347783360433849
-7.232173293795105,-0.3054757718121224,-1.5275252163639015,0.9488337141917087
-7.225122102231365,0.16006522918975846,-1.0720958844298805,1.5821700721563758
-7.2180709106676275,0.608166385405405,-0.662374740608354,2.067400610949298
-7.211019719103889,0.9047630925055028,-0.551709665041698,2.551108548527825
-7.20396852754015,0.9574163921281353,-0.413079784941757,2.4594382014089478
-7.196917335976412,0.7465798867311358,-0.5243306042789494,2.2283315060197233
-7.189866144412672,0.3352153785941666,-0.9602350210384295,1.7668635692124142
-7.1828149528489345,-0.14302507162363018,-1.3972454149089253,1.2724631664930148
-7.175763761285196,-0.518922136356256,-1.7401292863294415,0.7964234266061443
-7.168712569721457,-0.645056262622159,-1.9273318595479656,0.620806707378586
-7.161661378157719,-0.4595839275643215,-1.8054253663795115,1.0433361586881542
-7.15461018659398,-0.024550111610984585,-1.3395316217610436,1.5331275865041523
-7.147558995030241,0.49041453368105153,-0.841554230989568,2.137488942394023
-7.140507803466503,0.8796364935472747,-0.48065143461121995,2.5515670830433224
-7.133456611902764,0.9927264693987817,-0.2261592684570622,2.679325695826761
-7.126405420339026,0.7959937232234522,-0.43402630469741155,2.4980299477654504
-7.119354228775287,0.3742698722928372,-0.7938714064005893,1.7602519032460187
-7.112303037211548,-0.11921972386803667,-1.3256758355907559,1.1017014160082363
-7.10525184564781,-0.5320376577518118,-1.709714479222668,0.47722014134568935
-7.098200654084071,-0.7684608177278124,-1.9571342266459022,0.2609685504222675
-7.091149462520333,-0.8155930897901313,-2.0355218737620233,0.2829629410469031
-7.084098270956594,-0.7361840290875674,-1.9684472171132008,0.3420886347511056
-7.077047079392855,-0.630953405410748,-1.8704069763983395,0.5002075510535912
-7.069995887829117,-0.5818182704470846,-1.787014147364322,0.7839847465551909
-7.062944696265378,-0.601814407871196,-1.7737419876157206,0.7253696406758998
-7.05589350470164,-0.6244613805550335,-1.7301626846203373,0.5159302400211937
-7.048842313137901,-0.5481642518200697,-1.65244389804466,0.4766449640731877
-7.041791121574162,-0.31331710276865776,-1.480950406476246,0.9126249488308616
-7.034739930010424,0.040740783564145795,-1.1939876782395207,1.5126061853417476
-7.027688738446685,0.3851495517631838,-0.9153373750482099,1.9145907926763195
-7.020637546882947,0.5782826513857828,-0.8471457018996599,2.1955797273325777
-7.013586355319208,0.5593131802113247,-0.7331946335022951,2.047675131015347
-7.006535163755469,0.39146507234445044,-0.7642440265921203,1.7024040975569847
-6.999483972191731,0.22121920052910846,-0.9045026753296185,1.3520591738959846
-6.9924327806279925,0.17934651428304105,-0.9371129232466432,1.4193583518834583
-6.985381589064254,0.2915105834819701,-0.9340428856166556,1.6807269813999974
-6.978330397500515,0.46012937653302166,-0.8552883168490046,1.7907307418512879
-6.971279205936776,0.5302205584509074,-0.7927121433177164,2.0059543525061234
-6.964228014373038,0.39473310284448837,-0.9086678570030862,1.9191701314519725
-6.957176822809299,0.06841145501285721,-1.2500921524845197,1.4874005078919563
-6.950125631245561,-0.31894576748826386,-1.5021796260233562,0.9489077065237717
-6.943074439681823,-0.6037062523360412,-1.842719003865777,0.48730738656535644
-6.936023248118083,-0.6870694327261438,-1.9873683603154861,0.4150561441289018
-6.928972056554345,-0.5837441424705706,-1.9492411026326497,0.7026891679891962
-6.921920864990606,-0.3916174688943581,-1.911025229254247,1.0821296843076058
-6.9148696734268675,-0.2121762646564225,-1.693619091621141,1.3503356039228838
-6.90781848186313,-0.08504817782374217,-1.380063111881257,1.3583059518462535
-6.90076729029939,0.017482828071036266,-1.2309189842424306,1.263779397432276
-6.893716098735652,0.1422007941851529,-1.0035768163540126,1.4124401092499523
-6.886664907171913,0.3007076769366273,-1.0121275802681593,1.729255280418544
-6.8796137156081745,0.45465529902328844,-0.8361850685495128,1.9903322070530562
-6.872562524044437,0.5467203355341114,-0.8440676655956375,2.237184288986822
-6.865511332480697,0.5453505367543594,-0.7303022581184114,2.039210490855036
-6.858460140916959,0.46580545267322565,-0.7896649120390843,1.7391595929597643
-6.85140894935322,0.35582948435277567,-0.9930859267134573,1.5459678180557719
-6.844357757789481,0.26359781528113035,-1.1215200069504374,1.5585589695840578
-6.8373065662257435,0.21358370366688453,-1.1295928847181689,1.6417449696623458
-6.830255374662005,0.20210051128220974,-1.215353837251754,1.696808196761641
-6.823204183098266,0.20674449675610965,-1.182168620233076,1.6613428424701426
-6.816152991534527,0.19848004055017893,-1.0051528888805572,1.598078126663185
-6.809101799970788,0.15101598661190685,-1.0943618169453615,1.54515184002985
-6.8020506084070504,0.04823112241595372,-1.22834656267682,1.3168593672951556
-6.794999416843312,-0.10997951777538427,-1.2348989862996582,1.0666382812270319
-6.787948225279573,-0.30604894282041617,-1.494963987264755,0.9606187235172778
-6.780897033715835,-0.5088738481715174,-1.8158425450396742,0.78908156375286
-6.773845842152095,-0.6808811761068049,-2.087259434265115,0.5933441951623298
-6.766794650588357,-0.783756606564728,-2.2283009695989056,0.4734005864907163
-6.759743459024619,-0.7828930857265359,-2.102509769491916,0.41382276846247845
-6.75269226746088,-0.654899943543592,-1.8783235444062665,0.3939415798867015
-6.745641075897142,-0.39973831634078166,-1.520122821954195,0.687122428812725
-6.738589884333402,-0.05089018375209793,-1.0823319421838613,1.119975106578569
-6.731538692769664,0.32686722320364553,-0.7398013253763353,1.5829095405980291
-6.7244875012059255,0.6556183682770661,-0.4797707293514836,2.0078397825719367
-6.717436309642187,0.8696260891141402,-0.2475187928938801,2.2170166573315226
-6.710385118078449,0.9332932838083283,-0.11871744736085862,2.2299237310017355
-6.703333926514709,0.8437796019670776,-0.13699932307459406,2.1319498664213867
-6.696282734950971,0.6224783257250646,-0.3693410766535734,1.807377999549685
-6.6892315433872325,0.3058668746643184,-0.7316166071108323,1.3786294139938449
-6.682180351823494,-0.05798589351243797,-1.1364010677776064,1.0470757433837408
-6.675129160259756,-0.40993627285449596,-1.6174254497194487,0.6518377422163779
-6.668077968696017,-0.6845552554930298,-1.9716765643777152,0.44213553908888686
-6.661026777132278,-0.8230642570421506,-1.9537455855058234,0.30267234772759843
-6.653975585568539,-0.7909485513250792,-1.836829816385357,0.25636318965398297
-6.646924394004801,-0.5920113018894295,-1.711032185119843,0.42222890817940434
-6.639873202441063,-0.27176820955263264,-1.3888524673369724,0.8464804236124096
-6.632822010877324,0.09161947698152588,-0.980520766092913,1.1406139446414203
-6.625770819313585,0.4056869507941384,-0.6667717438180372,1.5249291975981376
-6.618719627749847,0.586416921069106,-0.5266419320583564,1.8001168099676328
-6.6116684361861076,0.5811241643360453,-0.499518850680327,1.728450867060704
-6.60461724462237,0.3867791411764646,-0.6189082302828086,1.42854260994666
-6.597566053058631,0.056953724739990066,-0.9179321368334186,1.0704189816160552
-6.590514861494892,-0.3093757901062626,-1.279965448972154,0.6862020670054082
-6.583463669931154,-0.5977652843412702,-1.595007558878699,0.3499010774153352
-6.5764124783674145,-0.717455449920203,-1.8182505377021432,0.1731430172665525
-6.569361286803677,-0.6337844992817576,-1.6847289077688272,0.3056409063837966
-6.562310095239938,-0.3804812418686325,-1.4130541931790555,0.6229275210345622
-6.555258903676199,-0.04753285272518315,-1.0752727368125148,0.9706471571658752
-6.548207712112461,0.2507678179245845,-0.7724830284576972,1.4549138467033482
-6.541156520548721,0.4174788929872659,-0.5724739435663401,1.633601275392044
-6.5341053289849835,0.41068437414590847,-0.5745521742262003,1.5372738157819414
-6.527054137421245,0.2615706568458385,-0.6690589004571319,1.275849333555985
-6.520002945857506,0.061216339350026204,-0.8394169169502244,0.9385616425841443
-6.512951754293768,-0.08233625750913152,-0.8729911323062066,0.7253189613644955
-6.505900562730029,-0.09747082175876587,-1.0041282066388166,0.8424972041750701
-6.4988493711662905,0.01604821612510739,-1.0582465893845105,1.0500221463150579
-6.491798179602552,0.1913398336308261,-1.0215413051262987,1.3671360020968162
-6.484746988038813,0.3357350323100256,-0.8320727993233993,1.5938003366929903
-6.477695796475075,0.3841345660081798,-0.7114288948792375,1.5438172545386306
-6.470644604911336,0.3323587525294668,-0.6310719795878806,1.410305887987955
-6.463593413347597,0.23203474350305747,-0.6234898790104438,1.1995765671593344
-6.4565422217838595,0.15298972778652292,-0.6870264933068545,1.0936882906387901
-6.44949103022012,0.13792004116046952,-0.7469392979426175,1.1073375415512854
-6.442439838656382,0.17623323834791763,-0.7932333793454441,1.1389212629077008
-6.435388647092643,0.21044729085191682,-0.748248992066597,1.2342417721748868
-6.428337455528904,0.16947185167718407,-0.7738995625105737,1.2085893223669546
-6.421286263965166,0.00946496632542313,-0.9714539816604182,1.154919073533621
-6.414235072401427,-0.2593314238009616,-1.2920913661991587,0.9160694693129651
-6.407183880837689,-0.5726268101713708,-1.614836369186341,0.4162762066284088
-6.40013268927395,-0.8372874680687522,-1.868912306859471,0.09373563100049097
-6.393081497710211,-0.96765422984743,-1.9105637532645292,-0.04913704932938747
-6.386030306146473,-0.9155868941993007,-1.8963426298637571,-0.012623471756612594
-6.378979114582734,-0.6834484521868268,-1.6799045330321587,0.22337436509135652
-6.371927923018996,-0.319632925936051,-1.2213983436205962,0.6539257720580661
-6.364876731455257,0.09742481417967266,-0.8240504398227548,1.1114537050203046
-6.357825539891518,0.48081492719110946,-0.581073532681402,1.521474083313237
-6.35077434832778,0.7581464214570909,-0.33634061992907777,1.8945689482872363
-6.3437231567640415,0.8906715086161845,-0.14505625618906345,2.03796875986221
-6.336671965200303,0.8807874465759477,-0.08226073220136595,1.939636491766489
-6.329620773636565,0.7625095466387467,-0.13151377935812067,1.6943485286194346
-6.322569582072825,0.5787167096144074,-0.2734988513446246,1.5454900062564947
-6.315518390509087,0.35863827702618223,-0.5251316369934256,1.4432893411230745
-6.3084671989453485,0.11012366149773851,-0.7778168905595662,1.1272669315646917
-6.30141600738161,-0.16850123696171906,-1.0532236411098972,0.7033374285502932
-6.294364815817872,-0.465765936830738,-1.4148425252330603,0.35079856855133007
-6.287313624254132,-0.7401647919585357,-1.6987270432418433,0.10528715928367735
-6.280262432690394,-0.9229121188823649,-1.865252594253311,-0.0983782567965024
-6.273211241126655,-0.9429260244212393,-1.8055041574161652,-0.1982151152976108
-6.266160049562917,-0.7630457959828051,-1.6280695153613636,-0.12837732389693288
-6.259108857999179,-0.4080991214820591,-1.1947673684312903,0.2750794046266874
-6.252057666435439,0.032343218371010694,-0.6536412391963244,0.8225395829144794
-6.245006474871701,0.43117935391340223,-0.2958834282141837,1.2764147684927203
-6.237955283307962,0.6699487528116538,-0.08928688136985685,1.557896036537804
-6.2309040917442235,0.6836180285983322,-0.06966390720159243,1.6189312790612425
-6.223852900180486,0.48532600830976963,-0.3326424717111856,1.4400893500859209
-6.216801708616746,0.1622278913038547,-0.667877307462721,1.0388483137165556
-6.209750517053008,-0.15518217512056165,-1.0720215930611905,0.6656072540222703
-6.202699325489269,-0.339650301481727,-1.1801760329455906,0.4527772935553986
-6.1956481339255305,-0.31429993414652024,-1.0520025484021691,0.45858742488297044
-6.188596942361793,-0.08341052852363232,-0.7878496805566759,0.6961865095967619
-6.181545750798054,0.26684976626800294,-0.4521107514051467,1.131895457733106
-6.174494559234315,0.6011762798723671,-0.16906306650577232,1.6741692889561577
-6.167443367670577,0.7893244462752347,-0.06708671560468041,1.9037520628584548
-6.160392176106837,0.7570502726969578,-0.1852869244883771,1.8925312597996429
-6.1533409845430995,0.5092085184397839,-0.42170691705681357,1.5344991615068315
-6.146289792979361,0.11622391340478531,-0.7253986251525827,0.9126651457328957
-6.139238601415622,-0.3228390290006527,-1.1300770465508323,0.3702260552274299
-6.132187409851883,-0.7155158330023784,-1.588935948003029,-0.012633201454633676
-6.125136218288145,-0.9920251132733726,-1.8925585057513452,-0.25136328394221774
-6.1180850267244065,-1.1045538178342433,-1.9967439386724963,-0.3467205657406708
-6.111033835160668,-1.0257785017280991,-1.916928339068184,-0.33685254004502513
-6.103982643596929,-0.7579315637698544,-1.5956870393661007,-0.10574617697859048
-6.09693145203319,-0.3464848344895673,-1.1722088691909047,0.39583137161169407
-6.089880260469452,0.11905064691564217,-0.726570209282947,0.9771698727356892
-6.082829068905713,0.5283203167822775,-0.40658164475574465,1.5957230155878541
-6.075777877341975,0.7895407222821447,-0.07603221774683329,1.9533898064393134
-6.068726685778236,0.8631475132313221,-0.022421945686963575,1.945374419166332
-6.061675494214498,0.7703339361354118,-0.1096921559433808,1.7099188303799082
-6.054624302650759,0.5735957575612063,-0.17269253127480638,1.450951660053361
-6.04757311108702,0.3431861815999019,-0.37285735240331325,1.1580272688562625
-6.0405219195232815,0.12907968120163532,-0.5792491774415636,0.8692612081802357
-6.033470727959543,-0.04889262050897998,-0.7972408617040985,0.7360650193273662
-6.026419536395805,-0.19284293887034704,-0.94721707107525,0.6147562869897225
-6.019368344832066,-0.31055780292336616,-1.1170848956900257,0.5258061499498131
-6.012317153268327,-0.4029911336274176,-1.2103797935062122,0.3164090526079193
-6.0052659617045885,-0.46172653761719706,-1.2103120031346981,0.27422113308111784
-5.99821477014085,-0.47473862246780363,-1.2536257875126329,0.2514607692138195
-5.991163578577112,-0.43443422258137104,-1.250149586042033,0.29040395276806336
-5.984112387013373,-0.3430563404218535,-1.1792594498998263,0.3728837002955502
-5.977061195449634,-0.21421982771234585,-0.9840985575669873,0.5068411232892116
-5.970010003885895,-0.07153049409854909,-0.7763099235619791,0.6204505456840947
-5.9629588123221575,0.05523232120275688,-0.5825940429888951,0.7300204586622726
-5.955907620758419,0.13688972453753642,-0.5047283261618797,0.9127226404798242
-5.94885642919468,0.15437168496004486,-0.5905190421472751,0.8857572974056083
-5.941805237630941,0.10834242161091186,-0.6930578758163599,0.9536378341839737
-5.934754046067202,0.024213772560914483,-0.7841356338387794,0.8624225803133558
-5.9277028545034645,-0.05214344497156437,-0.8598020216823579,0.75915827724841
-5.920651662939726,-0.06967022000245811,-0.8121154232865339,0.7308317695610651
-5.913600471375987,0.005508869033606918,-0.732005467072692,0.7868802348060072
-5.906549279812248,0.17033760581596974,-0.564039362822407,1.0342061338344393
-5.89949808824851,0.37937162667128665,-0.4042965909912123,1.317762199520792
-5.892446896684771,0.5598499490699905,-0.25637062635476016,1.5675161898450682
-5.885395705121033,0.6421764840143128,-0.13755824385761567,1.5867683299165911
-5.878344513557294,0.5906713757517712,-0.15126057878823987,1.455188478648721
-5.871293321993555,0.41854331883032947,-0.3333344189368291,1.2643934429492871
-5.864242130429817,0.18040096313834703,-0.6290905586902084,1.029148338287325
-5.857190938866078,-0.05165228704475748,-0.9023873146460121,0.7587722014675822
-5.8501397473023395,-0.21509521976222146,-0.9805874349086232,0.5333880376139772
-5.843088555738601,-0.27575840027399307,-1.0040133830418532,0.46481724804742625
-5.836037364174862,-0.23393399035245915,-0.9274482127131901,0.5694385229567063
-5.828986172611124,-0.11982624088018075,-0.7623534857815919,0.6515465883932883
-5.821934981047385,0.017517969282313917,-0.6141199595115916,0.7708273739002137
-5.8148837894836465,0.1248622899498819,-0.48622307949715016,0.886405897897607
-5.807832597919908,0.16130377774759,-0.4458854291705458,0.9403888509761402
-5.80078140635617,0.11356494060419091,-0.4957601786864177,0.8263109282372433
-5.793730214792431,0.0036785944200053416,-0.6605148644388641,0.6824020722545883
-5.786679023228692,-0.1181103495787558,-0.7766796545908538,0.4512568994738702
-5.779627831664953,-0.1964258755866087,-0.8131273720066897,0.2916660256618996
-5.772576640101215,-0.19983101274154072,-0.7214334039723609,0.26174652238038304
-5.765525448537477,-0.13832653121285302,-0.6561339710376664,0.4238154358068495
-5.758474256973738,-0.056694961980950614,-0.7089514085971305,0.6102915451591497
-5.751423065409999,-0.007376736949166632,-0.7032656081867497,0.6589567778149691
-5.74437187384626,-0.021288459608494376,-0.6132206388314417,0.6211696568430877
-5.7373206822825225,-0.09518209383800455,-0.6372344293060432,0.4816591454641357
-5.730269490718784,-0.19990904078050334,-0.6775315586931268,0.3308822917321385
-5.723218299155045,-0.2987127014608354,-0.83552983901201,0.2855589080732045
-5.716167107591306,-0.3614403366350165,-0.9057076918346167,0.2539643548957216
-5.709115916027567,-0.369309765551218,-0.9463751238830774,0.21628993123872003
-5.702064724463829,-0.3144964510367928,-0.9021454051007294,0.2092390679767495
-5.695013532900091,-0.20025191645574486,-0.7416554568575527,0.32990582724405587
-5.687962341336352,-0.042152045920187,-0.5644854242698443,0.49538313778916143
-5.680911149772613,0.13269707681046672,-0.4638650567071372,0.6926754155193425
-5.673859958208875,0.2901634043173278,-0.33583611476273345,0.9071138830719033
-5.666808766645136,0.39561433255017525,-0.2606894483712173,1.098407552417154
-5.6597575750813975,0.42037869806968725,-0.2472967056394235,1.1926881178931579
-5.652706383517659,0.34837970861575046,-0.2896840596347739,1.1645983938396234
-5.64565519195392,0.18387260918827356,-0.41478315134776944,0.9253459574442234
-5.638604000390182,-0.04193399813709755,-0.6457049199433716,0.5806968421785569
-5.631552808826443,-0.27141194431357984,-0.9514564200968038,0.3067202506396531
-5.6245016172627045,-0.4334515269222667,-1.1075389694194981,0.12547483726021944
-5.617450425698966,-0.46729409537255717,-1.1588974517471264,0.17068747370146461
-5.610399234135227,-0.34763876905532703,-1.0756400180489059,0.3182258325642713
-5.603348042571489,-0.09856643698565216,-0.7842807180734241,0.5500076170805651
-5.59629685100775,0.21114821259635946,-0.41560680313990683,0.9150018187842418
-5.589245659444011,0.48957902401154235,-0.13992416033713626,1.2689345323969694
-5.582194467880273,0.6513320480951329,-0.02101787542187473,1.5060997185439053
-5.575143276316535,0.6452386310304272,-0.12694194206155432,1.4525151435326749
-5.568092084752796,0.47216667111455635,-0.3044183474116238,1.3551258682466887
-5.561040893189057,0.18741759790897103,-0.48190011570978225,1.007700105187301
-5.553989701625318,-0.1156739520192099,-0.7661809985670562,0.4871768069021868
-5.54693851006158,-0.33928174511229015,-0.9377655978790744,0.1792816888332185
-5.539887318497842,-0.42092838594246235,-0.9681163809036107,0.05962395194779755
-5.532836126934103,-0.3606375099307093,-0.8943748002092388,0.16418530324358296
-5.525784935370364,-0.21821543767525228,-0.8650319555348085,0.39085219818686573
-5.518733743806625,-0.07878854432417517,-0.8416100082426883,0.6151306955987995
-5.511682552242887,-0.005366593557840332,-0.8471280444512073,0.7503845661368567
-5.504631360679149,-0.007659277579429267,-0.7331228762740308,0.7126121452530743
-5.49758016911541,-0.04665218252115118,-0.5892820161909761,0.6107375116675734
-5.490528977551671,-0.06997949575682118,-0.5489556986270302,0.44600651351959825
-5.483477785987932,-0.051799927990171205,-0.5380650891727272,0.42495854836345065
-5.476426594424194,-0.008906391956132914,-0.5276915368338907,0.6065226291782709
-5.4693754028604555,0.01652229524384863,-0.5504132519201305,0.7396056353080567
-5.462324211296717,-0.007583955813814812,-0.644598320445755,0.7193316057593849
-5.455273019732978,-0.07661834384451587,-0.700549392094961,0.6188920370828119
-5.448221828169239,-0.15019750424108516,-0.7080898668913996,0.4009181381372758
-5.441170636605501,-0.17787786899704028,-0.7033405049156344,0.2976545882834667
-5.4341194450417625,-0.1301343363375629,-0.7108344142886305,0.42177712311137394
-5.427068253478024,-0.014246545934911358,-0.6429019530890538,0.6743445333930149
-5.420017061914285,0.1318660695571734,-0.5455712572948069,0.8834829611832544
-5.412965870350547,0.2596240600803222,-0.3420449469883494,0.8864735994770585
-5.405914678786808,0.3297286739361926,-0.24466494624487595,0.9178740469317375
-5.398863487223069,0.32341503415403755,-0.1896774944894747,0.9133090044042841
-5.391812295659331,0.24467395390174554,-0.3811897835046847,0.8617281453284606
-5.384761104095592,0.11682723478624431,-0.5563085235205895,0.7904548319925045
-5.377709912531854,-0.024558103575136797,-0.7906132353648039,0.6914973418363395
-5.370658720968115,-0.14196042017236907,-0.8669720659190563,0.5821613681694279
-5.363607529404376,-0.20722557259806348,-0.8702209008694176,0.47407274548695233
-5.356556337840638,-0.20914121377332898,-0.7690460525109256,0.3900964670439125
-5.3495051462769,-0.15365680640171167,-0.6907854995115122,0.3731047041310022
-5.342453954713161,-0.05850667699357463,-0.5749375492201777,0.47058381486851175
-5.335402763149422,0.05187953409550573,-0.4606589318949229,0.6084580960334294
-5.328351571585683,0.1477231217248691,-0.36086744568483325,0.655635479736044
-5.3213003800219445,0.19523104811502737,-0.3397151177003631,0.7289457903461631
-5.314249188458207,0.16527671099140095,-0.45979803653856866,0.7700087840971371
-5.307197996894468,0.05077352837296334,-0.5613515581592121,0.6264269722399679
-5.300146805330729,-0.11760015862653576,-0.6706128011736404,0.4834419265308473
-5.29309561376699,-0.27334461449377845,-0.8084445654202176,0.24972402690786258
-5.286044422203251,-0.34111368538744524,-0.7874428592736183,0.08378485731079226
-5.2789932306395135,-0.2773058726190317,-0.6667991604996787,0.08326110266746709
-5.271942039075775,-0.0987414690248123,-0.5187861476058699,0.3009652979309669
-5.264890847512036,0.12226616978115787,-0.37679692820029065,0.6623651277450742
-5.257839655948297,0.2965819264771258,-0.22449306071422037,0.9409339269841301
-5.250788464384559,0.3667163458367051,-0.1254355500286007,1.0129990239851212
-5.2437372728208205,0.33332433682826346,-0.09488661928127262,0.9230688702136695
-5.236686081257082,0.2433857941461226,-0.12193522620524067,0.7305169596732669
-5.229634889693343,0.15110526267746485,-0.2707795393641926,0.6072671909657842
-5.222583698129604,0.0811220891179745,-0.4525548966451862,0.6063862381304391
-5.215532506565866,0.0197131648844075,-0.5838980674369199,0.6000614189411013
-5.208481315002127,-0.06263450425001887,-0.6282624011095806,0.5224622363638082
-5.201430123438389,-0.176940836362839,-0.7380751603698944,0.39147724894801317
-5.19437893187465,-0.2963322433198449,-0.8248730512509577,0.1602318766705445
-5.187327740310912,-0.3654813596236799,-0.8765151886695592,0.1121143617485286
-5.180276548747173,-0.3317792584366868,-0.8709839391942242,0.22965310791245527
-5.173225357183434,-0.1774825875686741,-0.7772099285978701,0.46434902836762953
-5.166174165619696,0.0660075741558805,-0.49124605901428753,0.7375750407951145
-5.159122974055957,0.3275586555240097,-0.16854994193708883,0.9681491649536164
-5.152071782492219,0.5223101160114191,0.05340227853154437,1.1361147598993315
-5.14502059092848,0.5819521221474844,0.0851106768487326,1.184930498834355
-5.137969399364741,0.4786794221923867,-0.05233424687089319,1.156255592239288
-5.1309182078010025,0.23589312527677692,-0.2801459391563164,0.9072371790767291
-5.123867016237264,-0.07795902026393887,-0.5446669954820021,0.48827869740308594
-5.116815824673526,-0.3715079886019526,-0.8303248339201775,0.02761527708555605
-5.0886110584185715,-0.2645399012160306,-0.7442534075852588,0.20797687028688341
-5.081559866854833,-0.006639817536943699,-0.4318926613484132,0.4482665079151372
-5.074508675291094,0.21504583001513794,-0.21632089382861663,0.6769302477453539
-5.067457483727355,0.34561123868208754,-0.0718941382541624,0.849661461729794
-5.060406292163616,0.3630509324879094,-0.0953789873400962,0.8955461141074298
-5.0533551005998785,0.28255356490881,-0.16322736998096596,0.7745886471640017
-5.04630390903614,0.14804395540787268,-0.22571384808236794,0.5933527846391479
-5.039252717472401,0.012915467197205053,-0.3601344875529671,0.43989807564303357
-5.032201525908662,-0.08184953323073262,-0.4916029322104767,0.31209686546104143
-5.025150334344924,-0.12127611717693207,-0.567139415251897,0.30410822280426936
-5.018099142781185,-0.11562469716076458,-0.5548627511475627,0.33170861048394806
-5.011047951217447,-0.0885594880713737,-0.48267852339136197,0.32650309376178926
-5.003996759653708,-0.06371346931935966,-0.3916049606464757,0.27805228112726466
-4.996945568089969,-0.05712085145607395,-0.38129239487248634,0.29755040622142936
-4.989894376526231,-0.07591628618820577,-0.4611491059423053,0.3468026483026728
-4.982843184962492,-0.11892668783436855,-0.5523802327481786,0.34862450912717735
-4.9757919933987536,-0.17614189363827526,-0.6506596629174914,0.25743736649607735
-4.947587227143799,-0.13638449222873145,-0.5415792307710083,0.301578469686711
-4.9405360355800605,0.0005154983765617272,-0.4226316625402027,0.47065797292064027
-4.933484844016322,0.15741833220969859,-0.2456078639681681,0.6251086104460701
-4.926433652452584,0.29261736872220445,-0.14425254991175107,0.8148751866609261
-4.919382460888845,0.3639914388220084,-0.13497311049367178,0.9212800374696783
-4.912331269325106,0.3435044282889212,-0.20341701476069574,0.9517650341877673
-4.905280077761367,0.23070575312771271,-0.364932640178819,0.8144433007997337
-4.898228886197629,0.05953620551051747,-0.5552043995254701,0.5964874943299144
-4.891177694633891,-0.10796579823671527,-0.6112672226332996,0.3654286527507631
-4.884126503070152,-0.20345990939219,-0.6176177227727888,0.17658766007147395
-4.877075311506413,-0.18302562541197875,-0.5051122982247405,0.1414185290395766
-4.870024119942674,-0.051573079703173534,-0.41526808267734067,0.37938713032869315
-4.8629729283789365,0.134790058306535,-0.29292399400385566,0.7235018901878598
-4.855921736815198,0.2932133551313665,-0.18860370749532399,0.9898081904582863
-4.848870545251459,0.35366814354916376,-0.11061967549457627,1.0054735195552018
-4.84181935368772,0.2916115900413583,-0.14671069580772605,0.8389359397333738
-4.834768162123981,0.13574321646982904,-0.2396327728415085,0.5633424158121182
-4.827716970560243,-0.051393947093523955,-0.34940067426887844,0.24524664236492788
-4.778358629614073,0.02260707651398851,-0.317944579432765,0.37315034104136974
-4.771307438050334,0.07796713464095424,-0.3026984862810171,0.48037154537769766
-4.764256246486596,0.10085951626408377,-0.31039290086239524,0.5367828887476943
-4.757205054922857,0.09722879487461407,-0.2690609003648688,0.47868911788913654
-4.7501538633591185,0.08182601723323617,-0.2624754728198423,0.41413488959428935
-4.736051480231641,0.06116768171583298,-0.22843837113647206,0.4285944122157534
-4.729000288667903,0.05032024669623016,-0.2466512772715443,0.4179192461168379
-4.721949097104164,0.024264071724041596,-0.27274360452790936,0.3760107006198718
