subject,time,pair_id,file_rep1,file_rep2,fit_success_rep1,fit_success_rep2,depth_rep1,depth_rep2,depth_ratio,gamma_rep1,gamma_rep2,delta_gamma,gamma_mean,xmin_rep1,xmin_rep2,delta_xmin,ks_rep1,ks_rep2,n_tail_rep1,n_tail_rep2,tail_fraction_rep1,tail_fraction_rep2,QC_traffic,QC_reason,z_delta_gamma,gamma_outlier,QC_pass_main,QC_pass
1,1,1_1,1_1-1,1_1-2,True,True,382160,288900,1.322810661128418,1.8084342519005008,1.7985056836938977,0.009928568206603039,1.8034699677971993,0.0003401716558509525,0.0003322949117341641,7.8767441167884e-06,0.05210015467096174,0.046935806293069926,71,72,0.0024361789733735933,0.0028672693242005496,PASS,pass,-1.006238402987228,False,True,True
1,2,1_2,1_2-1,1_2-2,True,True,2551174,2731364,1.070630227495263,3.0235018934649376,3.014611958963956,0.008889934500981411,3.019056926214447,2.9006253591483763e-05,2.9289395335078005e-05,2.831417435942421e-07,0.05093010655589669,0.04701166180758017,5537,5488,0.09938969664333154,0.0979248077369163,PASS,pass,-1.0346079285144323,False,True,True
1,3,1_3,1_3-1,1_3-2,True,True,1206214,1130042,1.067406344188977,3.419163890553987,3.3300769085064976,0.08908698204748955,3.3746203995302424,5.30585783285553e-05,5.840490884409606e-05,5.346330515540764e-06,0.07081666678593002,0.07708072938831484,2698,2083,0.07398875634169752,0.057195419973090966,PASS,pass,1.1559161949207646,False,True,True
1,4,1_4,1_4-1,1_4-2,True,True,1000988,994738,1.0062830614694522,1.8517527363676112,1.9657683116274591,0.11401557525984796,1.9087605239975352,0.0001938085171850212,0.0001608463736179778,3.2962143567043386e-05,0.08657003894557125,0.08768194381008182,102,139,0.001673393050497096,0.0023551338529312097,PASS,pass,1.836822618106809,False,True,True
1,5,1_5,1_5-1,1_5-2,True,True,1211810,1165250,1.0399570907530573,2.603021068596598,2.540211057812296,0.06281001078430215,2.571616063204447,5.281355988149958e-05,6.35056854752199e-05,1.0692125593720325e-05,0.0558088778634485,0.06405030209369605,1193,865,0.01724810964766435,0.013063899838400315,PASS,pass,0.43817980432053893,False,True,True
1,6,1_6,1_6-1,1_6-2,True,True,424670,422160,1.005945613037711,2.452077938386539,2.5090989999824935,0.057021061595954325,2.480588469184516,9.890032260343326e-05,8.527572484366117e-05,1.362459775977209e-05,0.07437822922258153,0.0824011383786859,658,789,0.016587259572966296,0.019005636652695477,PASS,pass,0.28005886054062484,False,True,True
2,1,2_1,2_1-1,2_1-2,True,True,247006,153920,1.604768711018711,2.472552324496709,2.434251126736227,0.03830119776048191,2.4534017256164677,0.00034007271078435343,0.0004158004158004158,7.572770501606239e-05,0.028876213732735523,0.043799415299350164,158,141,0.0053257828563724,0.007324294841826399,PASS,pass,-0.23126062781390516,False,True,True
2,2,2_2,2_2-1,2_2-2,True,True,335728,263484,1.2741874269405353,2.700534078825476,2.8405635603813835,0.14002948155590733,2.77054881960343,0.00019063051041319162,0.00019735543714229328,6.72492672910166e-06,0.048484848484848485,0.04918032786885246,165,183,0.004185798726502448,0.005539243878076096,PASS,pass,2.5473735801388515,False,True,True
2,3,2_3,2_3-1,2_3-2,True,True,343774,703646,2.0468272760592714,2.6562243653300124,2.3863933594240385,0.26983100590597386,2.5213088623770252,0.00030252433284657943,0.00010232418005644884,0.00020020015279013058,0.03377425466800982,0.03675465289159452,212,619,0.00610616665226533,0.009871306233753808,FAIL,fail:delta_gamma,6.0928079701341975,True,False,False
2,4,2_4,2_4-1,2_4-2,True,True,395454,604832,1.5294623394882843,2.395718633693173,2.420186333458108,0.024467699764934903,2.4079524835756407,0.00017195426016679562,0.00018186868419660336,9.91442402980774e-06,0.029545454545454545,0.022851496598553456,440,361,0.010845452304658615,0.006385086136757579,PASS,pass,-0.6091125811936723,False,True,True
2,5,2_5,2_5-1,2_5-2,True,True,174730,210734,1.2060550563726893,2.2826054401819453,2.2822978436392587,0.00030759654268663894,2.282451641910602,0.0003662794025067247,0.00037013486195867776,3.8554594519530825e-06,0.039738431357418835,0.03611168968476974,210,191,0.011065444198545684,0.008396711654284081,PASS,pass,-1.2690282582929795,False,True,True
2,6,2_6,2_6-1,2_6-2,True,True,205914,186502,1.1040846746951776,2.6974250697053477,2.6290823116888795,0.06834275801646816,2.663253690697114,0.0003010965742980079,0.00025736989415663103,4.3726680141376875e-05,0.030438220589467716,0.04827586206896552,227,290,0.009169123884153977,0.012800141242937853,PASS,pass,0.5893027776931,False,True,True
3,1,3_1,3_1-1,3_1-2,True,True,3730574,2539492,1.4690237260050436,2.33132613236267,2.3128745440351954,0.01845158832747451,2.3221003381989327,4.1816621249169696e-05,6.851764053598121e-05,2.6701019286811515e-05,0.01817999666615977,0.017589418809069196,1519,808,0.00823739310097992,0.005133809439093196,PASS,pass,-0.7734382968677923,False,True,True
3,2,3_2,3_2-1,3_2-2,True,True,1611790,1104340,1.459505224840176,2.357997617749175,2.359381937549956,0.0013843198007807977,2.3586897776495652,8.065566854242798e-05,0.00010504011445750403,2.4384445915076052e-05,0.021495967069985245,0.022990465790738823,720,538,0.0061272424005174115,0.005767890645939426,PASS,pass,-1.2396183442964424,False,True,True
3,3,3_3,3_3-1,3_3-2,True,True,884588,954024,1.078495299506663,2.357404071039255,2.363537569897119,0.0061334988578636285,2.360470820468187,7.008912623729918e-05,0.00011110831593335178,4.10191896960526e-05,0.03009510057537418,0.02381319927899339,710,373,0.007823001829039864,0.0038730310361655956,PASS,pass,-1.1098979666850333,False,True,True
3,4,3_4,3_4-1,3_4-2,True,True,2429228,2861578,1.1779783536168693,2.3206323051075,2.3699272833008873,0.04929497819338735,2.3452797942041936,8.974044428929684e-05,5.3117545633912475e-05,3.662289865538437e-05,0.02209100804483277,0.019421972626115558,506,1057,0.003919199429934629,0.007722712959106883,PASS,pass,0.06902650223366194,False,True,True
3,5,3_5,3_5-1,3_5-2,True,True,779344,873870,1.1212891868032602,2.305740028607511,2.3135431480363464,0.00780311942883527,2.309641588321929,0.00012318052105360407,0.00016936157552038632,4.618105446678225e-05,0.02603910199962378,0.018863763383752064,533,340,0.007082115333510497,0.004028436018957346,PASS,pass,-1.064293493084231,False,True,True
3,6,3_6,3_6-1,3_6-2,True,True,1643682,666806,2.465007813367006,2.396677984248905,2.405862652391846,0.009184668142940833,2.4012703183203756,8.03075047363176e-05,0.00017396364159890583,9.365613686258822e-05,0.016574585635359115,0.021613357472270278,905,333,0.01182929220312398,0.006540183832194202,PASS,pass,-1.0265574930875467,False,True,True
4,1,4_1,4_1-1,4_1-2,True,True,2892374,3072662,1.0623321880227108,2.110094390069895,2.0726775809514084,0.03741680911848677,2.0913859855106516,7.398766549554103e-05,8.266447790222289e-05,8.676812406681854e-06,0.025304653178419678,0.025727344681170217,465,399,0.0024029765903570877,0.0020064770487186706,PASS,pass,-0.255417061423995,False,True,True
4,2,4_2,4_2-1,4_2-2,True,True,1196370,1033302,1.1578125272185673,2.1225212800790123,2.0884291998076536,0.03409208027135868,2.105475239943333,0.00015045512675844429,0.00012387472394324216,2.6580402815202126e-05,0.020321349149000453,0.02741998316867067,303,373,0.002458078804546229,0.003442166072977612,PASS,pass,-0.3462296158299592,False,True,True
4,3,4_3,4_3-1,4_3-2,True,True,460128,469054,1.019398949857431,2.194165651041696,2.2044607441425557,0.010295093100859631,2.199313197592126,0.00016082481396480978,0.0001279170415346634,3.290777243014639e-05,0.03627789466234854,0.036985413751073615,208,274,0.003424150135813647,0.004466032077193897,PASS,pass,-0.9962270416307767,False,True,True
4,4,4_4,4_4-1,4_4-2,True,True,1945374,1876560,1.036670290318455,2.1185061658469673,2.1084873355075997,0.010018830339367568,2.1134967506772835,8.224639580872367e-05,7.993349533188388e-05,2.312900476839796e-06,0.021700343391079735,0.022421968487355504,332,343,0.0021096108022239874,0.0022417275026632767,PASS,pass,-1.0037729583692232,False,True,True
4,5,4_5,4_5-1,4_5-2,True,True,2195374,2649688,1.2069415051831716,2.1464172921767366,2.180077053351743,0.03365976117500624,2.1632471727642395,0.00010567675484905988,0.00013963908203531888,3.3962327186259e-05,0.021117120156301683,0.03101540348907461,299,218,0.0016517329385378572,0.0010893355053417416,PASS,pass,-0.35803809804412723,False,True,True
4,6,4_6,4_6-1,4_6-2,True,True,1122462,1256118,1.1190739641965608,2.1740960719011015,2.1827721741613306,0.00867610226022908,2.178434123031216,0.00013719840849846143,0.00012737656812496914,9.821840373492284e-06,0.02549068733077231,0.025679736376155393,289,308,0.002360590392642146,0.0023182646133465806,PASS,pass,-1.040448600909068,False,True,True
5,1,5_1,5_1-1,5_1-2,True,True,382160,288900,1.322810661128418,1.8084342519005008,1.7985056836938977,0.009928568206603039,1.8034699677971993,0.0003401716558509525,0.0003322949117341641,7.8767441167884e-06,0.05210015467096174,0.046935806293069926,71,72,0.0024361789733735933,0.0028672693242005496,PASS,pass,-1.006238402987228,False,True,True
5,2,5_2,5_2-1,5_2-2,True,True,2551174,2731364,1.070630227495263,3.0235018934649376,3.014611958963956,0.008889934500981411,3.019056926214447,2.9006253591483763e-05,2.9289395335078005e-05,2.831417435942421e-07,0.05093010655589669,0.04701166180758017,5537,5488,0.09938969664333154,0.0979248077369163,PASS,pass,-1.0346079285144323,False,True,True
5,3,5_3,5_3-1,5_3-2,True,True,1206214,1130042,1.067406344188977,3.419163890553987,3.3300769085064976,0.08908698204748955,3.3746203995302424,5.30585783285553e-05,5.840490884409606e-05,5.346330515540764e-06,0.07081666678593002,0.07708072938831484,2698,2083,0.07398875634169752,0.057195419973090966,PASS,pass,1.1559161949207646,False,True,True
5,4,5_4,5_4-1,5_4-2,True,True,1000988,994738,1.0062830614694522,1.8517527363676112,1.9657683116274591,0.11401557525984796,1.9087605239975352,0.0001938085171850212,0.0001608463736179778,3.2962143567043386e-05,0.08657003894557125,0.08768194381008182,102,139,0.001673393050497096,0.0023551338529312097,PASS,pass,1.836822618106809,False,True,True
5,5,5_5,5_5-1,5_5-2,True,True,1211810,1165250,1.0399570907530573,2.603021068596598,2.540211057812296,0.06281001078430215,2.571616063204447,5.281355988149958e-05,6.35056854752199e-05,1.0692125593720325e-05,0.0558088778634485,0.06405030209369605,1193,865,0.01724810964766435,0.013063899838400315,PASS,pass,0.43817980432053893,False,True,True
5,6,5_6,5_6-1,5_6-2,True,True,424670,422160,1.005945613037711,2.452077938386539,2.5090989999824935,0.057021061595954325,2.480588469184516,9.890032260343326e-05,8.527572484366117e-05,1.362459775977209e-05,0.07437822922258153,0.0824011383786859,658,789,0.016587259572966296,0.019005636652695477,PASS,pass,0.28005886054062484,False,True,True
6,1,6_1,6_1-1,6_1-2,True,True,239810,198272,1.209500080697224,2.118181996372833,2.129364181153809,0.011182184780976101,2.123773088763321,0.0004253367249072182,0.0005043576500968367,7.90209251896185e-05,0.053599046683264095,0.05171553904683546,123,108,0.0045810055865921784,0.004863112391930836,PASS,pass,-0.9719967764970524,False,True,True
6,2,6_2,6_2-1,6_2-2,True,True,783464,713800,1.0975959652563743,2.1286846215270705,2.0904846109162882,0.038200010610782265,2.1095846162216794,0.00011742722065085314,0.0001597086018492575,4.2281381198404355e-05,0.03486303808589619,0.0479567093567278,262,185,0.0035465313028764807,0.0027145204836248387,PASS,pass,-0.23402448133694387,False,True,True
6,3,6_3,6_3-1,6_3-2,True,True,161408,199182,1.2340280531324346,2.021231637296988,1.8611659118492987,0.16006572544768916,1.9411987745731434,0.0002478191911181602,0.0007530800975991806,0.0005052609064810205,0.04763989964933346,0.0497196498597694,241,61,0.015005292323018492,0.0029985744482131445,PASS,pass,3.0946490339206933,False,True,True
6,4,6_4,6_4-1,6_4-2,True,True,207814,190324,1.0918959248439504,2.2648754243412044,2.303426124224944,0.038550699883739714,2.2841507742830744,0.0003079677018872646,0.0002837266976314075,2.42410042558571e-05,0.04420428729770909,0.03680902734953628,224,262,0.010662604722010662,0.012809230468368045,PASS,pass,-0.22444565847818776,False,True,True
6,5,6_5,6_5-1,6_5-2,True,True,363634,324054,1.1221401371376376,2.080270401204011,2.1419600193794834,0.06168961817547247,2.1111152102917474,0.0003740024310158016,0.0004690576261981028,9.505519518230118e-05,0.028426807803886844,0.03309140625397322,137,114,0.0036936183979941225,0.003344972271940377,PASS,pass,0.4075770937165528,False,True,True
6,6,6_6,6_6-1,6_6-2,True,True,1046858,1221470,1.166796260810922,2.008971536447408,2.043908970850988,0.03493743440357999,2.026440253649198,0.0001604802179474198,0.00024396833323782,8.348811529040019e-05,0.02781974104608559,0.024683520158369818,314,203,0.003359690138132483,0.001846293769895407,PASS,pass,-0.32313938151176286,False,True,True
7,1,7_1,7_1-1,7_1-2,True,True,810900,993552,1.2252460229374769,2.59121124405892,2.4375902019737907,0.1536210420851294,2.5144007230163554,6.659267480577136e-05,8.655812680161682e-05,1.996545199584546e-05,0.05317769130998703,0.04966445914641804,771,439,0.010149678132775166,0.00506285318879022,PASS,pass,2.918617187294398,False,True,True
7,2,7_2,7_2-1,7_2-2,True,True,1928464,2209326,1.145640260850086,2.781162431173151,2.7288059089525687,0.0523565222205824,2.75498417006286,3.6298318247060876e-05,3.9831152125127754e-05,3.5328338780668772e-06,0.044150398917287226,0.04245577955267499,1437,1171,0.011006349522445447,0.008430829043522084,PASS,pass,0.152650354379098,False,True,True
7,4,7_4,7_4-1,7_4-2,True,True,1024914,1304492,1.272781911457937,2.4938647516407437,2.665793210043711,0.17192845840296744,2.5798289808422274,6.829841333028917e-05,4.292858829337397e-05,2.5369825036915204e-05,0.05590766577004891,0.054288049454616405,520,1113,0.004750420229481839,0.008454748484526216,PASS,pass,3.418670971178884,False,True,True
7,5,7_5,7_5-1,7_5-2,True,True,847344,1127776,1.330954134330331,2.3414674500630417,2.6986587348371085,0.3571912847740668,2.520063092450075,0.00010621424120546083,5.4975456118945607e-05,5.123878508651523e-05,0.06370988385465826,0.058465977989437756,243,775,0.003088145587637251,0.008231370549749342,FAIL,fail:delta_gamma,8.478990555965762,True,False,False
7,6,7_6,7_6-1,7_6-2,True,True,510398,627732,1.2298872644485284,2.238526792175884,2.571936809729142,0.33341001755325816,2.405231800952513,0.00021551808588591648,9.239611808861106e-05,0.00012312196779730542,0.057470139617573746,0.05199447571737881,155,602,0.002756094525151585,0.008771035186129525,FAIL,fail:delta_gamma,7.829422509176634,True,False,False
8,1,8_1,8_1-1,8_1-2,True,True,890416,667162,1.3346323681504642,2.202305823789959,2.1685275842560046,0.03377823953395431,2.1854167040229817,0.0002672907944151947,0.0001768685866401264,9.04222077750683e-05,0.034867989271469724,0.035625695766041465,119,201,0.0013138863433107728,0.0027603444250655753,PASS,pass,-0.35480194769544693,False,True,True
8,2,8_2,8_2-1,8_2-2,True,True,2363346,1933962,1.222022976666553,2.321510353227601,2.275274051765927,0.04623630146167379,2.298392202496764,9.054958520673655e-05,9.410732992685482e-05,3.5577447201182757e-06,0.03793115058739582,0.03601750963650474,318,296,0.002679158171432423,0.0026478218087485463,PASS,pass,-0.014519031817612618,False,True,True
8,3,8_3,8_3-1,8_3-2,True,True,1467560,1090174,1.3461704278399595,2.3536780797022994,2.194809115682588,0.15886896401971118,2.2742435976924438,0.00014582027310638065,0.0002678471510052524,0.00012202687789887175,0.047438325943913506,0.053231453945672635,154,64,0.003094046973258594,0.0013661785424582676,PASS,pass,3.0619603644723297,False,True,True
8,4,8_4,8_4-1,8_4-2,True,True,1930202,1518104,1.271455710544205,2.2273591353394115,2.1372820428259045,0.09007709251350704,2.182320589082658,8.703752249764533e-05,0.00014360017495507554,5.656265245743021e-05,0.03684273774780533,0.04594561387501939,428,218,0.0043952884151288295,0.002431597381013463,PASS,pass,1.182960343390435,False,True,True
8,5,8_5,8_5-1,8_5-2,True,True,883672,687354,1.2856141085961528,2.3832515675383092,2.3172823252420622,0.06596924229624701,2.3502669463901857,0.00022180175449714373,0.00013093689714470272,9.086485735244101e-05,0.029505223759535182,0.029509125513622614,150,302,0.0016130419821059876,0.003877959833581591,PASS,pass,0.5244719191819817,False,True,True
8,6,8_6,8_6-1,8_6-2,True,True,1383938,922068,1.500906657643471,2.1890996756524634,2.1691237999760453,0.01997587567641812,2.1791117378142544,0.00017486332480212263,0.00016267780684287928,1.2185517959243346e-05,0.02513120445074868,0.0292504001037866,214,253,0.0017539258433596696,0.0027849633991964334,PASS,pass,-0.731803494701644,False,True,True
9,2,9_2,9_2-1,9_2-2,True,True,1429618,2536870,1.774508994710475,2.430875601632053,2.4088978601087887,0.02197774152326426,2.419886730870421,7.834260620669297e-05,9.381639579481802e-05,1.5473789588125046e-05,0.028240735906381653,0.020960694508742883,816,607,0.012406306539157405,0.008100353639821178,PASS,pass,-0.677123982630399,False,True,True
9,3,9_3,9_3-1,9_3-2,True,True,310242,672998,2.169267861862675,2.48087895479031,2.3939343558859254,0.08694459890438466,2.4374066553381177,0.00036100850303956265,0.00018722195311130196,0.0001737865499282607,0.04141928415590701,0.03194876741259016,107,190,0.002746759080990887,0.0026190279271083175,PASS,pass,1.0973985549304566,False,True,True
9,4,9_4,9_4-1,9_4-2,True,True,1280020,2708156,2.11571381697161,2.4744202223697074,2.4240289380846276,0.050391284285079774,2.4492245802271677,9.06235840064999e-05,4.3572083735205804e-05,4.70515002712941e-05,0.020739895736687997,0.017828468144791,542,1238,0.0041203569962445456,0.00568393118678463,PASS,pass,0.09897130711103021,False,True,True
9,5,9_5,9_5-1,9_5-2,True,True,764002,1328360,1.7386865479409739,2.400680694856109,2.554528030576852,0.15384733572074305,2.4776043627164803,0.00014397868068408197,7.076394953175344e-05,7.321473115232854e-05,0.03619815928858533,0.035136898381788156,236,698,0.0037546734547768672,0.008524566138664648,PASS,pass,2.924798233641573,False,True,True
9,6,9_6,9_6-1,9_6-2,True,True,2280082,3959872,1.7367235038038105,2.435169122465847,2.4079539689483744,0.0272151535174725,2.4215615457071107,3.771794172314855e-05,3.939521277455433e-05,1.677271051405778e-06,0.023972602739726026,0.018836355632984247,1460,1217,0.007660664064139697,0.004700239067213032,PASS,pass,-0.5340678768426053,False,True,True
10,1,10_1,10_1-1,10_1-2,True,True,1462256,1217362,1.2011677709670583,2.469596518525556,2.4558040922929285,0.013792426232627442,2.4627003054092422,5.197448326421639e-05,5.257269407127871e-05,5.982108070623208e-07,0.05089140981830961,0.05356687537202359,682,707,0.004917264501243736,0.005838728858350952,PASS,pass,-0.9006999265161739,False,True,True
10,2,10_2,10_2-1,10_2-2,True,True,1405132,1137148,1.2356632557943206,2.5151918735122782,2.407888064220943,0.1073038092913352,2.4615399688666106,5.408744516529408e-05,6.155751054392217e-05,7.4700653786280904e-06,0.06043241166253932,0.06658357587123753,597,478,0.005032665964172813,0.0045912094667281385,PASS,pass,1.6534956040249953,False,True,True
10,3,10_3,10_3-1,10_3-2,True,True,1456984,1060916,1.3733264462030925,2.5295849158371153,2.44439323588532,0.08519167995179533,2.4869890758612176,5.490794682714429e-05,7.72916988715412e-05,2.2383752044396903e-05,0.05059725977550478,0.060327250081277706,616,378,0.004565668544322561,0.0034814323607427057,PASS,pass,1.0495188465179133,False,True,True
10,4,10_4,10_4-1,10_4-2,True,True,946282,885492,1.0686511001793353,2.515978405858107,2.368802626578005,0.14717577928010206,2.4423905162180564,5.283837164819789e-05,7.001757215197878e-05,1.717920050378089e-05,0.06791013323024853,0.0665820921341369,815,507,0.008417421480433368,0.005521131668644982,PASS,pass,2.742569513617829,False,True,True
10,5,10_5,10_5-1,10_5-2,True,True,725454,622466,1.1654516069954022,1.780688709602837,1.7333892986574106,0.047299410945426335,1.7570390041301238,0.0002812032189497887,0.0003759241468610334,9.472092791124471e-05,0.05943207455652588,0.06846958598668862,77,59,0.0012236400908989782,0.001049597950615527,PASS,pass,0.014519031817612618,False,True,True
10,6,10_6,10_6-1,10_6-2,True,True,734784,552982,1.3287665782973044,2.6584512109878675,2.6272498894313214,0.03120132155654609,2.6428505502095945,5.17158784078042e-05,6.14848222907798e-05,9.768943882975603e-06,0.08790142868881826,0.09353964109073909,838,687,0.011196921514657546,0.011321874124491175,PASS,pass,-0.4251885911732257,False,True,True
