rep,model,intercept,slope,xstar,sse,tau
0,hinge_plateau_smooth,-2.9543265026099155,-0.33566507129714834,-8.515256395959513,25.21830421276368,2.979160137620478
1,hinge_plateau_smooth,-3.082398201232776,-0.3490407059270401,-8.556366690324907,29.653145249291754,2.864995351599563
2,hinge_plateau_smooth,-2.6310007242880875,-0.29981937478244747,-8.476649254356863,21.401726573681128,3.335341489273707
3,hinge_plateau_smooth,-3.0115487616646113,-0.34064730316589686,-8.526970666564713,25.766342595074647,2.9355876025033294
4,hinge_plateau_smooth,-2.884294588277767,-0.3273813748607998,-8.547670119422925,26.18583526243297,3.0545415127088176
5,hinge_plateau_smooth,-2.7012501931160093,-0.3098918915755115,-8.338695165440306,37.24077237254129,3.226931801654867
6,hinge_plateau_smooth,-3.2856504524329146,-0.37021311701400034,-8.625233709257616,20.888455433643713,2.7011468639080745
7,hinge_plateau_smooth,-2.6303599585577855,-0.30161809026957315,-8.347023094050593,21.130631659630474,3.315451003307671
8,hinge_plateau_smooth,-3.2196480553442886,-0.3633400738007725,-8.62712925284725,30.412023530121616,2.752242519079584
9,hinge_plateau_smooth,-2.9826879496141734,-0.33690449922132193,-8.622979507219656,40.614567760654914,2.968200194153751
10,hinge_plateau_smooth,-2.6165250647648084,-0.29892041426582516,-8.395589595610115,24.09165863757852,3.345372053146949
11,hinge_plateau_smooth,-2.9153080407015115,-0.331635234940641,-8.523596899114784,24.150278333499323,3.015361139714207
12,hinge_plateau_smooth,-3.1071787133069493,-0.35165028887358407,-8.58128613148311,25.998307988955254,2.8437343339123298
13,hinge_plateau_smooth,-2.6902251562682284,-0.3067049628343798,-8.457559333314384,25.4612025355636,3.2604624025598126
14,hinge_plateau_smooth,-2.7866696887930797,-0.31754184388742357,-8.470004491746252,19.605141246190122,3.1491912617176987
15,hinge_plateau_smooth,-3.0351298474887605,-0.34303201495084235,-8.608048862405735,43.03280466314425,2.915179797848616
16,hinge_plateau_smooth,-2.6792381423829097,-0.3063631148742661,-8.40581998520739,33.62817727891114,3.26410051161155
17,hinge_plateau_smooth,-2.8629196993381103,-0.32535369865430985,-8.514279323532744,23.024187050276225,3.073578090970177
18,hinge_plateau_smooth,-3.0401928202491413,-0.3446545452661254,-8.547547469093379,27.766304820434826,2.9014560049624443
19,hinge_plateau_smooth,-2.6896509430407654,-0.30657450297129163,-8.40358780857027,30.095462433804336,3.261849861316231
20,hinge_plateau_smooth,-2.5651580235583173,-0.2930262315715909,-8.421619732189233,29.34217529752155,3.4126637558579267
21,hinge_plateau_smooth,-2.669228056311328,-0.3047000762652606,-8.42826308665618,24.087050382409586,3.2819158178662127
22,hinge_plateau_smooth,-2.7138798016360686,-0.30834954321760766,-8.477599055896427,23.597910916692413,3.243072746484604
23,hinge_plateau_smooth,-2.8016400159918193,-0.31878531202029986,-8.466392805005542,19.425605900555148,3.1369073865496073
24,hinge_plateau_smooth,-2.4649767367387483,-0.28321413471179246,-8.300635203560633,29.039792292819186,3.5308972167566113
25,hinge_plateau_smooth,-2.5628474037795743,-0.29377134812522343,-8.345825466551956,22.33395140905409,3.4040079346803367
26,hinge_plateau_smooth,-3.1030102326327618,-0.3519858904557212,-8.583528025418216,20.351071390262064,2.841022970282376
27,hinge_plateau_smooth,-2.7256078478937873,-0.3117315112838898,-8.41161954953272,29.032425648063107,3.207888724118471
28,hinge_plateau_smooth,-2.7910423197361975,-0.31829846279075213,-8.421745984815386,24.430499349422348,3.141705402006277
29,hinge_plateau_smooth,-2.660353762058792,-0.3044462412987486,-8.411131951337463,21.603326624479642,3.2846521465795164
30,hinge_plateau_smooth,-2.957436683094402,-0.33505798569769946,-8.536557096847448,24.860871723770035,2.9845580248376278
31,hinge_plateau_smooth,-2.7709331011215053,-0.31610086641043056,-8.46629860023688,27.018681026496647,3.163547165674591
32,hinge_plateau_smooth,-2.9258592439390885,-0.3320840645429571,-8.545403052987895,23.867106404167473,3.01128571579093
33,hinge_plateau_smooth,-2.710829913225837,-0.3094571254350479,-8.413003120206998,26.110720383859974,3.23146542059472
34,hinge_plateau_smooth,-2.8929673048832005,-0.3295797452042107,-8.493208646714105,22.803953143520204,3.0341670401510585
35,hinge_plateau_smooth,-2.9243013605973402,-0.3328667905067751,-8.483027654701123,24.858843993845657,3.0042047705556443
36,hinge_plateau_smooth,-3.0813150695397775,-0.34841135433271686,-8.607810924387307,24.492742503134114,2.8701705256282946
37,hinge_plateau_smooth,-2.8591144620657087,-0.3260833728046968,-8.463495542483521,26.397389872578465,3.066700369904897
38,hinge_plateau_smooth,-3.0741485022626818,-0.34772247525567346,-8.59789639446155,25.396376222023136,2.8758566706529964
39,hinge_plateau_smooth,-2.8906364236401143,-0.3281783075640832,-8.46685466244528,22.246811876475096,3.04712400835552
40,hinge_plateau_smooth,-2.9628980174313337,-0.33592792211062533,-8.563469616986566,28.725019430156905,2.976829058201025
41,hinge_plateau_smooth,-2.995437929663677,-0.3396346877315783,-8.53452057579478,33.40680032973514,2.944340010377046
42,hinge_plateau_smooth,-2.786793667468086,-0.31774695430517913,-8.47816806122923,25.94644008020951,3.1471584115942552
43,hinge_plateau_smooth,-2.7124888689588644,-0.3093105623176966,-8.479546446342448,33.94788159470517,3.232996611906476
44,hinge_plateau_smooth,-2.890661425257661,-0.3296394875794991,-8.479657593615359,26.194233338628184,3.03361714138944
45,hinge_plateau_smooth,-2.817959357204519,-0.32064135471705535,-8.496185648708842,35.0608494963832,3.1187492982071308
46,hinge_plateau_smooth,-2.934129663601579,-0.3340791275752106,-8.483321508428219,25.3325317577874,2.9933028359422784
47,hinge_plateau_smooth,-2.787350880784116,-0.31838516170268333,-8.42744984600633,29.443478318310312,3.140849889649779
48,hinge_plateau_smooth,-3.3932659669146115,-0.38263991133457287,-8.61267078283696,22.158916201895135,2.6134231437389697
49,hinge_plateau_smooth,-3.1319440953267983,-0.3540204499841895,-8.564633881096524,21.98620894859064,2.824695579152729
50,hinge_plateau_smooth,-2.7800114636229303,-0.3175842441527161,-8.414013225982359,27.691273929645433,3.1487708172296234
51,hinge_plateau_smooth,-2.7833728637486055,-0.316907597051119,-8.478265795335812,27.772728779458483,3.1554939335793026
52,hinge_plateau_smooth,-2.5930763346658887,-0.2957159275968768,-8.431224491952742,28.905015497224042,3.38162373642319
53,hinge_plateau_smooth,-2.9064114276888344,-0.330172918708009,-8.532200826578867,21.354393121866245,3.02871599497946
54,hinge_plateau_smooth,-2.8993298744896223,-0.32966115032062765,-8.475501713284345,31.97812643725653,3.0334177959016473
55,hinge_plateau_smooth,-2.7920294031065365,-0.3172979927677806,-8.451351847466027,26.438191089806296,3.1516114907536315
56,hinge_plateau_smooth,-2.684995009755646,-0.30745900349381516,-8.398168111536172,13.868946847423052,3.252466145523418
57,hinge_plateau_smooth,-2.9490344433074176,-0.33435030600693283,-8.536012224677734,25.433019821140626,2.990875085304288
58,hinge_plateau_smooth,-2.659694545751488,-0.3041843941383838,-8.411394982093277,23.465029725603618,3.28747963166403
59,hinge_plateau_smooth,-3.2080877244688493,-0.36307683534675617,-8.591055552834657,27.804030755788784,2.7542379536412755
60,hinge_plateau_smooth,-3.0189176011661707,-0.3429598297746674,-8.531683001990322,27.533230838777442,2.9157933763176387
61,hinge_plateau_smooth,-2.8092188587216773,-0.31974819959434453,-8.482921145776912,19.6064401651213,3.127460924779785
62,hinge_plateau_smooth,-3.077832193664646,-0.3472535762247321,-8.592217735817377,25.982138432689982,2.879739960842995
63,hinge_plateau_smooth,-3.1748530765352894,-0.3584087283409386,-8.609297137380276,25.689714318097863,2.790110622107237
64,hinge_plateau_smooth,-2.620544229349953,-0.2990192205817005,-8.430518689433464,28.964719460517102,3.3442666262544543
65,hinge_plateau_smooth,-3.00221504487804,-0.34042425066788373,-8.574474908239562,25.629348247256164,2.9375110558019415
66,hinge_plateau_smooth,-2.9305321708459946,-0.3329106520202364,-8.491853221407505,16.416474681978556,3.003808961748733
67,hinge_plateau_smooth,-2.8877143988575296,-0.3275150550564054,-8.482552505709775,37.2471622642099,3.0532947556495618
68,hinge_plateau_smooth,-2.768905473745116,-0.31517981762351294,-8.48295409138354,27.976888527039904,3.172791987571092
69,hinge_plateau_smooth,-2.8326184986702705,-0.3219788428676117,-8.499315273632828,25.856261804302456,3.1057941294955547
70,hinge_plateau_smooth,-2.972155865899694,-0.33629513975611075,-8.53990079949622,25.08463622024103,2.9735785082271002
71,hinge_plateau_smooth,-2.6247629120421823,-0.2997419623653748,-8.400160237450605,22.349779180903393,3.336202886338068
72,hinge_plateau_smooth,-2.962711252182118,-0.33474040254830384,-8.591682181016951,30.86259030154583,2.9873896081477573
73,hinge_plateau_smooth,-2.8581837060585866,-0.3252282306778943,-8.524764307232273,32.38896502137476,3.0747638294364394
74,hinge_plateau_smooth,-3.025006994800772,-0.3429015520422127,-8.550479903588863,23.65344364560125,2.916288929123586
75,hinge_plateau_smooth,-2.9530921534970025,-0.33571983707005115,-8.504943412050403,24.226927864187495,2.978674149038564
76,hinge_plateau_smooth,-2.5958417856838865,-0.297330842202646,-8.360432898232787,32.15579941033788,3.3632568777323457
77,hinge_plateau_smooth,-2.6043655695299943,-0.29694799685011025,-8.437438357480069,26.975729853109463,3.3675930149640565
78,hinge_plateau_smooth,-2.8439109268299485,-0.32349094286589164,-8.462411890917894,27.863711822114084,3.091276655663791
79,hinge_plateau_smooth,-2.7627652237579605,-0.31585507026197157,-8.418394197590306,25.25004245397369,3.166009015370865
80,hinge_plateau_smooth,-2.7470258048845566,-0.31433171493069223,-8.38754319980459,33.880384784128346,3.181352540962952
81,hinge_plateau_smooth,-3.127414226291354,-0.35269253240149234,-8.642459928212224,37.73307798275795,2.8353307998640482
82,hinge_plateau_smooth,-2.9960789142536566,-0.3398146125216722,-8.534745170528463,28.989982151764387,2.942781043402668
83,hinge_plateau_smooth,-2.9588108358293894,-0.33560063123824196,-8.56443990433303,25.76209448025194,2.9797321784240114
84,hinge_plateau_smooth,-3.102498576110215,-0.35059140084752477,-8.584979619346822,17.957172261836433,2.852323238911694
85,hinge_plateau_smooth,-2.8313510465125717,-0.3228763437051801,-8.45834386577598,26.64252966645727,3.0971609394620274
86,hinge_plateau_smooth,-2.8813372742446486,-0.328582248312364,-8.45579706186465,27.882732328244543,3.0433780435069586
87,hinge_plateau_smooth,-2.943252709392561,-0.33384561022446885,-8.55895311042945,23.051244280092014,2.995396582652762
88,hinge_plateau_smooth,-2.8083707433567278,-0.32138576237154787,-8.438390274743085,33.83438027180508,3.1115255156944985
89,hinge_plateau_smooth,-3.0373381851671626,-0.3438722939471766,-8.598732198174519,24.889858615925206,2.908056326729287
90,hinge_plateau_smooth,-2.922904477985033,-0.33260191491970986,-8.505876666909346,24.27983280843666,3.0065972417549074
91,hinge_plateau_smooth,-2.9397803032047474,-0.3342059540690833,-8.497890784049735,27.44204033552608,2.9921669193041702
92,hinge_plateau_smooth,-3.0373270283412883,-0.3449255575106472,-8.517832274205654,28.81407977675333,2.899176295363767
93,hinge_plateau_smooth,-2.622126876618713,-0.2994363210893147,-8.433809506162202,18.356517519824727,3.339608222416424
94,hinge_plateau_smooth,-2.6719928242729387,-0.3041274004368503,-8.464514166071163,25.659888305769826,3.2880957077974373
95,hinge_plateau_smooth,-2.5039839865295175,-0.28742373545497063,-8.327202051935743,21.369762393232257,3.4791837856295116
96,hinge_plateau_smooth,-2.9285284038206405,-0.33382036422015493,-8.470188013394925,12.889763637184284,2.9956231170501595
97,hinge_plateau_smooth,-2.840604884167126,-0.3226995816537821,-8.483547940968254,26.578614479956073,3.0988574415720187
98,hinge_plateau_smooth,-2.8155825907271614,-0.32034188947890735,-8.482938397649612,17.077393832002087,3.1216647989018127
99,hinge_plateau_smooth,-2.8763403623756987,-0.3264735210921453,-8.485918689237197,25.142804965121982,3.063035546205157
100,hinge_plateau_smooth,-2.6162685278240287,-0.2997246988423888,-8.371824439064364,23.314243591532637,3.336395044726872
101,hinge_plateau_smooth,-2.976365927072747,-0.3371934945324761,-8.536295970682213,25.791770120249904,2.9656562662530463
102,hinge_plateau_smooth,-2.972676029553535,-0.33668891139701507,-8.538238231207735,30.42503127949163,2.970100784878018
103,hinge_plateau_smooth,-2.565860119805534,-0.2927649242778377,-8.340741378332032,20.557065109124906,3.4157097284338174
104,hinge_plateau_smooth,-2.6912449107862657,-0.3063969240582641,-8.42255631982775,19.97556218072961,3.2637403364070363
105,hinge_plateau_smooth,-2.8420271354540425,-0.32308963474009744,-8.456266196305625,19.46024120668715,3.0951163159549475
106,hinge_plateau_smooth,-2.618059309180433,-0.2993856323775122,-8.392261940551005,30.58087380688056,3.3401736484770375
107,hinge_plateau_smooth,-2.918302335323801,-0.33219721330107865,-8.470184485994343,28.037944903996557,3.010260050236108
108,hinge_plateau_smooth,-2.8509532745965007,-0.3243535332235116,-8.483518475415869,20.189370277199686,3.083055670957964
109,hinge_plateau_smooth,-2.76268977721423,-0.3153322052166737,-8.455925371336495,24.392059209621888,3.1712587025891366
110,hinge_plateau_smooth,-2.8908560079514105,-0.3283364550688998,-8.532086751067112,32.66622541024027,3.045656321623363
111,hinge_plateau_smooth,-3.0151721778185223,-0.34066918270642155,-8.625768906578914,28.974377995052905,2.9353990638530103
112,hinge_plateau_smooth,-2.7457258918757725,-0.313319263513304,-8.469284078975988,21.912426207197356,3.191632677757582
113,hinge_plateau_smooth,-2.6493046234944724,-0.3028818565634463,-8.363366506502906,28.823536462506585,3.301617374332637
114,hinge_plateau_smooth,-2.6597839166607398,-0.3030053863215742,-8.491086439838034,39.38940897906575,3.300271365271104
115,hinge_plateau_smooth,-2.800545927191875,-0.31893633769926943,-8.443877942075595,24.338926239379205,3.135421969204767
116,hinge_plateau_smooth,-2.8529012972068712,-0.32477661869885305,-8.483153706895536,27.9449789701495,3.0790393840735293
117,hinge_plateau_smooth,-2.8865861993944937,-0.32898005474705116,-8.485160590920426,30.290535327525948,3.03969795606268
118,hinge_plateau_smooth,-2.5924163460389322,-0.29676650274217276,-8.405265588041381,30.00295814230319,3.369652540835406
119,hinge_plateau_smooth,-2.7762504780866966,-0.31590746541277565,-8.463358555984971,31.986683775687386,3.1654839137573574
120,hinge_plateau_smooth,-3.2870581544028377,-0.37012108847968234,-8.657468148359833,27.77474241135876,2.701818488937289
121,hinge_plateau_smooth,-2.852719613575209,-0.3245981511065394,-8.531360755757385,26.29688539082274,3.080732273400352
122,hinge_plateau_smooth,-2.5758358597352466,-0.29452233253877763,-8.372993751499221,30.04664009942964,3.3953282638366216
123,hinge_plateau_smooth,-2.8697871678210967,-0.32611504357040166,-8.481286644044593,18.702029644321463,3.0664025463275513
124,hinge_plateau_smooth,-2.7233468142028334,-0.3108838292672606,-8.445315024192606,17.35978023433484,3.2166356235284277
125,hinge_plateau_smooth,-2.712257361590135,-0.3097119325689047,-8.422363131834711,24.508356182932285,3.228806819632369
126,hinge_plateau_smooth,-2.3829856829522633,-0.2740804911625759,-8.318798824144991,22.654753972359366,3.6485632222792233
127,hinge_plateau_smooth,-2.8494329074342115,-0.3256499942699017,-8.427101944642285,27.89547561052594,3.07078156792839
128,hinge_plateau_smooth,-2.6772684607377766,-0.3058873269856993,-8.40002588515183,30.25494232349788,3.269177608154886
129,hinge_plateau_smooth,-2.934429000620447,-0.334440871990041,-8.497890048082335,23.06230483488001,2.990065161741888
130,hinge_plateau_smooth,-2.788994619712736,-0.317163401458076,-8.439981359930343,26.255718262669163,3.1529489071020205
131,hinge_plateau_smooth,-2.814688783429029,-0.3194034486200859,-8.539414922917489,40.138984473293895,3.130836577752324
132,hinge_plateau_smooth,-3.00327600479903,-0.33933135141724374,-8.559609395683669,27.248474441543717,2.9469720254949103
133,hinge_plateau_smooth,-2.6322509852920195,-0.30042600287286586,-8.340390955970568,21.507986403490968,3.3286066799723044
134,hinge_plateau_smooth,-2.831745188422583,-0.32151294320144586,-8.531176706410772,21.74056499695194,3.110294689982182
135,hinge_plateau_smooth,-2.9232874661226305,-0.33103493695124103,-8.584417760229224,35.551671835699324,3.0208291886342273
136,hinge_plateau_smooth,-2.7708350488116076,-0.3150872952850497,-8.479975406083204,26.115093776831472,3.17372364726839
137,hinge_plateau_smooth,-3.2138940028917093,-0.36295662767274606,-8.602366488924808,19.94147290815699,2.755150130228876
138,hinge_plateau_smooth,-2.8484076213788745,-0.3245766558264925,-8.436544925381185,25.648304698381942,3.0809362967081824
139,hinge_plateau_smooth,-3.0135190848777627,-0.3414610542582426,-8.518425824762321,23.9427270215779,2.9285916725475607
140,hinge_plateau_smooth,-2.899825185603128,-0.3298868985762977,-8.51469565963858,27.384813108518863,3.0313419669460306
141,hinge_plateau_smooth,-2.8005206250196255,-0.31867355845319867,-8.451759357639325,20.78154401188261,3.13800744829246
142,hinge_plateau_smooth,-2.594487919830212,-0.2979940056759558,-8.37953564324931,29.18780089166213,3.35577219995297
143,hinge_plateau_smooth,-2.9233583259814857,-0.33111103857876906,-8.53671586768831,33.26927968957484,3.020134889770843
144,hinge_plateau_smooth,-2.9508060613449345,-0.33522392711495697,-8.489586309721332,20.06875574491508,2.9830806189949386
145,hinge_plateau_smooth,-2.777073065708044,-0.3152733058383036,-8.478847806380731,28.579370561542653,3.1718511573348267
146,hinge_plateau_smooth,-3.2661525346920186,-0.3692434635297565,-8.575987237624084,25.03571003188474,2.708240222969884
147,hinge_plateau_smooth,-2.725105664462408,-0.3108548039670604,-8.413887171301496,26.729516033328515,3.2169359689418364
148,hinge_plateau_smooth,-2.6927133617645906,-0.30718887344877666,-8.464111732188476,18.268847484365637,3.2553262387830224
149,hinge_plateau_smooth,-2.7897940062890663,-0.3173278409469461,-8.479560139029779,25.860813337645936,3.1513150469743674
150,hinge_plateau_smooth,-2.6370804121527116,-0.3014675070357806,-8.408114458178929,27.962354550286438,3.3171070734376418
151,hinge_plateau_smooth,-2.522516214099588,-0.28874741284066424,-8.366795485662507,32.87291365629571,3.4632344932968007
152,hinge_plateau_smooth,-2.7160332303603187,-0.30985157317758644,-8.416984468818644,23.396483233180035,3.2273516953450034
153,hinge_plateau_smooth,-2.527048954846052,-0.2898047798621054,-8.341937731179895,20.642118011462482,3.450598711573422
154,hinge_plateau_smooth,-2.763291378109456,-0.3142452970348282,-8.480273167215556,32.86779515463672,3.1822274173578764
155,hinge_plateau_smooth,-2.978665785272714,-0.33785891307613947,-8.52652101495334,23.770216331143082,2.95981535871052
156,hinge_plateau_smooth,-2.9053399313798356,-0.32947876591476966,-8.484056885782238,25.593393770508612,3.0350969575340776
157,hinge_plateau_smooth,-2.75181503037933,-0.3138029842515493,-8.417145739206457,23.78368484034239,3.1867128427255
158,hinge_plateau_smooth,-2.875790527203541,-0.3273492371188699,-8.474604485531042,19.445802728524797,3.054841394473363
159,hinge_plateau_smooth,-2.4720575779742724,-0.2845246113417394,-8.303912835615504,21.8616676122178,3.514634446856026
160,hinge_plateau_smooth,-2.6590523482917305,-0.30350528123631604,-8.474980157318663,28.74620136110779,3.29483558219001
161,hinge_plateau_smooth,-2.930931718597063,-0.3323996334595202,-8.511383143819874,22.516278190600993,3.008426903460411
162,hinge_plateau_smooth,-2.5442831064890323,-0.29197759785567395,-8.349278805274865,20.98727028476937,3.424920293009278
163,hinge_plateau_smooth,-2.7939944636888256,-0.3182930953207982,-8.440704599358558,26.05309352476862,3.141758381507238
164,hinge_plateau_smooth,-2.569888628511079,-0.294247580271069,-8.37135858225778,23.24054208644948,3.3984986353286994
165,hinge_plateau_smooth,-2.8702082179573654,-0.32611502465130465,-8.52865955290282,31.855051347889805,3.066402724220512
166,hinge_plateau_smooth,-2.4995478453373243,-0.2857106815197273,-8.395954266181075,21.41245991045106,3.5000441519403034
167,hinge_plateau_smooth,-3.0393863450270695,-0.34568059164815107,-8.5227965195404,18.80699210278784,2.8928439263314036
168,hinge_plateau_smooth,-2.8352478681861,-0.3231335210486386,-8.493827592289847,29.601609095428337,3.0946959534089267
169,hinge_plateau_smooth,-2.788290987279324,-0.318217539462618,-8.472229744787668,21.885986535461143,3.142504343691191
170,hinge_plateau_smooth,-2.751146955175153,-0.3140677191282097,-8.472545295563007,29.320630708164124,3.1840266894534834
171,hinge_plateau_smooth,-2.6862170281492466,-0.30610014341558545,-8.462660276411297,33.04643630301197,3.2669047091635037
172,hinge_plateau_smooth,-3.037858394528393,-0.34342409676512176,-8.55746850737104,19.56629013420919,2.9118515835652925
173,hinge_plateau_smooth,-2.7045190285138974,-0.30711074502663427,-8.494512339744858,17.047885888722163,3.256154387933495
174,hinge_plateau_smooth,-2.68599650693671,-0.3064327409248062,-8.389354275133817,19.045371026596385,3.263358859702868
175,hinge_plateau_smooth,-2.9064135297183324,-0.3304836571080583,-8.508576526740306,26.640102390249304,3.025868234304336
176,hinge_plateau_smooth,-2.8417175300196487,-0.3228889891867043,-8.501305851944037,32.16012168149305,3.0970396436211995
177,hinge_plateau_smooth,-2.787820805811305,-0.31812820503605366,-8.378426911595506,23.545887382662432,3.143386798685987
178,hinge_plateau_smooth,-2.5008859829768215,-0.2867058090089908,-8.3495262135268,28.721493711122882,3.4878958450703768
179,hinge_plateau_smooth,-2.5589015415958194,-0.2933141845781195,-8.34979858149451,32.03170907319931,3.409313468553602
180,hinge_plateau_smooth,-2.7914465779039577,-0.3181835027632395,-8.467881636724515,21.427047132723807,3.142840503406302
181,hinge_plateau_smooth,-2.9388315983080093,-0.33456931068569334,-8.44750479413727,34.837831629704084,2.9889172977357648
182,hinge_plateau_smooth,-2.8294644195480245,-0.3232940140518162,-8.476811091804427,19.043436884984022,3.0931596520055713
183,hinge_plateau_smooth,-2.5407574658349112,-0.29197551611659284,-8.343533383086692,23.2257211456471,3.4249447121472882
184,hinge_plateau_smooth,-2.8683947169674786,-0.3251156507535123,-8.476912813348857,31.192583127107618,3.0758285480330625
185,hinge_plateau_smooth,-2.7583020827132483,-0.3134779922279797,-8.432750493209767,30.566763493070702,3.1900166033752733
186,hinge_plateau_smooth,-2.9112799873735136,-0.33095921233751674,-8.470294865753326,23.62015001727501,3.021520364812164
187,hinge_plateau_smooth,-2.9202217390552385,-0.3314457795738825,-8.498573772314835,28.270081293894123,3.0170847288676677
188,hinge_plateau_smooth,-2.5734578059400786,-0.29389240126666816,-8.402149084119145,26.754249719972425,3.402605837000302
189,hinge_plateau_smooth,-2.7418851567881357,-0.3123023128689663,-8.47166725210249,24.26146839653549,3.202025597612443
190,hinge_plateau_smooth,-2.8305104823519565,-0.32226190845845043,-8.412761775850061,22.568735923835924,3.1030660892673607
191,hinge_plateau_smooth,-2.5631921909740525,-0.2937685717249283,-8.35863970364033,29.427583287370474,3.4040401058842846
192,hinge_plateau_smooth,-2.7013182563287366,-0.3085800194382186,-8.409310882992667,29.62966565087922,3.2406505185285073
193,hinge_plateau_smooth,-2.7697338696156564,-0.31536131085825536,-8.49077245072845,25.413096032078556,3.1709660176085057
194,hinge_plateau_smooth,-2.8031965602776086,-0.3193776042424801,-8.470274363262382,20.41545640137734,3.131089928399529
195,hinge_plateau_smooth,-2.8259964836541736,-0.32107986317548115,-8.440492911124334,33.58297971281225,3.1144899281754888
196,hinge_plateau_smooth,-2.703239284626569,-0.3083770373026329,-8.484168133561829,31.242295094509892,3.242783602654004
197,hinge_plateau_smooth,-3.112903547215151,-0.35268558631083363,-8.565783691816808,25.285276214872432,2.835386641286402
198,hinge_plateau_smooth,-2.741724878342262,-0.31240937418704534,-8.465944999564469,25.271392769308406,3.2009282775275536
199,hinge_plateau_smooth,-2.3063136248464065,-0.2661029064580542,-8.200534814813851,27.00838019301596,3.7579446737746554
200,hinge_plateau_smooth,-2.5505427706169965,-0.2917624233334949,-8.414047380349677,20.67389937741919,3.427446168614264
201,hinge_plateau_smooth,-2.8768018900424366,-0.32686867392010377,-8.522755290400397,21.16784130930853,3.0593326304631723
202,hinge_plateau_smooth,-2.5119724419239082,-0.287848197489925,-8.377625380354607,27.766207984241557,3.4740533681299186
203,hinge_plateau_smooth,-2.731098897251874,-0.311306267586698,-8.439427754632467,21.460938757301946,3.2122706932699407
204,hinge_plateau_smooth,-2.7546449182077843,-0.3146695624275795,-8.413439799328614,23.57896363851745,3.177936856317801
205,hinge_plateau_smooth,-3.027516664818972,-0.34280850825636355,-8.568892784662326,25.942316129927875,2.917080457210143
206,hinge_plateau_smooth,-2.6344289508057073,-0.3014295288449047,-8.331456636408157,29.546936141482938,3.317525007692702
207,hinge_plateau_smooth,-2.5446938910839063,-0.2918187286985799,-8.395820185696454,21.70629119861347,3.4267848553096187
208,hinge_plateau_smooth,-2.8960481411433063,-0.3294732056931205,-8.488028157896693,25.20803403089185,3.035148178123549
209,hinge_plateau_smooth,-2.6594402401227057,-0.3030250419765262,-8.443747045499839,29.45178053999941,3.300057293870336
210,hinge_plateau_smooth,-2.7153787750667893,-0.30980948009084225,-8.4548409835098,30.30430492690229,3.227790188043246
211,hinge_plateau_smooth,-3.0968372988171833,-0.35134251438751624,-8.535580023435337,28.43041804429801,2.8462254325903795
212,hinge_plateau_smooth,-2.8454661816234403,-0.32313408785656483,-8.48345515878639,27.22552063844517,3.0946905250178602
213,hinge_plateau_smooth,-3.074665452548431,-0.3479715084115309,-8.546724503945585,32.74241554820324,2.873798503115787
214,hinge_plateau_smooth,-2.9780637736462876,-0.3376344520916021,-8.510698969029585,21.04397665448348,2.961783057994018
215,hinge_plateau_smooth,-3.087143024616099,-0.34799097755919295,-8.627325452651004,37.16173561846977,2.8736377219145024
216,hinge_plateau_smooth,-2.903902064069818,-0.32996867508028,-8.517521142664148,35.67070167068586,3.030590706092644
217,hinge_plateau_smooth,-2.901510240343458,-0.32994583764685026,-8.49704507916766,26.923794900576098,3.0308004705618576
218,hinge_plateau_smooth,-2.756100767722829,-0.3140600527973505,-8.4696957544124,22.718908372534756,3.184104412811957
219,hinge_plateau_smooth,-2.63157795265933,-0.30159361371460774,-8.393434322318717,31.036890773157598,3.3157200767065342
220,hinge_plateau_smooth,-2.870887203485935,-0.32663962570892485,-8.526078133136505,27.134509966192688,3.061477914168075
221,hinge_plateau_smooth,-2.80729349447977,-0.3195543656821562,-8.457353886993591,23.06876359570026,3.1293579665710056
222,hinge_plateau_smooth,-2.84535773405447,-0.32409047192766294,-8.486239958521626,19.77326611633348,3.0855581592759695
223,hinge_plateau_smooth,-3.1000722640068936,-0.35161865156061245,-8.528660195442184,24.981273805389986,2.8439902023445955
224,hinge_plateau_smooth,-2.6897519243064267,-0.3080368676760267,-8.385451546122576,26.313046550051823,3.2463646561025787
225,hinge_plateau_smooth,-2.692170780263662,-0.30729345386846885,-8.455063052270734,22.232460298717942,3.2542183616707665
226,hinge_plateau_smooth,-2.721176874079395,-0.3103088937444539,-8.430202569137656,23.074068044598246,3.2225953563017167
227,hinge_plateau_smooth,-2.680178912539922,-0.30645773668843845,-8.43044773386546,18.742373181475248,3.2630926887535368
228,hinge_plateau_smooth,-3.0708654964887527,-0.3482989143300625,-8.555004463626513,16.48005542821229,2.8710970917708876
229,hinge_plateau_smooth,-2.904745807158655,-0.3306994077913551,-8.4986586977067,29.342987091069137,3.023894136003171
230,hinge_plateau_smooth,-3.1133682732489265,-0.352892315842595,-8.552514285235677,33.882819331338325,2.8337256299058735
231,hinge_plateau_smooth,-3.1221891719581736,-0.35258453106443477,-8.604567636789374,25.12327578792133,2.836199299444734
232,hinge_plateau_smooth,-2.856638019759805,-0.3256467722529041,-8.455720630673484,30.7547042906601,3.0708119508808736
233,hinge_plateau_smooth,-2.950519606432905,-0.336069493912198,-8.485922993874869,29.329404715837214,2.97557504657433
234,hinge_plateau_smooth,-2.790728895480577,-0.3179597372237816,-8.449042578738926,23.747474635933763,3.145052290995558
235,hinge_plateau_smooth,-2.875568599165464,-0.32689867240473924,-8.478226764323036,23.075173335720415,3.059051884927454
236,hinge_plateau_smooth,-2.948542688909781,-0.3349456220758767,-8.557890018053103,30.747752483076404,2.985559249296489
237,hinge_plateau_smooth,-2.7854598253496095,-0.31751334575996887,-8.445935105125436,26.352587244527133,3.149473914573568
238,hinge_plateau_smooth,-2.610829948465951,-0.2978937939033544,-8.392637837317082,30.193547574466585,3.356901085104276
239,hinge_plateau_smooth,-3.0936895675108524,-0.3492884808659954,-8.595107265251466,24.569585863939977,2.862963008458473
240,hinge_plateau_smooth,-2.840905397259548,-0.32187454162173507,-8.524915571547217,21.5312824971152,3.1068005408616433
241,hinge_plateau_smooth,-3.108687474842828,-0.35107225172708384,-8.591012905737111,27.330626677328603,2.8484165156333088
242,hinge_plateau_smooth,-2.6038686940525753,-0.29636830691103316,-8.429877051455659,31.698900608994883,3.3741799533922165
243,hinge_plateau_smooth,-2.969555421676535,-0.3358416700773408,-8.50211100121276,24.656501068778237,2.977593577859801
244,hinge_plateau_smooth,-2.7560219544127746,-0.3148300159974749,-8.421780441115105,26.43121951521313,3.1763172162339837
245,hinge_plateau_smooth,-2.600096335956252,-0.2972038428102135,-8.39410507674027,24.66644672988034,3.364694044816148
246,hinge_plateau_smooth,-2.7734230963205935,-0.3167604003925649,-8.45315105733735,25.32779303656266,3.1569602726877735
247,hinge_plateau_smooth,-2.7164926521022523,-0.30921510046298556,-8.418607638460445,36.60040178396526,3.2339947127507913
248,hinge_plateau_smooth,-3.000309876493251,-0.3393916271247176,-8.579767740499394,30.15904266205503,2.946448645394914
249,hinge_plateau_smooth,-3.205006370876149,-0.36121849059875955,-8.680404128925925,27.90112560767748,2.7684075594867514
250,hinge_plateau_smooth,-3.3413647063325906,-0.37570355551867307,-8.656668327652877,27.200259218479275,2.661672974107104
251,hinge_plateau_smooth,-2.7404715055358655,-0.3118823379730243,-8.49112799771609,27.903130544010192,3.206337385115066
252,hinge_plateau_smooth,-2.868774207090174,-0.32522791397336925,-8.488744372531166,18.03071406270709,3.0747668236186003
253,hinge_plateau_smooth,-2.8019048430861675,-0.3190308043074558,-8.467237933219861,23.20327654689111,3.1344935551624094
254,hinge_plateau_smooth,-2.7210892045424715,-0.3102265286156114,-8.408856158789321,33.45166784250547,3.2234509552181394
255,hinge_plateau_smooth,-2.453550960295115,-0.2821336061468531,-8.324754940598835,30.50284602993056,3.544420013117795
256,hinge_plateau_smooth,-2.9168320149440214,-0.3309497381208045,-8.53929358966013,27.635889590815733,3.0216068629580732
257,hinge_plateau_smooth,-3.104549252385571,-0.35041647523616726,-8.599609677346855,31.148724792424648,2.8537471000073222
258,hinge_plateau_smooth,-2.809264635999156,-0.3198252190178682,-8.49785420761763,24.581188453534445,3.126707778301033
259,hinge_plateau_smooth,-2.838487752421281,-0.3228264377001098,-8.493188697482195,30.72616481020242,3.0976397321242684
260,hinge_plateau_smooth,-2.808822667232158,-0.3184990354895607,-8.56802918520406,26.481291354416395,3.1397269334361186
261,hinge_plateau_smooth,-3.1235540187709354,-0.35367452505375463,-8.543683763362534,41.21612737402481,2.8274583809733285
262,hinge_plateau_smooth,-3.0743920482183555,-0.34925436369427315,-8.52998052272188,25.616369477598944,2.8632426791247485
263,hinge_plateau_smooth,-2.6327344967926756,-0.3000918265775676,-8.455528032844535,17.875612094809426,3.3323133502322175
264,hinge_plateau_smooth,-2.6249802539177605,-0.29900845497823625,-8.457141014155903,24.82287341863583,3.3443870343826445
265,hinge_plateau_smooth,-2.8395138523785755,-0.32290997226684764,-8.502077358224886,25.592189248945225,3.09683839424326
266,hinge_plateau_smooth,-2.6920092295450173,-0.3086413395781877,-8.398074288474474,23.693608881418626,3.240006673657763
267,hinge_plateau_smooth,-2.914049087736398,-0.3308210895242765,-8.505430391208167,24.470843812737012,3.0227818953078485
268,hinge_plateau_smooth,-3.1193284062260354,-0.3520371417394084,-8.611756887603368,30.55472604676411,2.840609360305052
269,hinge_plateau_smooth,-2.668182580450656,-0.30572053902641594,-8.418250399507757,32.39144480039404,3.2709611306605555
270,hinge_plateau_smooth,-2.7136536756548746,-0.3099326050461357,-8.422248112399014,24.471390407972855,3.2265079043592166
271,hinge_plateau_smooth,-2.898197957039879,-0.32983076514271426,-8.464131851668242,23.285667053157496,3.031857866767858
272,hinge_plateau_smooth,-2.7889471629433453,-0.3175068367755691,-8.486869388719082,26.77095876101849,3.1495384797236783
273,hinge_plateau_smooth,-2.8183357184962636,-0.32151537511883355,-8.471645837097247,24.185894242217532,3.11027116395412
274,hinge_plateau_smooth,-3.0277849629469493,-0.3438243427333223,-8.535999606668865,37.29570697165012,2.9084618967064295
275,hinge_plateau_smooth,-2.792459397292741,-0.31752917359726524,-8.513027871281047,18.660915979020842,3.1493169231383424
276,hinge_plateau_smooth,-2.967678113328039,-0.3358124490875306,-8.538575560173005,26.969905822901776,2.977852675555059
277,hinge_plateau_smooth,-3.002088259997116,-0.3401910681884528,-8.528945171274202,25.394590960954574,2.939524559904196
278,hinge_plateau_smooth,-2.2808915033701913,-0.2630120102109121,-8.214433480088873,28.906375282072844,3.8021077410042587
279,hinge_plateau_smooth,-2.4943892632082476,-0.2872454267668398,-8.289002078253871,27.997993834193963,3.4813435021603
280,hinge_plateau_smooth,-2.6788870009405827,-0.30688054407325194,-8.377782923486787,29.143238056350956,3.258596933930427
281,hinge_plateau_smooth,-2.692118717779364,-0.3073168884646786,-8.467874419895344,34.38549833670559,3.2539702096942675
282,hinge_plateau_smooth,-3.1279713234332807,-0.35456804135818604,-8.581414209360293,27.310452039295694,2.8203331472556377
283,hinge_plateau_smooth,-2.474330244367986,-0.2840379129607411,-8.347198815425418,25.549706736954256,3.520656765768509
284,hinge_plateau_smooth,-2.714348272319823,-0.30911907672943534,-8.472924054827923,28.315089084977764,3.234999310234342
285,hinge_plateau_smooth,-2.832904302363848,-0.3229054010695953,-8.51663535895931,23.05864117827467,3.0968822345107556
286,hinge_plateau_smooth,-2.7189743510492708,-0.3101786494670648,-8.430684098991414,21.12228342726002,3.223948526818837
287,hinge_plateau_smooth,-2.8280149657273084,-0.32089321931514564,-8.517544454959452,31.600567028314202,3.1163014355186833
288,hinge_plateau_smooth,-2.9504354537898796,-0.3333603070596846,-8.564090956020864,30.775523603534154,2.9997572561059607
289,hinge_plateau_smooth,-2.8872850189666517,-0.3279121947722865,-8.48900266909566,26.42041425741993,3.049596861423328
290,hinge_plateau_smooth,-2.456410342511195,-0.2820347084014062,-8.340848060672261,32.20389486503443,3.5456628925853653
291,hinge_plateau_smooth,-2.818349353536115,-0.32017245216208634,-8.527091806152308,40.883840432319545,3.123316803950869
292,hinge_plateau_smooth,-2.6410697049740377,-0.301577495362255,-8.394369119593948,21.671992762069845,3.3158972913373383
293,hinge_plateau_smooth,-2.89674456762814,-0.3297624205117338,-8.474050560718661,22.81077571052864,3.0324862319004517
294,hinge_plateau_smooth,-2.9247547582220688,-0.3312598312610928,-8.524826937144821,25.35120231738259,3.0187783293647175
295,hinge_plateau_smooth,-2.8460160359437396,-0.3233906605382626,-8.49313313714951,24.74216042403016,3.09223524988497
296,hinge_plateau_smooth,-2.776315594464373,-0.31593913586797123,-8.488890851664031,25.691696271232356,3.165166598473869
297,hinge_plateau_smooth,-2.5216983575416148,-0.28868654905377095,-8.363903413874072,20.845538019258022,3.463964647046092
298,hinge_plateau_smooth,-2.7779460452458795,-0.3162811233884817,-8.469184458413622,23.60898140727263,3.1617441764670864
299,hinge_plateau_smooth,-2.8070712451810484,-0.3200595786791657,-8.448492866735402,26.03729936050429,3.1244182852668834
300,hinge_plateau_smooth,-2.5708217622716747,-0.29354938706935835,-8.386014211543227,35.363782674555495,3.406581802072457
301,hinge_plateau_smooth,-2.62260618231523,-0.3005810876647974,-8.41581434613941,33.09899892398455,3.3268892855800094
302,hinge_plateau_smooth,-3.1383896690709503,-0.3555867019021641,-8.55664932206653,25.33185505096818,2.8122536491118257
303,hinge_plateau_smooth,-3.0386412950897395,-0.3450093391918623,-8.528312028178823,25.076502320670237,2.898472262641831
304,hinge_plateau_smooth,-2.785415314807488,-0.3189399545255673,-8.441977498672328,16.857643903643194,3.1353864130554916
305,hinge_plateau_smooth,-2.4748749327995943,-0.28246191890228417,-8.345996156677428,25.546741619268673,3.5403002425468313
306,hinge_plateau_smooth,-2.7123856375612587,-0.3096009685959219,-8.413283595312318,27.09949974933555,3.2299640551356212
307,hinge_plateau_smooth,-2.4268937750712745,-0.2767881391215583,-8.423565300962832,31.937834972671833,3.61287157453241
308,hinge_plateau_smooth,-2.9852008501767404,-0.3381233858891352,-8.518426237829516,20.33110447107392,2.9575002550337723
309,hinge_plateau_smooth,-2.648983465153145,-0.30346950485604335,-8.429478123071023,27.946056169763814,3.295224014269142
310,hinge_plateau_smooth,-2.7258598516129515,-0.3115676670187547,-8.374402609956222,24.29667023086153,3.2095756583747352
311,hinge_plateau_smooth,-2.730188759381935,-0.31202645993020134,-8.407159393871266,24.43802222884919,3.204856409368919
312,hinge_plateau_smooth,-2.7416440526124735,-0.3137601626015554,-8.416377897511326,17.831722454391752,3.1871477618715467
313,hinge_plateau_smooth,-3.2534085310709213,-0.3666460788768158,-8.635131399992755,15.420077164673678,2.727425868192568
314,hinge_plateau_smooth,-2.892723706506602,-0.32709769310884046,-8.543707841423693,17.38124726674963,3.057190622458025
315,hinge_plateau_smooth,-2.6665513914975305,-0.3047358026746174,-8.386887600216555,19.17932047099556,3.28153105484541
316,hinge_plateau_smooth,-3.1567646678962595,-0.35536348712843513,-8.659579050910402,32.41771074310122,2.81402011242247
317,hinge_plateau_smooth,-2.648641377255958,-0.3027704443191969,-8.373978527741183,24.515771119406594,3.302832290148328
318,hinge_plateau_smooth,-2.90661900642332,-0.32850363773836344,-8.603194361862682,26.82714053177991,3.0441063206625723
319,hinge_plateau_smooth,-2.9051443726570243,-0.3294478221176131,-8.499975975872966,31.402745622102035,3.0353820327972887
320,hinge_plateau_smooth,-2.763794066840625,-0.31478176976109534,-8.453740636356345,30.85891445828113,3.1768040466859095
321,hinge_plateau_smooth,-2.781914076190869,-0.31702096679399844,-8.432847674070992,19.100136999475332,3.1543654986384677
322,hinge_plateau_smooth,-2.8486499024780922,-0.32414564499628173,-8.466104325766752,24.318045550869485,3.0850329641524907
323,hinge_plateau_smooth,-2.6991183271460217,-0.30890961893068564,-8.343859321106185,30.460644898829898,3.237192818603632
324,hinge_plateau_smooth,-3.0288394548417643,-0.34285382892209937,-8.567675101853595,28.26075815308068,2.9166948584004655
325,hinge_plateau_smooth,-2.8531762461688785,-0.3249244222485988,-8.501446942736429,24.756211743130315,3.0776387723632013
326,hinge_plateau_smooth,-2.5369576455322975,-0.2905378099366054,-8.360013388845337,27.20581181422256,3.4418928132562074
327,hinge_plateau_smooth,-3.0231528808669506,-0.34174037933373735,-8.543014541615388,18.427831721010968,2.92619795749515
328,hinge_plateau_smooth,-3.285609995523475,-0.3708591879284835,-8.63114356452998,25.742657936959343,2.6964412169096375
329,hinge_plateau_smooth,-2.7480211787444984,-0.31394816777492573,-8.46928533215878,25.59362639547401,3.1852391657113137
330,hinge_plateau_smooth,-2.82492567237419,-0.321548085630212,-8.423636875234822,26.550455854580342,3.109954761634078
331,hinge_plateau_smooth,-2.9441869610023756,-0.33427496086964537,-8.53666650705378,18.219393901457636,2.9915492246215902
332,hinge_plateau_smooth,-3.0604623782799267,-0.345474704060472,-8.612620660501394,31.027005983520276,2.8945679328954856
333,hinge_plateau_smooth,-2.5725032028553567,-0.29514526174749584,-8.358912311114276,27.995646356108516,3.388162134398502
334,hinge_plateau_smooth,-3.0766279281501836,-0.3480624308305992,-8.585144956458839,23.70903572352001,2.8730477966658134
335,hinge_plateau_smooth,-3.103628876899453,-0.3516083238823572,-8.54283594274179,18.919347941784068,2.8440737379544654
336,hinge_plateau_smooth,-2.7716797456019546,-0.3161493064166453,-8.412461489122666,25.79478450215716,3.1630624508855476
337,hinge_plateau_smooth,-2.8115622529642987,-0.32018291851202313,-8.405866382219033,30.82929247152401,3.1232147069158818
338,hinge_plateau_smooth,-3.0258073661055054,-0.34322615871507456,-8.471690633947842,19.32467456666568,2.913530844337943
339,hinge_plateau_smooth,-2.876270592317278,-0.32692826391594954,-8.510043631187912,21.745989797827843,3.0587749985944668
340,hinge_plateau_smooth,-2.520683339995224,-0.2882872558400504,-8.390221814031303,21.900633924008744,3.468762422695602
341,hinge_plateau_smooth,-2.822124175771462,-0.3211351341415321,-8.42799673088373,18.88433966471534,3.1139538894528918
342,hinge_plateau_smooth,-3.0621167016736175,-0.34678196584385446,-8.54594990657124,17.404312912715977,2.8836562984658496
343,hinge_plateau_smooth,-2.8003784018344446,-0.3185372978940188,-8.505599220988886,28.477677186737495,3.139349792352141
344,hinge_plateau_smooth,-3.0036598549504987,-0.33983068938175376,-8.553861463483944,24.448117111583535,2.9426418250196216
345,hinge_plateau_smooth,-2.60898015899821,-0.2986781800938246,-8.411600156345813,22.17963363075616,3.348085218966673
346,hinge_plateau_smooth,-2.7173740130250135,-0.3098473851205813,-8.489279757150612,23.58800171471217,3.227395317894442
347,hinge_plateau_smooth,-2.7356398028258924,-0.3122878809265219,-8.34773866510319,19.707143620932825,3.2021735746936963
348,hinge_plateau_smooth,-2.82057741521033,-0.32036663610854293,-8.46414960724309,21.447569425283632,3.1214236667927913
349,hinge_plateau_smooth,-2.688055992526672,-0.3070221882423902,-8.385087940279695,25.101268937972648,3.2570935857264898
350,hinge_plateau_smooth,-2.834950852139308,-0.3226238964081491,-8.493196756065187,27.2114034757415,3.0995844112393565
351,hinge_plateau_smooth,-2.913203654975548,-0.3307338821659262,-8.501412983916357,30.754725305339846,3.0235789373956825
352,hinge_plateau_smooth,-2.8346645151803695,-0.32420044397069014,-8.423195950518517,29.19431941167984,3.0845115069935147
353,hinge_plateau_smooth,-2.658700972404427,-0.30503580981896244,-8.346582233460257,32.691267427263654,3.2783036214452856
354,hinge_plateau_smooth,-2.5813331851905237,-0.294250633333776,-8.427106430574856,30.18778721092938,3.3984633734523673
355,hinge_plateau_smooth,-2.3778990131705897,-0.27421068507540913,-8.309620436127377,33.50890637282362,3.6468309020306617
356,hinge_plateau_smooth,-3.1348345107212388,-0.3534891186154466,-8.624598820909167,31.074991795829423,2.8289413940571086
357,hinge_plateau_smooth,-2.8106434300697996,-0.319468044072784,-8.447355895821895,26.0817820713228,3.1302035322574273
358,hinge_plateau_smooth,-2.9502962643585757,-0.33408800567139946,-8.5298512660001,23.586351724079826,2.993223291540657
359,hinge_plateau_smooth,-3.287053140807102,-0.3698023569367608,-8.657479089075924,27.484021379609658,2.7041471781939133
360,hinge_plateau_smooth,-2.5127417067460627,-0.28703303276858655,-8.32876042700891,14.607692747226887,3.483919569655336
361,hinge_plateau_smooth,-2.5975554285554856,-0.2970598483411076,-8.373007274672826,28.220220635820063,3.366325020309446
362,hinge_plateau_smooth,-2.9536838817227906,-0.3346389932347111,-8.551101222207313,38.51480752617145,2.9882949094895648
363,hinge_plateau_smooth,-2.7574534095855943,-0.3142429700977251,-8.466064135855053,22.64682235660505,3.182250981426933
364,hinge_plateau_smooth,-3.181837937886071,-0.3594015687302611,-8.5827161791496,23.185787569989653,2.782402991542094
365,hinge_plateau_smooth,-2.896480947675932,-0.3286845619942172,-8.51813858696157,22.006525619370628,3.042430693832203
366,hinge_plateau_smooth,-2.661586296989368,-0.3046199954613414,-8.361995958466073,25.193637345577102,3.2827785926709057
367,hinge_plateau_smooth,-3.02955116696638,-0.3437492820019021,-8.544400846023208,21.863520235171194,2.9090969853850246
368,hinge_plateau_smooth,-2.408899252883229,-0.277786888256328,-8.248472578693061,29.54728268861826,3.599881932070348
369,hinge_plateau_smooth,-2.6935158352760307,-0.3077439433008631,-8.397437655780738,23.02304357710888,3.2494546903961616
370,hinge_plateau_smooth,-2.6570355406275254,-0.3045395778752672,-8.371923044213876,23.620152869123267,3.2836454525118515
371,hinge_plateau_smooth,-2.385813489852525,-0.2730456536440365,-8.33112320038523,20.68157740469981,3.6623912032808903
372,hinge_plateau_smooth,-2.620653688154451,-0.29915619220616624,-8.417317246514852,25.863957170183667,3.342735420668949
373,hinge_plateau_smooth,-2.638499660858411,-0.3017197885074627,-8.39454604902037,23.65210936620843,3.3143334911732714
374,hinge_plateau_smooth,-2.52449510698335,-0.28963997163368227,-8.368468731876488,26.812534275062262,3.4525621389879664
375,hinge_plateau_smooth,-3.0861992850294278,-0.3490699253528696,-8.560928297135348,20.118526586492948,2.864755532832325
376,hinge_plateau_smooth,-2.991560003999921,-0.3406817579006579,-8.492433243954181,21.98987072441586,2.935290712840568
377,hinge_plateau_smooth,-2.8429513848028214,-0.32342806506038757,-8.483002188792003,24.01431474148176,3.091877632243476
378,hinge_plateau_smooth,-2.6643374217557905,-0.30484172033092355,-8.356535123568852,20.856048511779317,3.2803908825683092
379,hinge_plateau_smooth,-2.444599138190608,-0.28129959568411494,-8.32010168753904,21.807782359252034,3.554928678685158
380,hinge_plateau_smooth,-2.8115147960898863,-0.3199398000892779,-8.502632105149779,30.219969169786317,3.125588000370551
381,hinge_plateau_smooth,-2.860805786118264,-0.32492146704762265,-8.471484346746296,29.649320596829007,3.077666763868924
382,hinge_plateau_smooth,-2.8773268774784464,-0.3266462362240616,-8.532887506119943,32.18115887014625,3.061415957396963
383,hinge_plateau_smooth,-2.595122700064257,-0.2961974841616589,-8.408863597766578,28.000782896091657,3.3761259074510543
384,hinge_plateau_smooth,-2.8456701848460324,-0.3236066009062662,-8.467120332861612,20.633742140892917,3.0901718234408126
385,hinge_plateau_smooth,-2.8989990528825693,-0.32960373663928566,-8.501808810543546,22.36864195001028,3.033946187006939
386,hinge_plateau_smooth,-2.887790090824852,-0.3280596583099438,-8.519784677099997,25.169945199292304,3.048226060929507
387,hinge_plateau_smooth,-2.5210093066489434,-0.289480787846226,-8.357711962418572,26.551702403792966,3.4544606826592106
388,hinge_plateau_smooth,-3.010003571587003,-0.34097327685064216,-8.542602466037591,26.93610520449752,2.932781152928984
389,hinge_plateau_smooth,-2.459781668792989,-0.28148042184701955,-8.370753974757646,23.841046573593943,3.5526449528467925
390,hinge_plateau_smooth,-2.9636955884357397,-0.3352981317926008,-8.54033714395706,20.678716874063113,2.982420434774601
391,hinge_plateau_smooth,-3.1688620621451076,-0.35774574407864207,-8.600905097232161,29.78710442450498,2.795281331928783
392,hinge_plateau_smooth,-2.797761001005293,-0.3185573857059577,-8.405709018506606,27.926898797235722,3.139151829061792
393,hinge_plateau_smooth,-2.7981516321428557,-0.31797331457288314,-8.504704895289109,17.363211743908685,3.1449179983648863
394,hinge_plateau_smooth,-3.0601522430704944,-0.3468788957583067,-8.528976538575018,19.715172314022304,2.8828505055457905
395,hinge_plateau_smooth,-2.834109067557992,-0.32179134515422475,-8.55953530827535,22.305608307136723,3.1076037782207306
396,hinge_plateau_smooth,-2.727806173236637,-0.3105519569801006,-8.466261778775523,21.083419243377815,3.220073090906581
397,hinge_plateau_smooth,-2.779595495626418,-0.31651787523897124,-8.471796216340683,27.032855972412783,3.159379226986783
398,hinge_plateau_smooth,-2.6962571058444453,-0.30746146485495657,-8.45850619509218,29.314373777852317,3.252440108134348
399,hinge_plateau_smooth,-3.0175210600543374,-0.3418845846022925,-8.54778150056272,19.28450935312696,2.9249637013124765
400,hinge_plateau_smooth,-2.824092677655667,-0.3203087381109875,-8.478439275460179,15.848700712030197,3.121987885492835
401,hinge_plateau_smooth,-2.7574087378222045,-0.31469213580226446,-8.387655338054689,22.362777985579147,3.1777088977792123
402,hinge_plateau_smooth,-2.5391248218486133,-0.2912365093684087,-8.324766303886427,33.09197071036837,3.4336354400368765
403,hinge_plateau_smooth,-2.7280234007051987,-0.31120815831789017,-8.426300503544587,25.132802764652453,3.213283370863719
404,hinge_plateau_smooth,-2.743669642223979,-0.31233671638779914,-8.488001419235053,28.05294452128718,3.2016728982909393
405,hinge_plateau_smooth,-3.1920846501683875,-0.3608851963115337,-8.62639091951508,28.597355561686072,2.7709643128080854
406,hinge_plateau_smooth,-2.885648062343935,-0.3277772748365869,-8.485736272762047,28.949024596284136,3.0508521388450407
407,hinge_plateau_smooth,-2.759963177050951,-0.3147075231984104,-8.490645334550548,29.095237686031403,3.1775535260068772
408,hinge_plateau_smooth,-2.5385921759198626,-0.2912141038598661,-8.401794511190104,25.013033992065477,3.433899617997917
409,hinge_plateau_smooth,-2.795123433751835,-0.3191500452384638,-8.428913149368144,16.370881821099367,3.133322444785543
410,hinge_plateau_smooth,-3.031226389442279,-0.3442410368227129,-8.51587192352879,22.38980478699667,2.9049412854139427
411,hinge_plateau_smooth,-3.0182889119905045,-0.34311688176085375,-8.505927764132004,34.15589965294463,2.9144587548944383
412,hinge_plateau_smooth,-2.686956994766409,-0.30687028481093154,-8.45669414350634,25.370697816574143,3.2587058750772124
413,hinge_plateau_smooth,-2.7799355888038444,-0.3169176830065719,-8.464170890075584,24.35838038415894,3.155393509485121
414,hinge_plateau_smooth,-2.7055409912860315,-0.30858503964084427,-8.410658489501722,20.001645771542933,3.2405977981430314
415,hinge_plateau_smooth,-2.7000966943800178,-0.3084255152568841,-8.414756508497256,28.351267193774362,3.2422739057989785
416,hinge_plateau_smooth,-3.135654370539807,-0.3532822946873348,-8.628789567347887,27.900684741293386,2.83059755622633
417,hinge_plateau_smooth,-2.6431948858383754,-0.30233573190158153,-8.425741849002048,26.152179881576096,3.3075812564739357
418,hinge_plateau_smooth,-2.5282798716222814,-0.28857166318167515,-8.434711798569285,31.306398268795032,3.465343717308907
419,hinge_plateau_smooth,-3.0434535705751267,-0.34454028054190733,-8.563431113419647,25.313643636007846,2.9024182555002227
420,hinge_plateau_smooth,-2.54935867280198,-0.2919873773922146,-8.32588899499565,24.897637164116745,3.4248055821150833
421,hinge_plateau_smooth,-3.0444814116381305,-0.3457238271807927,-8.530333369465913,21.3672108882362,2.892482153036737
422,hinge_plateau_smooth,-2.953867788781737,-0.3351729673976913,-8.47967472253724,30.96798506646678,2.9835341667440454
423,hinge_plateau_smooth,-2.771713649402864,-0.31589609572411587,-8.46315113294279,26.396681258828735,3.165597845417305
424,hinge_plateau_smooth,-3.0921579103789423,-0.3496759959141787,-8.546666801973107,16.240168355153315,2.8597902392059846
425,hinge_plateau_smooth,-2.5904524186434044,-0.29746426276022575,-8.33051327367975,26.51587979065925,3.3617483684285823
426,hinge_plateau_smooth,-2.9513028949028803,-0.3349484941163487,-8.503221350243654,30.386335559914812,2.9855336493993523
427,hinge_plateau_smooth,-2.647283812763049,-0.3034421982875417,-8.33642062990524,25.858780891238197,3.2955205493614317
428,hinge_plateau_smooth,-2.941672969675292,-0.3350418111589251,-8.464171089880951,16.97208843992452,2.9847021078979776
429,hinge_plateau_smooth,-2.5232716826524535,-0.2898147452665,-8.303991294517555,31.30482656929729,3.450480061255845
430,hinge_plateau_smooth,-3.106126995490793,-0.3509102482851261,-8.588964945016196,29.316239006658634,2.849731533595642
431,hinge_plateau_smooth,-2.4815478610308226,-0.284016073427094,-8.36961043706767,23.83922669904679,3.5209274881292827
432,hinge_plateau_smooth,-2.8982374704108236,-0.32855956753426235,-8.544287855017473,25.396867199272698,3.0435881307754626
433,hinge_plateau_smooth,-2.862998927167857,-0.32395299402521943,-8.546261951099186,23.671453932139638,3.0868675963592143
434,hinge_plateau_smooth,-2.766411845032584,-0.31495172074802874,-8.471616133036676,28.84413541652484,3.1750898125748974
435,hinge_plateau_smooth,-2.596359011757825,-0.29683345349721046,-8.405478278880988,40.567402223233884,3.3688925160499057
436,hinge_plateau_smooth,-2.726183338887357,-0.31160252988314185,-8.45725173455384,22.891145133493485,3.2092165630844622
437,hinge_plateau_smooth,-2.587425124836796,-0.297392229983927,-8.31889916694736,25.132903817143294,3.3625626333749423
438,hinge_plateau_smooth,-2.8232120552924873,-0.31954225718055695,-8.54505053654473,20.21030399872152,3.1294765481829567
439,hinge_plateau_smooth,-2.6527171151411677,-0.3026473079077326,-8.377105688125825,25.635620149637358,3.304176094984026
440,hinge_plateau_smooth,-2.627336156955223,-0.3002743365298276,-8.37399319032331,26.86528094846578,3.3302879345490304
441,hinge_plateau_smooth,-2.736722210961739,-0.31143882806527795,-8.491867529160036,31.84812006781887,3.210903425922213
442,hinge_plateau_smooth,-2.9248290451566894,-0.33389205787136034,-8.465191188220988,18.844187450624954,2.994979893727431
443,hinge_plateau_smooth,-2.9404652648225738,-0.33336058043177846,-8.543030372231014,23.3071299469877,2.9997547961572737
444,hinge_plateau_smooth,-2.9067446280396596,-0.330028564756654,-8.52061728251127,14.97101388819142,3.0300407503736784
445,hinge_plateau_smooth,-2.574612210030729,-0.29483124188762816,-8.334436710808276,25.603740810174095,3.3917708096251875
446,hinge_plateau_smooth,-3.036018867699245,-0.3446218720430688,-8.540281582578926,22.586884867432886,2.901731088835319
447,hinge_plateau_smooth,-2.8659033658375725,-0.3252016522497355,-8.509657545051015,27.613969071065327,3.0750151270205093
448,hinge_plateau_smooth,-3.21679405913273,-0.3623877676329283,-8.60897467764608,20.316627588223668,2.759475041146878
449,hinge_plateau_smooth,-2.570531148288534,-0.29473408644150195,-8.33048963448987,23.857860624829726,3.3928888649208795
450,hinge_plateau_smooth,-2.917709350102437,-0.3322986521727169,-8.463696320683441,27.330609127355267,3.0093411257059084
451,hinge_plateau_smooth,-2.8079218726126167,-0.3196642120698195,-8.512670791234237,22.69991913384104,3.1282826235849788
452,hinge_plateau_smooth,-2.8506779892386276,-0.3224803712718821,-8.594620560040863,26.444458688348877,3.1009639317144777
453,hinge_plateau_smooth,-3.0157346861817476,-0.3415542123829413,-8.509766570280563,23.49284609067253,2.9277929059145293
454,hinge_plateau_smooth,-2.686456526292235,-0.30755575864970885,-8.406416764768409,20.015777738455526,3.2514429396165254
455,hinge_plateau_smooth,-2.884169276227575,-0.3278370877651818,-8.498521105962412,24.739596709328005,3.050295519695029
456,hinge_plateau_smooth,-2.7010707186607066,-0.30928660678305386,-8.386881381794643,29.191565195085985,3.233247020946628
457,hinge_plateau_smooth,-2.9822915505820253,-0.33879370028049627,-8.54753177695241,24.89396178222931,2.9516487442714356
458,hinge_plateau_smooth,-3.1911033607602834,-0.36086820422960175,-8.57615891492306,27.20683993996112,2.771094788289388
459,hinge_plateau_smooth,-2.633354933126985,-0.3006439426471412,-8.381023536768184,23.920554383593842,3.326193739993879
460,hinge_plateau_smooth,-2.8974231551626315,-0.32841306979064144,-8.50088073171679,22.0958090814971,3.0449458075389186
461,hinge_plateau_smooth,-2.778050659899273,-0.31605975249524615,-8.47034714569534,24.567348037212483,3.16395868852375
462,hinge_plateau_smooth,-2.6863995388362207,-0.3064893299407697,-8.416837222528484,23.13575062967148,3.2627563256223437
463,hinge_plateau_smooth,-2.8333888084265055,-0.3225316280043378,-8.46797178339494,19.778483368625295,3.1004711264674816
464,hinge_plateau_smooth,-3.0759347929264016,-0.3482997338874244,-8.562338259668618,16.02312034152029,2.871090336012759
465,hinge_plateau_smooth,-2.9617568823801648,-0.33620055943573773,-8.562448396926571,19.308298989106643,2.974415038685094
466,hinge_plateau_smooth,-2.7320445188615596,-0.31099963185687396,-8.44858142680434,36.72223985581883,3.2154378898435896
467,hinge_plateau_smooth,-2.6790955611903176,-0.3052838312066663,-8.403643691407062,15.88524430098753,3.275640233049341
468,hinge_plateau_smooth,-2.963967596948532,-0.3368161818857574,-8.504856284540866,23.115668298852476,2.9689784926639415
469,hinge_plateau_smooth,-2.5594246587948435,-0.2934064307572247,-8.369155337541027,20.966582577384813,3.408241589726562
470,hinge_plateau_smooth,-2.8016394149441886,-0.31964519736248237,-8.48803860021621,34.96114585935768,3.12846871547388
471,hinge_plateau_smooth,-2.5683634990813813,-0.29333641463910254,-8.410655015802107,28.335393920939143,3.4090550988370105
472,hinge_plateau_smooth,-2.7619730481754754,-0.31501283226777765,-8.457272180383063,24.812608233723722,3.174473854925208
473,hinge_plateau_smooth,-3.082157136423666,-0.34862671260039424,-8.57871565361684,21.689831796190226,2.868397526228084
474,hinge_plateau_smooth,-2.8284731732367856,-0.3221418999681785,-8.461033319095582,37.88815020095156,3.1042220838046246
475,hinge_plateau_smooth,-2.7116681814962704,-0.31037511341482094,-8.37377969776016,17.55405755826868,3.221907803746769
476,hinge_plateau_smooth,-2.59218481663934,-0.29600889963418614,-8.415944015334226,25.858201127309606,3.3782768059873214
477,hinge_plateau_smooth,-2.559348307314073,-0.292510534353501,-8.350532950250352,26.506870769565833,3.418680295429952
478,hinge_plateau_smooth,-2.8655415977123315,-0.3259201562714225,-8.491719687323183,23.00627423484083,3.068236133168799
479,hinge_plateau_smooth,-3.0210406641275727,-0.34322956138666644,-8.527611565627948,25.41778372595383,2.913501960495316
480,hinge_plateau_smooth,-2.690802664358176,-0.30670412692374305,-8.451970430784069,23.58029036027698,3.260471288828251
481,hinge_plateau_smooth,-2.8830687075697368,-0.3283780238940195,-8.456516083539636,25.35292477210882,3.0452707770808054
482,hinge_plateau_smooth,-2.8182218525325595,-0.32113642388701324,-8.432363064882601,38.4781085104572,3.1139413832167295
483,hinge_plateau_smooth,-2.939703182125395,-0.33400854872962793,-8.48895340977454,33.445292806217665,2.9939353462760514
484,hinge_plateau_smooth,-2.6546140082923384,-0.3030982550126719,-8.412631090048578,23.328688697509104,3.299260168812889
485,hinge_plateau_smooth,-2.9216902630099764,-0.3316130258490108,-8.511062902858274,22.392796833318272,3.0155630872453045
486,hinge_plateau_smooth,-2.817079724924938,-0.3205089793413054,-8.458716041371792,32.48605358540688,3.120037391948119
487,hinge_plateau_smooth,-2.8039452295244724,-0.3202662334966614,-8.455823763916069,32.90161532045258,3.1224022248053336
488,hinge_plateau_smooth,-2.643699436131173,-0.30172392939372045,-8.437046353320252,27.31197866438322,3.3142880049632955
489,hinge_plateau_smooth,-3.0331278576745504,-0.3428363733557001,-8.590311504169188,17.035747249931365,2.9168433623654
490,hinge_plateau_smooth,-2.778181828346632,-0.31692999856914866,-8.419147815063067,22.296723940553285,3.1552708942502243
491,hinge_plateau_smooth,-2.7455447761554383,-0.31300428121910095,-8.406485577983982,28.30054024174317,3.1948444797788773
492,hinge_plateau_smooth,-2.8002982998906343,-0.31883844168209824,-8.467168974188471,34.80956551780544,3.13638466780948
493,hinge_plateau_smooth,-2.7023712414561887,-0.30756626344851307,-8.426616889360206,20.598444071464968,3.2513318879247013
494,hinge_plateau_smooth,-2.5631673474584176,-0.29331135114380563,-8.373562104029865,27.543852731594768,3.409346403064083
495,hinge_plateau_smooth,-2.695517766382302,-0.3075888438952485,-8.417621376658774,34.93063719022351,3.251093203954292
496,hinge_plateau_smooth,-2.7851902175213037,-0.31747594084579767,-8.472273630045285,19.024421833118467,3.149844984586449
497,hinge_plateau_smooth,-2.895112247021151,-0.330291735299262,-8.425689356876001,17.849370041556114,3.027626468140193
498,hinge_plateau_smooth,-2.9759403466684295,-0.3374813053120423,-8.531179337802927,22.948431690825167,2.9631270955153473
499,hinge_plateau_smooth,-2.9502108457972542,-0.334789850909816,-8.51321792449803,20.71966079975246,2.9869483715901977
