subject,source_file,aaSeqCDR3,aaSeqCDR3_norm,time,frequency,observable_norm,p_emp_low,freq_geo_x,observable
1,per_clone_denoised_subject.csv,CAISESNSYGYTF,CAISESNSYGYTF,1,1.4129033668542145e-05,False,0.0393723141237121,1.4129033668542145e-05,False
1,per_clone_denoised_subject.csv,CAISESNSYGYTF,CAISESNSYGYTF,2,2.198360252315456e-05,False,0.0224354024817301,2.198360252315456e-05,False
1,per_clone_denoised_subject.csv,CAISESNSYGYTF,CAISESNSYGYTF,3,1.4621112154896062e-05,False,0.2801828150713244,1.4621112154896062e-05,False
1,per_clone_denoised_subject.csv,CAISESNSYGYTF,CAISESNSYGYTF,4,1.3039961697050172e-05,False,0.0337693129616197,1.3039961697050172e-05,False
1,per_clone_denoised_subject.csv,CAISESNSYGYTF,CAISESNSYGYTF,5,1.2600885842274711e-05,False,0.174727220259404,1.2600885842274711e-05,False
1,per_clone_denoised_subject.csv,CASGPWDRVNFFSPLHF,CASGPWDRVNFFSPLHF,1,8.298928206723151e-05,True,0.0036999773820944,8.298928206723151e-05,True
1,per_clone_denoised_subject.csv,CASGPWDRVNFFSPLHF,CASGPWDRVNFFSPLHF,2,0.0001177029808048,True,0.0029340883034231,0.0001177029808048,True
1,per_clone_denoised_subject.csv,CASGPWDRVNFFSPLHF,CASGPWDRVNFFSPLHF,3,8.129968851473505e-05,True,0.0047762777166834,8.129968851473505e-05,True
1,per_clone_denoised_subject.csv,CASGPWDRVNFFSPLHF,CASGPWDRVNFFSPLHF,4,6.388250484641985e-05,True,0.0047419608944211,6.388250484641985e-05,True
1,per_clone_denoised_subject.csv,CASGPWDRVNFFSPLHF,CASGPWDRVNFFSPLHF,5,3.8159137110017064e-05,True,0.0076448520866967,3.8159137110017064e-05,True
1,per_clone_denoised_subject.csv,CASGTADFWQYF,CASGTADFWQYF,1,4.3548606497390664e-05,True,0.0077977179313195,4.3548606497390664e-05,True
1,per_clone_denoised_subject.csv,CASGTADFWQYF,CASGTADFWQYF,2,5.098005377592811e-05,True,0.0073375605418938,5.098005377592811e-05,True
1,per_clone_denoised_subject.csv,CASGTADFWQYF,CASGTADFWQYF,3,5.69604097826863e-05,True,0.0070692653860252,5.69604097826863e-05,True
1,per_clone_denoised_subject.csv,CASGTADFWQYF,CASGTADFWQYF,4,3.614167927579064e-05,True,0.0095977912445307,3.614167927579064e-05,True
1,per_clone_denoised_subject.csv,CASGTADFWQYF,CASGTADFWQYF,5,8.741373867634832e-05,True,0.0034301223706684,8.741373867634832e-05,True
1,per_clone_denoised_subject.csv,CASMEDGRSTDTQYF,CASMEDGRSTDTQYF,1,1.8240504032089206e-05,False,0.0268139170312829,1.8240504032089206e-05,False
1,per_clone_denoised_subject.csv,CASMEDGRSTDTQYF,CASMEDGRSTDTQYF,2,2.293985382831776e-05,False,0.0229938307712705,2.293985382831776e-05,False
1,per_clone_denoised_subject.csv,CASMEDGRSTDTQYF,CASMEDGRSTDTQYF,3,3.47365495364538e-05,True,0.0146595225282138,3.47365495364538e-05,True
1,per_clone_denoised_subject.csv,CASMEDGRSTDTQYF,CASMEDGRSTDTQYF,4,1.668077505036491e-05,False,0.02794481231038,1.668077505036491e-05,False
1,per_clone_denoised_subject.csv,CASMEDGRSTDTQYF,CASMEDGRSTDTQYF,5,7.899691888153653e-06,False,0.0617312836831309,7.899691888153653e-06,False
1,per_clone_denoised_subject.csv,CASNRDTGYGYTF,CASNRDTGYGYTF,1,3.334126114431654e-05,False,0.0661909107216671,3.334126114431654e-05,False
1,per_clone_denoised_subject.csv,CASNRDTGYGYTF,CASNRDTGYGYTF,2,1.3903651029798576e-05,False,0.0457271656644594,1.3903651029798576e-05,False
1,per_clone_denoised_subject.csv,CASNRDTGYGYTF,CASNRDTGYGYTF,3,3.8051983502022734e-05,True,0.0127440199037569,3.8051983502022734e-05,True
1,per_clone_denoised_subject.csv,CASNRDTGYGYTF,CASNRDTGYGYTF,4,8.791540382677171e-06,False,0.0605863497040174,8.791540382677171e-06,False
1,per_clone_denoised_subject.csv,CASNRDTGYGYTF,CASNRDTGYGYTF,5,3.159876755261461e-05,True,0.0107302463791852,3.159876755261461e-05,True
1,per_clone_denoised_subject.csv,CASRPFSGKETQYF,CASRPFSGKETQYF,1,2.6433001596939218e-05,True,0.0156235132626718,2.6433001596939218e-05,True
1,per_clone_denoised_subject.csv,CASRPFSGKETQYF,CASRPFSGKETQYF,2,3.0035319028425327e-05,True,0.0151664755843608,3.0035319028425327e-05,True
1,per_clone_denoised_subject.csv,CASRPFSGKETQYF,CASRPFSGKETQYF,3,2.9746603851738092e-05,True,0.0178853038208661,2.9746603851738092e-05,True
1,per_clone_denoised_subject.csv,CASRPFSGKETQYF,CASRPFSGKETQYF,4,3.0454789239180785e-05,True,0.0110125802350702,3.0454789239180785e-05,True
1,per_clone_denoised_subject.csv,CASRPFSGKETQYF,CASRPFSGKETQYF,5,1.7664248063215235e-05,False,0.0223012549037959,1.7664248063215235e-05,False
1,per_clone_denoised_subject.csv,CASRRGQGPSYEQYF,CASRRGQGPSYEQYF,1,2.1193550502813214e-05,False,0.0218894530366488,2.1193550502813214e-05,False
1,per_clone_denoised_subject.csv,CASRRGQGPSYEQYF,CASRRGQGPSYEQYF,2,4.680666407890457e-05,True,0.0078803902758604,4.680666407890457e-05,True
1,per_clone_denoised_subject.csv,CASRRGQGPSYEQYF,CASRRGQGPSYEQYF,3,3.10693144269198e-05,True,0.0173424740868995,3.10693144269198e-05,True
1,per_clone_denoised_subject.csv,CASRRGQGPSYEQYF,CASRRGQGPSYEQYF,4,2.0047796586190365e-05,False,0.0203373967570602,2.0047796586190365e-05,False
1,per_clone_denoised_subject.csv,CASRRGQGPSYEQYF,CASRRGQGPSYEQYF,5,5.0924256762134783e-05,True,0.0059243314069117,5.0924256762134783e-05,True
1,per_clone_denoised_subject.csv,CASRVGEIPTDTQYF,CASRVGEIPTDTQYF,1,8.891002971817743e-06,False,0.3703471458542939,8.891002971817743e-06,False
1,per_clone_denoised_subject.csv,CASRVGEIPTDTQYF,CASRVGEIPTDTQYF,2,1.624132442586918e-05,False,0.1559309607930305,1.624132442586918e-05,False
1,per_clone_denoised_subject.csv,CASRVGEIPTDTQYF,CASRVGEIPTDTQYF,3,1.0965834116172048e-05,False,0.487885381813644,1.0965834116172048e-05,False
1,per_clone_denoised_subject.csv,CASRVGEIPTDTQYF,CASRVGEIPTDTQYF,4,9.302210205144742e-06,False,0.4424873456717907,9.302210205144742e-06,False
1,per_clone_denoised_subject.csv,CASRVGEIPTDTQYF,CASRVGEIPTDTQYF,5,2.3111386980365225e-05,False,0.0997917592830903,2.3111386980365225e-05,False
1,per_clone_denoised_subject.csv,CASSAAGNEQFF,CASSAAGNEQFF,1,1.3336504457726614e-05,False,0.1657471318155938,1.3336504457726614e-05,False
1,per_clone_denoised_subject.csv,CASSAAGNEQFF,CASSAAGNEQFF,2,1.9837412566604113e-05,False,0.1439731080901908,1.9837412566604113e-05,False
1,per_clone_denoised_subject.csv,CASSAAGNEQFF,CASSAAGNEQFF,3,7.335680751173709e-06,False,0.803868441782291,7.335680751173709e-06,False
1,per_clone_denoised_subject.csv,CASSAAGNEQFF,CASSAAGNEQFF,4,4.985343091311544e-06,False,0.9032967547205129,4.985343091311544e-06,False
1,per_clone_denoised_subject.csv,CASSAAGNEQFF,CASSAAGNEQFF,5,1.8988496108736623e-05,False,0.0212124757247478,1.8988496108736623e-05,False
1,per_clone_denoised_subject.csv,CASSAGADTQYF,CASSAGADTQYF,1,3.0248453930702335e-05,True,0.0124148903811507,3.0248453930702335e-05,True
1,per_clone_denoised_subject.csv,CASSAGADTQYF,CASSAGADTQYF,2,1.4655735015436373e-05,False,0.0420069101601191,1.4655735015436373e-05,False
1,per_clone_denoised_subject.csv,CASSAGADTQYF,CASSAGADTQYF,3,1.15788498454846e-05,False,0.0597908233697559,1.15788498454846e-05,False
1,per_clone_denoised_subject.csv,CASSAGADTQYF,CASSAGADTQYF,4,1.644746600698272e-05,False,0.0289883556782641,1.644746600698272e-05,False
1,per_clone_denoised_subject.csv,CASSAGADTQYF,CASSAGADTQYF,5,1.1776165375476822e-05,False,0.0401678404579735,1.1776165375476822e-05,False
1,per_clone_denoised_subject.csv,CASSARARDRAGYGYTF,CASSARARDRAGYGYTF,1,1.0791227713778996e-05,False,0.0512350156375519,1.0791227713778996e-05,False
1,per_clone_denoised_subject.csv,CASSARARDRAGYGYTF,CASSARARDRAGYGYTF,2,1.3903651029798576e-05,False,0.0346787087515696,1.3903651029798576e-05,False
1,per_clone_denoised_subject.csv,CASSARARDRAGYGYTF,CASSARARDRAGYGYTF,3,7.335680751173709e-06,False,0.803868441782291,7.335680751173709e-06,False
1,per_clone_denoised_subject.csv,CASSARARDRAGYGYTF,CASSARARDRAGYGYTF,4,2.7419387002213492e-05,False,0.0799394776043738,2.7419387002213492e-05,False
1,per_clone_denoised_subject.csv,CASSARARDRAGYGYTF,CASSARARDRAGYGYTF,5,1.29001428341199e-05,False,0.0353588057745852,1.29001428341199e-05,False
1,per_clone_denoised_subject.csv,CASSDRVTYEQYF,CASSDRVTYEQYF,1,8.891002971817743e-06,False,0.3703471458542939,8.891002971817743e-06,False
1,per_clone_denoised_subject.csv,CASSDRVTYEQYF,CASSDRVTYEQYF,2,8.027276664772824e-06,False,0.0748761864651333,8.027276664772824e-06,False
1,per_clone_denoised_subject.csv,CASSDRVTYEQYF,CASSDRVTYEQYF,3,1.1003521126760564e-05,False,0.464947705842439,1.1003521126760564e-05,False
1,per_clone_denoised_subject.csv,CASSDRVTYEQYF,CASSDRVTYEQYF,4,7.478014636967316e-06,False,0.5204723242627732,7.478014636967316e-06,False
1,per_clone_denoised_subject.csv,CASSDRVTYEQYF,CASSDRVTYEQYF,5,1.8901328763412067e-05,False,0.1046959451554786,1.8901328763412067e-05,False
1,per_clone_denoised_subject.csv,CASSEARVFPHEQFF,CASSEARVFPHEQFF,1,3.4608923046532164e-05,True,0.0105695812567756,3.4608923046532164e-05,True
1,per_clone_denoised_subject.csv,CASSEARVFPHEQFF,CASSEARVFPHEQFF,2,4.247635552020179e-05,True,0.0082906322874501,4.247635552020179e-05,True
1,per_clone_denoised_subject.csv,CASSEARVFPHEQFF,CASSEARVFPHEQFF,3,4.378581530065628e-05,True,0.0105196658789396,4.378581530065628e-05,True
1,per_clone_denoised_subject.csv,CASSEARVFPHEQFF,CASSEARVFPHEQFF,4,3.265912300940366e-05,True,0.0098364491448091,3.265912300940366e-05,True
1,per_clone_denoised_subject.csv,CASSEARVFPHEQFF,CASSEARVFPHEQFF,5,3.5718878100317325e-05,True,0.0089847680104822,3.5718878100317325e-05,True
1,per_clone_denoised_subject.csv,CASSEAWPSSPNQPQHF,CASSEAWPSSPNQPQHF,1,6.885639272908102e-05,True,0.0046296512942901,6.885639272908102e-05,True
1,per_clone_denoised_subject.csv,CASSEAWPSSPNQPQHF,CASSEAWPSSPNQPQHF,2,6.667956789784736e-05,True,0.005256713228355,6.667956789784736e-05,True
1,per_clone_denoised_subject.csv,CASSEAWPSSPNQPQHF,CASSEAWPSSPNQPQHF,3,0.0001092960015262,True,0.0035205939929962,0.0001092960015262,True
1,per_clone_denoised_subject.csv,CASSEAWPSSPNQPQHF,CASSEAWPSSPNQPQHF,4,5.405188887494315e-05,True,0.0058416590623708,5.405188887494315e-05,True
1,per_clone_denoised_subject.csv,CASSEAWPSSPNQPQHF,CASSEAWPSSPNQPQHF,5,4.079383349731857e-05,True,0.0077431229868114,4.079383349731857e-05,True
1,per_clone_denoised_subject.csv,CASSFAGSSYNEQFF,CASSFAGSSYNEQFF,1,1.1226494527083916e-05,False,0.3515321681212319,1.1226494527083916e-05,False
1,per_clone_denoised_subject.csv,CASSFAGSSYNEQFF,CASSFAGSSYNEQFF,2,9.269100686532385e-06,False,0.0641038239858989,9.269100686532385e-06,False
1,per_clone_denoised_subject.csv,CASSFAGSSYNEQFF,CASSFAGSSYNEQFF,3,1.4621112154896062e-05,False,0.2801828150713244,1.4621112154896062e-05,False
1,per_clone_denoised_subject.csv,CASSFAGSSYNEQFF,CASSFAGSSYNEQFF,4,1.1120516700243274e-05,False,0.040543765647301,1.1120516700243274e-05,False
1,per_clone_denoised_subject.csv,CASSFAGSSYNEQFF,CASSFAGSSYNEQFF,5,9.90488013444224e-06,False,0.3956807599616275,9.90488013444224e-06,False
1,per_clone_denoised_subject.csv,CASSFFAGGKNEQFF,CASSFFAGGKNEQFF,1,0.0001412020026119,True,0.0020418509246043,0.0001412020026119,True
1,per_clone_denoised_subject.csv,CASSFFAGGKNEQFF,CASSFFAGGKNEQFF,2,0.0001470694063442,True,0.0022446321470631,0.0001470694063442,True
1,per_clone_denoised_subject.csv,CASSFFAGGKNEQFF,CASSFFAGGKNEQFF,3,0.0001734510160945,True,0.0020886465913256,0.0001734510160945,True
1,per_clone_denoised_subject.csv,CASSFFAGGKNEQFF,CASSFFAGGKNEQFF,4,0.0001195132230721,True,0.002364741024981,0.0001195132230721,True
1,per_clone_denoised_subject.csv,CASSFFAGGKNEQFF,CASSFFAGGKNEQFF,5,0.0001057234719379,True,0.0028545356699969,0.0001057234719379,True
1,per_clone_denoised_subject.csv,CASSFSGSNQPQHF,CASSFSGSNQPQHF,1,1.1169981882449424e-05,False,0.0470514830326711,1.1169981882449424e-05,False
1,per_clone_denoised_subject.csv,CASSFSGSNQPQHF,CASSFSGSNQPQHF,2,1.082754961724612e-05,False,0.3107840613959147,1.082754961724612e-05,False
1,per_clone_denoised_subject.csv,CASSFSGSNQPQHF,CASSFSGSNQPQHF,3,3.655278038724016e-05,False,0.0810360560612087,3.655278038724016e-05,False
1,per_clone_denoised_subject.csv,CASSFSGSNQPQHF,CASSFSGSNQPQHF,4,1.644746600698272e-05,False,0.0299149098793451,1.644746600698272e-05,False
1,per_clone_denoised_subject.csv,CASSFSGSNQPQHF,CASSFSGSNQPQHF,5,2.3101624044170307e-05,False,0.0868075216234976,2.3101624044170307e-05,False
1,per_clone_denoised_subject.csv,CASSFSSYNEQFF,CASSFSSYNEQFF,1,2.233996376489885e-05,True,0.0182019544990133,2.233996376489885e-05,True
1,per_clone_denoised_subject.csv,CASSFSSYNEQFF,CASSFSSYNEQFF,2,2.198360252315456e-05,False,0.0212280742803216,2.198360252315456e-05,False
1,per_clone_denoised_subject.csv,CASSFSSYNEQFF,CASSFSSYNEQFF,3,1.15788498454846e-05,False,0.0597908233697559,1.15788498454846e-05,False
1,per_clone_denoised_subject.csv,CASSFSSYNEQFF,CASSFSSYNEQFF,4,1.4175932913943724e-05,False,0.0286046312111498,1.4175932913943724e-05,False
1,per_clone_denoised_subject.csv,CASSFSSYNEQFF,CASSFSSYNEQFF,5,1.8901328763412067e-05,False,0.1046959451554786,1.8901328763412067e-05,False
1,per_clone_denoised_subject.csv,CASSFSTCSANYGYTF,CASSFSTCSANYGYTF,1,2.0004756686589923e-05,False,0.0985984697816982,2.0004756686589923e-05,False
1,per_clone_denoised_subject.csv,CASSFSTCSANYGYTF,CASSFSTCSANYGYTF,2,8.12066221293459e-06,False,0.5768267858396312,8.12066221293459e-06,False
1,per_clone_denoised_subject.csv,CASSFSTCSANYGYTF,CASSFSTCSANYGYTF,3,3.643200050873352e-05,True,0.0136721339603952,3.643200050873352e-05,True
1,per_clone_denoised_subject.csv,CASSFSTCSANYGYTF,CASSFSTCSANYGYTF,4,0.0007117890839132,True,0.0004710763783273,0.0007117890839132,True
1,per_clone_denoised_subject.csv,CASSFSTCSANYGYTF,CASSFSTCSANYGYTF,5,0.0075913093386628,True,3.2756966704883124e-05,0.0075913093386628,True
1,per_clone_denoised_subject.csv,CASSGDLPLNEQFF,CASSGDLPLNEQFF,1,1.5796739869621734e-05,False,0.0318662891816217,1.5796739869621734e-05,False
1,per_clone_denoised_subject.csv,CASSGDLPLNEQFF,CASSGDLPLNEQFF,2,3.173986010656658e-05,False,0.083767363142173,3.173986010656658e-05,False
1,per_clone_denoised_subject.csv,CASSGDLPLNEQFF,CASSGDLPLNEQFF,3,1.4181136964870555e-05,False,0.0504285703143888,1.4181136964870555e-05,False
1,per_clone_denoised_subject.csv,CASSGDLPLNEQFF,CASSGDLPLNEQFF,4,1.246335772827886e-05,False,0.1991498787212304,1.246335772827886e-05,False
1,per_clone_denoised_subject.csv,CASSGDLPLNEQFF,CASSGDLPLNEQFF,5,1.3682667714421843e-05,False,0.0336913201837509,1.3682667714421843e-05,False
1,per_clone_denoised_subject.csv,CASSIAGGTYEQYF,CASSIAGGTYEQYF,1,0.000936010713494,True,0.0003478477892947,0.000936010713494,True
1,per_clone_denoised_subject.csv,CASSIAGGTYEQYF,CASSIAGGTYEQYF,2,0.0009459763249896,True,0.0003806047559995,0.0009459763249896,True
1,per_clone_denoised_subject.csv,CASSIAGGTYEQYF,CASSIAGGTYEQYF,3,0.001183027583671,True,0.0003322492337209,0.001183027583671,True
1,per_clone_denoised_subject.csv,CASSIAGGTYEQYF,CASSIAGGTYEQYF,4,0.0009511130309495,True,0.0003338090892783,0.0009511130309495,True
1,per_clone_denoised_subject.csv,CASSIAGGTYEQYF,CASSIAGGTYEQYF,5,0.0008988732451663,True,0.0003946434560159,0.0008988732451663,True
1,per_clone_denoised_subject.csv,CASSLASTDTQYF,CASSLASTDTQYF,1,2.6433001596939218e-05,True,0.0130871881263794,2.6433001596939218e-05,True
1,per_clone_denoised_subject.csv,CASSLASTDTQYF,CASSLASTDTQYF,2,3.0035319028425327e-05,True,0.0154191721846557,3.0035319028425327e-05,True
1,per_clone_denoised_subject.csv,CASSLASTDTQYF,CASSLASTDTQYF,3,1.6374966488165937e-05,False,0.0346194342403893,1.6374966488165937e-05,False
1,per_clone_denoised_subject.csv,CASSLASTDTQYF,CASSLASTDTQYF,4,2.04296936937712e-05,False,0.0211126449690758,2.04296936937712e-05,False
1,per_clone_denoised_subject.csv,CASSLASTDTQYF,CASSLASTDTQYF,5,1.3166153146922756e-05,False,0.035561586997044,1.3166153146922756e-05,False
1,per_clone_denoised_subject.csv,CASSLDPILLNSEQYF,CASSLDPILLNSEQYF,1,2.222750742954436e-05,False,0.0873222739574315,2.222750742954436e-05,False
1,per_clone_denoised_subject.csv,CASSLDPILLNSEQYF,CASSLDPILLNSEQYF,2,1.1352283528242794e-05,False,0.0588985859909372,1.1352283528242794e-05,False
1,per_clone_denoised_subject.csv,CASSLDPILLNSEQYF,CASSLDPILLNSEQYF,3,1.4621112154896062e-05,False,0.2801828150713244,1.4621112154896062e-05,False
1,per_clone_denoised_subject.csv,CASSLDPILLNSEQYF,CASSLDPILLNSEQYF,4,1.644746600698272e-05,False,0.0299149098793451,1.644746600698272e-05,False
1,per_clone_denoised_subject.csv,CASSLDPILLNSEQYF,CASSLDPILLNSEQYF,5,9.12177847628123e-06,False,0.0531692365286974,9.12177847628123e-06,False
1,per_clone_denoised_subject.csv,CASSLDPNTEAFF,CASSLDPNTEAFF,1,1.869095467631056e-05,False,0.0256955005966447,1.869095467631056e-05,False
1,per_clone_denoised_subject.csv,CASSLDPNTEAFF,CASSLDPNTEAFF,2,4.749000918980982e-05,True,0.0080004991537783,4.749000918980982e-05,True
1,per_clone_denoised_subject.csv,CASSLDPNTEAFF,CASSLDPNTEAFF,3,3.10693144269198e-05,True,0.0173783507647191,3.10693144269198e-05,True
1,per_clone_denoised_subject.csv,CASSLDPNTEAFF,CASSLDPNTEAFF,4,3.0454789239180785e-05,True,0.0103278036453824,3.0454789239180785e-05,True
1,per_clone_denoised_subject.csv,CASSLDPNTEAFF,CASSLDPNTEAFF,5,1.019845837432964e-05,False,0.0486378561345219,1.019845837432964e-05,False
1,per_clone_denoised_subject.csv,CASSLEGVGEPQHF,CASSLEGVGEPQHF,1,2.6195153896529142e-05,False,0.0892642941263639,2.6195153896529142e-05,False
1,per_clone_denoised_subject.csv,CASSLEGVGEPQHF,CASSLEGVGEPQHF,2,1.353443702155765e-05,False,0.214419304772378,1.353443702155765e-05,False
1,per_clone_denoised_subject.csv,CASSLEGVGEPQHF,CASSLEGVGEPQHF,3,1.827639019362008e-05,False,0.1829039830911657,1.827639019362008e-05,False
1,per_clone_denoised_subject.csv,CASSLEGVGEPQHF,CASSLEGVGEPQHF,4,1.668077505036491e-05,False,0.0255036383630875,1.668077505036491e-05,False
1,per_clone_denoised_subject.csv,CASSLEGVGEPQHF,CASSLEGVGEPQHF,5,1.9705293671032203e-05,True,0.019721253811897,1.9705293671032203e-05,True
1,per_clone_denoised_subject.csv,CASSLFLDRETQYF,CASSLFLDRETQYF,1,8.891002971817743e-06,False,0.3703471458542939,8.891002971817743e-06,False
1,per_clone_denoised_subject.csv,CASSLFLDRETQYF,CASSLFLDRETQYF,2,5.41377480862306e-06,False,0.949147148974005,5.41377480862306e-06,False
1,per_clone_denoised_subject.csv,CASSLFLDRETQYF,CASSLFLDRETQYF,3,2.2007042253521128e-05,False,0.1262968249140129,2.2007042253521128e-05,False
1,per_clone_denoised_subject.csv,CASSLFLDRETQYF,CASSLFLDRETQYF,4,6.201473470096495e-06,False,0.7646567927809885,6.201473470096495e-06,False
1,per_clone_denoised_subject.csv,CASSLFLDRETQYF,CASSLFLDRETQYF,5,9.90488013444224e-06,False,0.3956807599616275,9.90488013444224e-06,False
1,per_clone_denoised_subject.csv,CASSLGGARTDTQYF,CASSLGGARTDTQYF,1,5.159193637340335e-05,True,0.0061302323404852,5.159193637340335e-05,True
1,per_clone_denoised_subject.csv,CASSLGGARTDTQYF,CASSLGGARTDTQYF,2,3.5899072593259654e-05,True,0.0115944063579712,3.5899072593259654e-05,True
1,per_clone_denoised_subject.csv,CASSLGGARTDTQYF,CASSLGGARTDTQYF,3,7.503952343438561e-05,True,0.0051958788616174,7.503952343438561e-05,True
1,per_clone_denoised_subject.csv,CASSLGGARTDTQYF,CASSLGGARTDTQYF,4,3.0454789239180785e-05,True,0.0113557484576928,3.0454789239180785e-05,True
1,per_clone_denoised_subject.csv,CASSLGGARTDTQYF,CASSLGGARTDTQYF,5,3.993491975616905e-05,True,0.0071394588861071,3.993491975616905e-05,True
1,per_clone_denoised_subject.csv,CASSLGGQGLHNEQFF,CASSLGGQGLHNEQFF,1,1.289798409335084e-05,False,0.0433889421839537,1.289798409335084e-05,False
1,per_clone_denoised_subject.csv,CASSLGGQGLHNEQFF,CASSLGGQGLHNEQFF,2,1.4655735015436373e-05,False,0.0420069101601191,1.4655735015436373e-05,False
1,per_clone_denoised_subject.csv,CASSLGGQGLHNEQFF,CASSLGGQGLHNEQFF,3,2.166204452735188e-05,False,0.0294937488788538,2.166204452735188e-05,False
1,per_clone_denoised_subject.csv,CASSLGGQGLHNEQFF,CASSLGGQGLHNEQFF,4,1.246335772827886e-05,False,0.1991498787212304,1.246335772827886e-05,False
1,per_clone_denoised_subject.csv,CASSLGGQGLHNEQFF,CASSLGGQGLHNEQFF,5,1.29001428341199e-05,False,0.0323592035377524,1.29001428341199e-05,False
1,per_clone_denoised_subject.csv,CASSLGLLGTGKGYNEQFF,CASSLGLLGTGKGYNEQFF,1,1.1226494527083916e-05,False,0.3515321681212319,1.1226494527083916e-05,False
1,per_clone_denoised_subject.csv,CASSLGLLGTGKGYNEQFF,CASSLGLLGTGKGYNEQFF,2,8.12066221293459e-06,False,0.5768267858396312,8.12066221293459e-06,False
1,per_clone_denoised_subject.csv,CASSLGLLGTGKGYNEQFF,CASSLGLLGTGKGYNEQFF,3,1.4621112154896062e-05,False,0.2801828150713244,1.4621112154896062e-05,False
1,per_clone_denoised_subject.csv,CASSLGLLGTGKGYNEQFF,CASSLGLLGTGKGYNEQFF,4,1.4956029273934632e-05,False,0.1475170999165477,1.4956029273934632e-05,False
1,per_clone_denoised_subject.csv,CASSLGLLGTGKGYNEQFF,CASSLGLLGTGKGYNEQFF,5,9.90488013444224e-06,False,0.3956807599616275,9.90488013444224e-06,False
1,per_clone_denoised_subject.csv,CASSLGQETQYF,CASSLGQETQYF,1,7.017262010714011e-05,True,0.0044939438607984,7.017262010714011e-05,True
1,per_clone_denoised_subject.csv,CASSLGQETQYF,CASSLGQETQYF,2,5.56146041191943e-05,True,0.0065966291521405,5.56146041191943e-05,True
1,per_clone_denoised_subject.csv,CASSLGQETQYF,CASSLGQETQYF,3,7.895722901741779e-05,True,0.0048605099167817,7.895722901741779e-05,True
1,per_clone_denoised_subject.csv,CASSLGQETQYF,CASSLGQETQYF,4,4.413318245907648e-05,True,0.0072034129639595,4.413318245907648e-05,True
1,per_clone_denoised_subject.csv,CASSLGQETQYF,CASSLGQETQYF,5,5.65991469808369e-05,True,0.0053425052840107,5.65991469808369e-05,True
1,per_clone_denoised_subject.csv,CASSLGTAQETQYF,CASSLGTAQETQYF,1,1.6314802783844185e-05,False,0.0275642075543804,1.6314802783844185e-05,False
1,per_clone_denoised_subject.csv,CASSLGTAQETQYF,CASSLGTAQETQYF,2,1.353443702155765e-05,False,0.214419304772378,1.353443702155765e-05,False
1,per_clone_denoised_subject.csv,CASSLGTAQETQYF,CASSLGTAQETQYF,3,1.4621112154896062e-05,False,0.2801828150713244,1.4621112154896062e-05,False
1,per_clone_denoised_subject.csv,CASSLGTAQETQYF,CASSLGTAQETQYF,4,1.4956029273934632e-05,False,0.1475170999165477,1.4956029273934632e-05,False
1,per_clone_denoised_subject.csv,CASSLGTAQETQYF,CASSLGTAQETQYF,5,1.8901328763412067e-05,False,0.1046959451554786,1.8901328763412067e-05,False
1,per_clone_denoised_subject.csv,CASSLIGEPQHF,CASSLIGEPQHF,1,1.730446152326608e-05,False,0.0285609552555433,1.730446152326608e-05,False
1,per_clone_denoised_subject.csv,CASSLIGEPQHF,CASSLIGEPQHF,2,3.248264885173836e-05,False,0.0733054119188563,3.248264885173836e-05,False
1,per_clone_denoised_subject.csv,CASSLIGEPQHF,CASSLIGEPQHF,3,2.31576996909692e-05,False,0.0264941466420209,2.31576996909692e-05,False
1,per_clone_denoised_subject.csv,CASSLIGEPQHF,CASSLIGEPQHF,4,1.3619795795847464e-05,False,0.0362791205534367,1.3619795795847464e-05,False
1,per_clone_denoised_subject.csv,CASSLIGEPQHF,CASSLIGEPQHF,5,1.824355695256246e-05,False,0.0235553787719257,1.824355695256246e-05,False
1,per_clone_denoised_subject.csv,CASSLNSGSGSPLHF,CASSLNSGSGSPLHF,1,1.5261100587482664e-05,False,0.0313078608920813,1.5261100587482664e-05,False
1,per_clone_denoised_subject.csv,CASSLNSGSGSPLHF,CASSLNSGSGSPLHF,2,8.12066221293459e-06,False,0.5768267858396312,8.12066221293459e-06,False
1,per_clone_denoised_subject.csv,CASSLNSGSGSPLHF,CASSLNSGSGSPLHF,3,1.4671361502347416e-05,False,0.2699174056482369,1.4671361502347416e-05,False
1,per_clone_denoised_subject.csv,CASSLNSGSGSPLHF,CASSLNSGSGSPLHF,4,2.4076624914049437e-05,True,0.0144302237612797,2.4076624914049437e-05,True
1,per_clone_denoised_subject.csv,CASSLNSGSGSPLHF,CASSLNSGSGSPLHF,5,1.3206506845922986e-05,False,0.2256611837743825,1.3206506845922986e-05,False
1,per_clone_denoised_subject.csv,CASSLPGRVAFF,CASSLPGRVAFF,1,7.4843296847226125e-06,False,0.6472807817996054,7.4843296847226125e-06,False
1,per_clone_denoised_subject.csv,CASSLPGRVAFF,CASSLPGRVAFF,2,1.082754961724612e-05,False,0.3107840613959147,1.082754961724612e-05,False
1,per_clone_denoised_subject.csv,CASSLPGRVAFF,CASSLPGRVAFF,3,7.335680751173709e-06,False,0.803868441782291,7.335680751173709e-06,False
1,per_clone_denoised_subject.csv,CASSLPGRVAFF,CASSLPGRVAFF,4,1.4956029273934632e-05,False,0.1475170999165477,1.4956029273934632e-05,False
1,per_clone_denoised_subject.csv,CASSLPGRVAFF,CASSLPGRVAFF,5,1.650813355740373e-05,False,0.1524821201556735,1.650813355740373e-05,False
1,per_clone_denoised_subject.csv,CASSLQGFSNQPQHF,CASSLQGFSNQPQHF,1,1.5796739869621734e-05,False,0.032839639049424,1.5796739869621734e-05,False
1,per_clone_denoised_subject.csv,CASSLQGFSNQPQHF,CASSLQGFSNQPQHF,2,2.3804895079924937e-05,False,0.1106748715068984,2.3804895079924937e-05,False
1,per_clone_denoised_subject.csv,CASSLQGFSNQPQHF,CASSLQGFSNQPQHF,3,2.567488262910798e-05,False,0.1082867326485567,2.567488262910798e-05,False
1,per_clone_denoised_subject.csv,CASSLQGFSNQPQHF,CASSLQGFSNQPQHF,4,8.340387525182455e-06,False,0.0648182378311768,8.340387525182455e-06,False
1,per_clone_denoised_subject.csv,CASSLQGFSNQPQHF,CASSLQGFSNQPQHF,5,1.861975234465937e-05,False,0.0225851486152382,1.861975234465937e-05,False
1,per_clone_denoised_subject.csv,CASSLQGPQPQHF,CASSLQGPQPQHF,1,4.6055015137574576e-05,True,0.0071659764305825,4.6055015137574576e-05,True
1,per_clone_denoised_subject.csv,CASSLQGPQPQHF,CASSLQGPQPQHF,2,3.736493941487755e-05,True,0.0097553366558256,3.736493941487755e-05,True
1,per_clone_denoised_subject.csv,CASSLQGPQPQHF,CASSLQGPQPQHF,3,5.1782190711533005e-05,True,0.0079739816093029,5.1782190711533005e-05,True
1,per_clone_denoised_subject.csv,CASSLQGPQPQHF,CASSLQGPQPQHF,4,2.153478799063183e-05,True,0.0118689409360693,2.153478799063183e-05,True
1,per_clone_denoised_subject.csv,CASSLQGPQPQHF,CASSLQGPQPQHF,5,2.203118808251219e-05,True,0.017398628886965,2.203118808251219e-05,True
1,per_clone_denoised_subject.csv,CASSLQVSSSYNEQFF,CASSLQVSSSYNEQFF,1,1.4968659369445223e-05,False,0.1918138780348939,1.4968659369445223e-05,False
1,per_clone_denoised_subject.csv,CASSLQVSSSYNEQFF,CASSLQVSSSYNEQFF,2,9.269100686532385e-06,False,0.0641038239858989,9.269100686532385e-06,False
1,per_clone_denoised_subject.csv,CASSLQVSSSYNEQFF,CASSLQVSSSYNEQFF,3,1.03564381423066e-05,False,0.0677024107567639,1.03564381423066e-05,False
1,per_clone_denoised_subject.csv,CASSLQVSSSYNEQFF,CASSLQVSSSYNEQFF,4,9.970686182623088e-06,False,0.2957361348339143,9.970686182623088e-06,False
1,per_clone_denoised_subject.csv,CASSLQVSSSYNEQFF,CASSLQVSSSYNEQFF,5,1.680118112303295e-05,False,0.116137485668827,1.680118112303295e-05,False
1,per_clone_denoised_subject.csv,CASSLRDRPQETQYF,CASSLRDRPQETQYF,1,0.0002842974344339,True,0.0010466630789988,0.0002842974344339,True
1,per_clone_denoised_subject.csv,CASSLRDRPQETQYF,CASSLRDRPQETQYF,2,0.000364188380183,True,0.0009468323233268,0.000364188380183,True
1,per_clone_denoised_subject.csv,CASSLRDRPQETQYF,CASSLRDRPQETQYF,3,0.0004146780425564,True,0.0009187549232941,0.0004146780425564,True
1,per_clone_denoised_subject.csv,CASSLRDRPQETQYF,CASSLRDRPQETQYF,4,0.0003009224969705,True,0.0009827090011464,0.0003009224969705,True
1,per_clone_denoised_subject.csv,CASSLRDRPQETQYF,CASSLRDRPQETQYF,5,0.0002854111050333,True,0.0010731806234742,0.0002854111050333,True
1,per_clone_denoised_subject.csv,CASSLVENTEAFF,CASSLVENTEAFF,1,1.9981471037278387e-05,False,0.0205807342240108,1.9981471037278387e-05,False
1,per_clone_denoised_subject.csv,CASSLVENTEAFF,CASSLVENTEAFF,2,1.6385609877369828e-05,False,0.0369685767097966,1.6385609877369828e-05,False
1,per_clone_denoised_subject.csv,CASSLVENTEAFF,CASSLVENTEAFF,3,1.0965834116172048e-05,False,0.487885381813644,1.0965834116172048e-05,False
1,per_clone_denoised_subject.csv,CASSLVENTEAFF,CASSLVENTEAFF,4,9.630649965619774e-06,False,0.0577723702785122,9.630649965619774e-06,False
1,per_clone_denoised_subject.csv,CASSLVENTEAFF,CASSLVENTEAFF,5,9.12177847628123e-06,False,0.0531692365286974,9.12177847628123e-06,False
1,per_clone_denoised_subject.csv,CASSLVGGNTEAFF,CASSLVGGNTEAFF,1,1.111375371477218e-05,False,0.2480045547782275,1.111375371477218e-05,False
1,per_clone_denoised_subject.csv,CASSLVGGNTEAFF,CASSLVGGNTEAFF,2,1.9387715065853005e-05,False,0.0297901214347551,1.9387715065853005e-05,False
1,per_clone_denoised_subject.csv,CASSLVGGNTEAFF,CASSLVGGNTEAFF,3,1.0965834116172048e-05,False,0.487885381813644,1.0965834116172048e-05,False
1,per_clone_denoised_subject.csv,CASSLVGGNTEAFF,CASSLVGGNTEAFF,4,1.7583080765354343e-05,False,0.0257781729411856,1.7583080765354343e-05,False
1,per_clone_denoised_subject.csv,CASSLVGGNTEAFF,CASSLVGGNTEAFF,5,1.2600885842274711e-05,False,0.174727220259404,1.2600885842274711e-05,False
1,per_clone_denoised_subject.csv,CASSLVWRTGLFSGANVLTF,CASSLVWRTGLFSGANVLTF,1,1.5796739869621734e-05,False,0.032839639049424,1.5796739869621734e-05,False
1,per_clone_denoised_subject.csv,CASSLVWRTGLFSGANVLTF,CASSLVWRTGLFSGANVLTF,2,2.601134928938648e-05,True,0.0192408183002254,2.601134928938648e-05,True
1,per_clone_denoised_subject.csv,CASSLVWRTGLFSGANVLTF,CASSLVWRTGLFSGANVLTF,3,1.827639019362008e-05,False,0.1829039830911657,1.827639019362008e-05,False
1,per_clone_denoised_subject.csv,CASSLVWRTGLFSGANVLTF,CASSLVWRTGLFSGANVLTF,4,3.404948948961867e-05,True,0.0100704274784154,3.404948948961867e-05,True
1,per_clone_denoised_subject.csv,CASSLVWRTGLFSGANVLTF,CASSLVWRTGLFSGANVLTF,5,1.8432614405691856e-05,False,0.0227146166265003,1.8432614405691856e-05,False
1,per_clone_denoised_subject.csv,CASSMGPLEHNEQFF,CASSMGPLEHNEQFF,1,8.891002971817743e-06,False,0.3703471458542939,8.891002971817743e-06,False
1,per_clone_denoised_subject.csv,CASSMGPLEHNEQFF,CASSMGPLEHNEQFF,2,8.12066221293459e-06,False,0.5768267858396312,8.12066221293459e-06,False
1,per_clone_denoised_subject.csv,CASSMGPLEHNEQFF,CASSMGPLEHNEQFF,3,1.1003521126760564e-05,False,0.464947705842439,1.1003521126760564e-05,False
1,per_clone_denoised_subject.csv,CASSMGPLEHNEQFF,CASSMGPLEHNEQFF,4,2.7906630615434228e-05,False,0.0818908569066504,2.7906630615434228e-05,False
1,per_clone_denoised_subject.csv,CASSMGPLEHNEQFF,CASSMGPLEHNEQFF,5,1.1776165375476822e-05,False,0.0401678404579735,1.1776165375476822e-05,False
1,per_clone_denoised_subject.csv,CASSPDLTGEQFF,CASSPDLTGEQFF,1,1.5796739869621734e-05,False,0.0314326493366714,1.5796739869621734e-05,False
1,per_clone_denoised_subject.csv,CASSPDLTGEQFF,CASSPDLTGEQFF,2,3.877543013170601e-05,True,0.0102841276897759,3.877543013170601e-05,True
1,per_clone_denoised_subject.csv,CASSPDLTGEQFF,CASSPDLTGEQFF,3,2.6906815571878908e-05,False,0.0213715809916001,2.6906815571878908e-05,False
1,per_clone_denoised_subject.csv,CASSPDLTGEQFF,CASSPDLTGEQFF,4,1.1795089153560402e-05,False,0.0453325222084435,1.1795089153560402e-05,False
1,per_clone_denoised_subject.csv,CASSPDLTGEQFF,CASSPDLTGEQFF,5,2.7365335428843687e-05,True,0.0131714203264777,2.7365335428843687e-05,True
1,per_clone_denoised_subject.csv,CASSPGHRQETQYF,CASSPGHRQETQYF,1,7.064516834271072e-06,False,0.0797444956597019,7.064516834271072e-06,False
1,per_clone_denoised_subject.csv,CASSPGHRQETQYF,CASSPGHRQETQYF,2,5.41377480862306e-06,False,0.949147148974005,5.41377480862306e-06,False
1,per_clone_denoised_subject.csv,CASSPGHRQETQYF,CASSPGHRQETQYF,3,2.1969322918092025e-05,False,0.0241543633059578,2.1969322918092025e-05,False
1,per_clone_denoised_subject.csv,CASSPGHRQETQYF,CASSPGHRQETQYF,4,1.4956029273934632e-05,False,0.1475170999165477,1.4956029273934632e-05,False
1,per_clone_denoised_subject.csv,CASSPGHRQETQYF,CASSPGHRQETQYF,5,2.3552330750953644e-05,True,0.0156578300849341,2.3552330750953644e-05,True
1,per_clone_denoised_subject.csv,CASSPGLAGGEDTQYF,CASSPGLAGGEDTQYF,1,2.5471477682342887e-05,True,0.0165282294859496,2.5471477682342887e-05,True
1,per_clone_denoised_subject.csv,CASSPGLAGGEDTQYF,CASSPGLAGGEDTQYF,2,1.6385609877369828e-05,False,0.0369685767097966,1.6385609877369828e-05,False
1,per_clone_denoised_subject.csv,CASSPGLAGGEDTQYF,CASSPGLAGGEDTQYF,3,3.3757858223328825e-05,True,0.013143342926445,3.3757858223328825e-05,True
1,per_clone_denoised_subject.csv,CASSPGLAGGEDTQYF,CASSPGLAGGEDTQYF,4,9.630649965619775e-06,False,0.0561438810766123,9.630649965619775e-06,False
1,per_clone_denoised_subject.csv,CASSPGLAGGEDTQYF,CASSPGLAGGEDTQYF,5,2.42771868539162e-05,True,0.0148092686617219,2.42771868539162e-05,True
1,per_clone_denoised_subject.csv,CASSPGTSGEWVEQFF,CASSPGTSGEWVEQFF,1,4.5783301762447995e-05,True,0.0073406802530085,4.5783301762447995e-05,True
1,per_clone_denoised_subject.csv,CASSPGTSGEWVEQFF,CASSPGTSGEWVEQFF,2,4.4210792533819826e-05,True,0.0088786978325807,4.4210792533819826e-05,True
1,per_clone_denoised_subject.csv,CASSPGTSGEWVEQFF,CASSPGTSGEWVEQFF,3,4.774082093609973e-05,True,0.0091064367439575,4.774082093609973e-05,True
1,per_clone_denoised_subject.csv,CASSPGTSGEWVEQFF,CASSPGTSGEWVEQFF,4,5.811733533568654e-05,True,0.0052988293284041,5.811733533568654e-05,True
1,per_clone_denoised_subject.csv,CASSPGTSGEWVEQFF,CASSPGTSGEWVEQFF,5,5.6965488326209867e-05,True,0.0052036781394042,5.6965488326209867e-05,True
1,per_clone_denoised_subject.csv,CASSPHKGQGNQPQHF,CASSPHKGQGNQPQHF,1,2.0188538443810423e-05,False,0.0227926094043691,2.0188538443810423e-05,False
1,per_clone_denoised_subject.csv,CASSPHKGQGNQPQHF,CASSPHKGQGNQPQHF,2,1.353443702155765e-05,False,0.214419304772378,1.353443702155765e-05,False
1,per_clone_denoised_subject.csv,CASSPHKGQGNQPQHF,CASSPHKGQGNQPQHF,3,1.6374966488165937e-05,False,0.0346194342403893,1.6374966488165937e-05,False
1,per_clone_denoised_subject.csv,CASSPHKGQGNQPQHF,CASSPHKGQGNQPQHF,4,1.8604420410289484e-05,False,0.1227138366987217,1.8604420410289484e-05,False
1,per_clone_denoised_subject.csv,CASSPHKGQGNQPQHF,CASSPHKGQGNQPQHF,5,1.5126758313282316e-05,False,0.0240498529836137,1.5126758313282316e-05,False
1,per_clone_denoised_subject.csv,CASSPNHGQSNTEAFF,CASSPNHGQSNTEAFF,1,7.064516834271072e-06,False,0.0739964279307736,7.064516834271072e-06,False
1,per_clone_denoised_subject.csv,CASSPNHGQSNTEAFF,CASSPNHGQSNTEAFF,2,1.586993005328329e-05,False,0.207371877364156,1.586993005328329e-05,False
1,per_clone_denoised_subject.csv,CASSPNHGQSNTEAFF,CASSPNHGQSNTEAFF,3,1.03564381423066e-05,False,0.0681407301683864,1.03564381423066e-05,False
1,per_clone_denoised_subject.csv,CASSPNHGQSNTEAFF,CASSPNHGQSNTEAFF,4,9.630649965619775e-06,False,0.0535170843179921,9.630649965619775e-06,False
1,per_clone_denoised_subject.csv,CASSPNHGQSNTEAFF,CASSPNHGQSNTEAFF,5,8.327006393373886e-06,False,0.0595053698027562,8.327006393373886e-06,False
1,per_clone_denoised_subject.csv,CASSPPANYGYTF,CASSPPANYGYTF,1,4.445501485908872e-06,False,1.0,4.445501485908872e-06,False
1,per_clone_denoised_subject.csv,CASSPPANYGYTF,CASSPPANYGYTF,2,1.9837412566604113e-05,False,0.1439731080901908,1.9837412566604113e-05,False
1,per_clone_denoised_subject.csv,CASSPPANYGYTF,CASSPPANYGYTF,3,1.4671361502347416e-05,False,0.2699174056482369,1.4671361502347416e-05,False
1,per_clone_denoised_subject.csv,CASSPPANYGYTF,CASSPPANYGYTF,4,1.240294694019299e-05,False,0.2603898079037881,1.240294694019299e-05,False
1,per_clone_denoised_subject.csv,CASSPPANYGYTF,CASSPPANYGYTF,5,8.400590561516475e-06,False,0.329920369373796,8.400590561516475e-06,False
1,per_clone_denoised_subject.csv,CASSPQENTEAFF,CASSPQENTEAFF,1,1.8240504032089203e-05,False,0.022231061403714,1.8240504032089203e-05,False
1,per_clone_denoised_subject.csv,CASSPQENTEAFF,CASSPQENTEAFF,2,1.1902447539962469e-05,False,0.4159744807630813,1.1902447539962469e-05,False
1,per_clone_denoised_subject.csv,CASSPQENTEAFF,CASSPQENTEAFF,3,7.335680751173709e-06,False,0.803868441782291,7.335680751173709e-06,False
1,per_clone_denoised_subject.csv,CASSPQENTEAFF,CASSPQENTEAFF,4,1.0767393995315914e-05,False,0.0510696709484701,1.0767393995315914e-05,False
1,per_clone_denoised_subject.csv,CASSPQENTEAFF,CASSPQENTEAFF,5,5.266461258769103e-06,False,0.0852788631772697,5.266461258769103e-06,False
1,per_clone_denoised_subject.csv,CASSPRDEQFF,CASSPRDEQFF,1,3.159347973924347e-05,True,0.0107505245014311,3.159347973924347e-05,True
1,per_clone_denoised_subject.csv,CASSPRDEQFF,CASSPRDEQFF,2,1.624132442586918e-05,False,0.1559309607930305,1.624132442586918e-05,False
1,per_clone_denoised_subject.csv,CASSPRDEQFF,CASSPRDEQFF,3,2.558694627106811e-05,False,0.1092522832385721,2.558694627106811e-05,False
1,per_clone_denoised_subject.csv,CASSPRDEQFF,CASSPRDEQFF,4,1.4956029273934632e-05,False,0.1475170999165477,1.4956029273934632e-05,False
1,per_clone_denoised_subject.csv,CASSPRDEQFF,CASSPRDEQFF,5,1.935021425117985e-05,False,0.0215525242362557,1.935021425117985e-05,False
1,per_clone_denoised_subject.csv,CASSPTGGIADNEQFF,CASSPTGGIADNEQFF,1,2.993731873889045e-05,False,0.0815804456507327,2.993731873889045e-05,False
1,per_clone_denoised_subject.csv,CASSPTGGIADNEQFF,CASSPTGGIADNEQFF,2,1.082754961724612e-05,False,0.3107840613959147,1.082754961724612e-05,False
1,per_clone_denoised_subject.csv,CASSPTGGIADNEQFF,CASSPTGGIADNEQFF,3,1.6374966488165937e-05,False,0.043140925150331,1.6374966488165937e-05,False
1,per_clone_denoised_subject.csv,CASSPTGGIADNEQFF,CASSPTGGIADNEQFF,4,2.170515714533773e-05,False,0.1009710100844661,2.170515714533773e-05,False
1,per_clone_denoised_subject.csv,CASSPTGGIADNEQFF,CASSPTGGIADNEQFF,5,2.310650499663958e-05,True,0.0155954358626391,2.310650499663958e-05,True
1,per_clone_denoised_subject.csv,CASSPVSGTTSSYNEQFF,CASSPVSGTTSSYNEQFF,1,3.496757431523718e-05,True,0.0102326524563825,3.496757431523718e-05,True
1,per_clone_denoised_subject.csv,CASSPVSGTTSSYNEQFF,CASSPVSGTTSSYNEQFF,2,3.707640274612953e-05,True,0.0113183119243158,3.707640274612953e-05,True
1,per_clone_denoised_subject.csv,CASSPVSGTTSSYNEQFF,CASSPVSGTTSSYNEQFF,3,5.480111958593404e-05,True,0.007754041975713,5.480111958593404e-05,True
1,per_clone_denoised_subject.csv,CASSPVSGTTSSYNEQFF,CASSPVSGTTSSYNEQFF,4,4.8473208496316825e-05,True,0.0065794707410093,4.8473208496316825e-05,True
1,per_clone_denoised_subject.csv,CASSPVSGTTSSYNEQFF,CASSPVSGTTSSYNEQFF,5,2.498101918012166e-05,True,0.0118486628138234,2.498101918012166e-05,True
1,per_clone_denoised_subject.csv,CASSQDGLPSVTDTQYF,CASSQDGLPSVTDTQYF,1,2.412991872868948e-05,True,0.0143163543055913,2.412991872868948e-05,True
1,per_clone_denoised_subject.csv,CASSQDGLPSVTDTQYF,CASSQDGLPSVTDTQYF,2,3.9674825133208227e-05,False,0.0706021822379247,3.9674825133208227e-05,False
1,per_clone_denoised_subject.csv,CASSQDGLPSVTDTQYF,CASSQDGLPSVTDTQYF,3,1.0984661459046013e-05,False,0.066830451500191,1.0984661459046013e-05,False
1,per_clone_denoised_subject.csv,CASSQDGLPSVTDTQYF,CASSQDGLPSVTDTQYF,4,2.258587618804298e-05,True,0.0184328131215049,2.258587618804298e-05,True
1,per_clone_denoised_subject.csv,CASSQDGLPSVTDTQYF,CASSQDGLPSVTDTQYF,5,3.148885846290146e-05,True,0.0109283480349719,3.148885846290146e-05,True
1,per_clone_denoised_subject.csv,CASSQEGTGVYGYTF,CASSQEGTGVYGYTF,1,2.233996376489885e-05,True,0.0182019544990133,2.233996376489885e-05,True
1,per_clone_denoised_subject.csv,CASSQEGTGVYGYTF,CASSQEGTGVYGYTF,2,1.7340899526257653e-05,False,0.0319739192150806,1.7340899526257653e-05,False
1,per_clone_denoised_subject.csv,CASSQEGTGVYGYTF,CASSQEGTGVYGYTF,3,1.418113696487056e-05,False,0.0506843866257984,1.418113696487056e-05,False
1,per_clone_denoised_subject.csv,CASSQEGTGVYGYTF,CASSQEGTGVYGYTF,4,1.8604420410289484e-05,False,0.1227138366987217,1.8604420410289484e-05,False
1,per_clone_denoised_subject.csv,CASSQEGTGVYGYTF,CASSQEGTGVYGYTF,5,1.3206506845922986e-05,False,0.2256611837743825,1.3206506845922986e-05,False
1,per_clone_denoised_subject.csv,CASSQELQVAYGYTF,CASSQELQVAYGYTF,1,2.825806733708429e-05,True,0.0139341896940343,2.825806733708429e-05,True
1,per_clone_denoised_subject.csv,CASSQELQVAYGYTF,CASSQELQVAYGYTF,2,1.6054553329545648e-05,False,0.0371136432766325,1.6054553329545648e-05,False
1,per_clone_denoised_subject.csv,CASSQELQVAYGYTF,CASSQELQVAYGYTF,3,1.4646215278728016e-05,False,0.049863902602619,1.4646215278728016e-05,False
1,per_clone_denoised_subject.csv,CASSQELQVAYGYTF,CASSQELQVAYGYTF,4,1.0767393995315914e-05,False,0.0495893680245209,1.0767393995315914e-05,False
1,per_clone_denoised_subject.csv,CASSQELQVAYGYTF,CASSQELQVAYGYTF,5,2.039691674865928e-05,True,0.0185513621438654,2.039691674865928e-05,True
1,per_clone_denoised_subject.csv,CASSQGQIYGYTF,CASSQGQIYGYTF,1,1.1226494527083916e-05,False,0.3515321681212319,1.1226494527083916e-05,False
1,per_clone_denoised_subject.csv,CASSQGQIYGYTF,CASSQGQIYGYTF,2,1.3108487901895862e-05,False,0.0489513871015543,1.3108487901895862e-05,False
1,per_clone_denoised_subject.csv,CASSQGQIYGYTF,CASSQGQIYGYTF,3,2.2007042253521128e-05,False,0.1262968249140129,2.2007042253521128e-05,False
1,per_clone_denoised_subject.csv,CASSQGQIYGYTF,CASSQGQIYGYTF,4,1.246335772827886e-05,False,0.1991498787212304,1.246335772827886e-05,False
1,per_clone_denoised_subject.csv,CASSQGQIYGYTF,CASSQGQIYGYTF,5,6.45007141705995e-06,False,0.0725722798068898,6.45007141705995e-06,False
1,per_clone_denoised_subject.csv,CASSQGSYEQYF,CASSQGSYEQYF,1,2.2452989054167835e-05,False,0.1064086665574767,2.2452989054167835e-05,False
1,per_clone_denoised_subject.csv,CASSQGSYEQYF,CASSQGSYEQYF,2,6.554243950947931e-06,False,0.0928332436416387,6.554243950947931e-06,False
1,per_clone_denoised_subject.csv,CASSQGSYEQYF,CASSQGSYEQYF,3,1.4621112154896062e-05,False,0.2801828150713244,1.4621112154896062e-05,False
1,per_clone_denoised_subject.csv,CASSQGSYEQYF,CASSQGSYEQYF,4,6.809897897923733e-06,False,0.0756249171326735,6.809897897923733e-06,False
1,per_clone_denoised_subject.csv,CASSQGSYEQYF,CASSQGSYEQYF,5,1.650813355740373e-05,False,0.1524821201556735,1.650813355740373e-05,False
1,per_clone_denoised_subject.csv,CASSQSSSGSDEQFF,CASSQSSSGSDEQFF,1,0.0001268993845039,True,0.0023101460804729,0.0001268993845039,True
1,per_clone_denoised_subject.csv,CASSQSSSGSDEQFF,CASSQSSSGSDEQFF,2,0.0001228811498548,True,0.0027547049143249,0.0001228811498548,True
1,per_clone_denoised_subject.csv,CASSQSSSGSDEQFF,CASSQSSSGSDEQFF,3,0.000121550351561,True,0.0031446688036687,0.000121550351561,True
1,per_clone_denoised_subject.csv,CASSQSSSGSDEQFF,CASSQSSSGSDEQFF,4,0.0001218191569567,True,0.0023912585694564,0.0001218191569567,True
1,per_clone_denoised_subject.csv,CASSQSSSGSDEQFF,CASSQSSSGSDEQFF,5,7.201777456678082e-05,True,0.0041195785270283,7.201777456678082e-05,True
1,per_clone_denoised_subject.csv,CASSRDRGETQYF,CASSRDRGETQYF,1,1.1536307682177389e-05,False,0.0481090651005716,1.1536307682177389e-05,False
1,per_clone_denoised_subject.csv,CASSRDRGETQYF,CASSRDRGETQYF,2,1.269223883450102e-05,False,0.0517934439270923,1.269223883450102e-05,False
1,per_clone_denoised_subject.csv,CASSRDRGETQYF,CASSRDRGETQYF,3,1.4621112154896062e-05,False,0.2801828150713244,1.4621112154896062e-05,False
1,per_clone_denoised_subject.csv,CASSRDRGETQYF,CASSRDRGETQYF,4,2.170515714533773e-05,False,0.1009710100844661,2.170515714533773e-05,False
1,per_clone_denoised_subject.csv,CASSRDRGETQYF,CASSRDRGETQYF,5,2.6413013691845972e-05,False,0.0885062043254794,2.6413013691845972e-05,False
1,per_clone_denoised_subject.csv,CASSRLNTEAFF,CASSRLNTEAFF,1,8.157401391922092e-06,False,0.0628200628621789,8.157401391922092e-06,False
1,per_clone_denoised_subject.csv,CASSRLNTEAFF,CASSRLNTEAFF,2,7.934965026641645e-06,False,0.7240943088669989,7.934965026641645e-06,False
1,per_clone_denoised_subject.csv,CASSRLNTEAFF,CASSRLNTEAFF,3,3.655278038724016e-05,False,0.0810360560612087,3.655278038724016e-05,False
1,per_clone_denoised_subject.csv,CASSRLNTEAFF,CASSRLNTEAFF,4,2.9912058547869265e-05,False,0.0719810945506446,2.9912058547869265e-05,False
1,per_clone_denoised_subject.csv,CASSRLNTEAFF,CASSRLNTEAFF,5,1.680118112303295e-05,False,0.116137485668827,1.680118112303295e-05,False
1,per_clone_denoised_subject.csv,CASSRMNTEAFF,CASSRMNTEAFF,1,5.2390307793058285e-05,False,0.0522348830498295,5.2390307793058285e-05,False
1,per_clone_denoised_subject.csv,CASSRMNTEAFF,CASSRMNTEAFF,2,1.1352283528242794e-05,False,0.0556852835427439,1.1352283528242794e-05,False
1,per_clone_denoised_subject.csv,CASSRMNTEAFF,CASSRMNTEAFF,3,1.2683994500674246e-05,False,0.0572139419889718,1.2683994500674246e-05,False
1,per_clone_denoised_subject.csv,CASSRMNTEAFF,CASSRMNTEAFF,4,2.04296936937712e-05,False,0.0217256682031243,2.04296936937712e-05,False
1,per_clone_denoised_subject.csv,CASSRMNTEAFF,CASSRMNTEAFF,5,6.45007141705995e-06,False,0.0713867895832846,6.45007141705995e-06,False
1,per_clone_denoised_subject.csv,CASSRPEAWEQYF,CASSRPEAWEQYF,1,8.891002971817743e-06,False,0.3703471458542939,8.891002971817743e-06,False
1,per_clone_denoised_subject.csv,CASSRPEAWEQYF,CASSRPEAWEQYF,2,8.027276664772824e-06,False,0.08086291209434,8.027276664772824e-06,False
1,per_clone_denoised_subject.csv,CASSRPEAWEQYF,CASSRPEAWEQYF,3,2.9342723004694835e-05,False,0.0954818783780621,2.9342723004694835e-05,False
1,per_clone_denoised_subject.csv,CASSRPEAWEQYF,CASSRPEAWEQYF,4,7.478014636967316e-06,False,0.5204723242627732,7.478014636967316e-06,False
1,per_clone_denoised_subject.csv,CASSRPEAWEQYF,CASSRPEAWEQYF,5,1.3206506845922986e-05,False,0.2256611837743825,1.3206506845922986e-05,False
1,per_clone_denoised_subject.csv,CASSRQGFWHEQFF,CASSRQGFWHEQFF,1,2.5795968186701675e-05,True,0.0155268022181146,2.5795968186701675e-05,True
1,per_clone_denoised_subject.csv,CASSRQGFWHEQFF,CASSRQGFWHEQFF,2,3.604834173021362e-05,True,0.0117035962469875,3.604834173021362e-05,True
1,per_clone_denoised_subject.csv,CASSRQGFWHEQFF,CASSRQGFWHEQFF,3,6.016546867677111e-05,True,0.0068633644524517,6.016546867677111e-05,True
1,per_clone_denoised_subject.csv,CASSRQGFWHEQFF,CASSRQGFWHEQFF,4,2.637462114803151e-05,True,0.014764032850558,2.637462114803151e-05,True
1,per_clone_denoised_subject.csv,CASSRQGFWHEQFF,CASSRQGFWHEQFF,5,1.5126758313282316e-05,False,0.0283722127331009,1.5126758313282316e-05,False
1,per_clone_denoised_subject.csv,CASSRQRGGSGGYNEQFF,CASSRQRGGSGGYNEQFF,1,2.7512340344091177e-05,True,0.0147297160282957,2.7512340344091177e-05,True
1,per_clone_denoised_subject.csv,CASSRQRGGSGGYNEQFF,CASSRQRGGSGGYNEQFF,2,1.7949536296629827e-05,False,0.0322968093154573,1.7949536296629827e-05,False
1,per_clone_denoised_subject.csv,CASSRQRGGSGGYNEQFF,CASSRQRGGSGGYNEQFF,3,1.793787704791927e-05,False,0.0352308976188804,1.793787704791927e-05,False
1,per_clone_denoised_subject.csv,CASSRQRGGSGGYNEQFF,CASSRQRGGSGGYNEQFF,4,3.970818705160142e-05,True,0.0083623856430894,3.970818705160142e-05,True
1,per_clone_denoised_subject.csv,CASSRQRGGSGGYNEQFF,CASSRQRGGSGGYNEQFF,5,1.3166153146922756e-05,False,0.035561586997044,1.3166153146922756e-05,False
1,per_clone_denoised_subject.csv,CASSRTENTEAFF,CASSRTENTEAFF,1,8.157401391922092e-06,False,0.0701779015263186,8.157401391922092e-06,False
1,per_clone_denoised_subject.csv,CASSRTENTEAFF,CASSRTENTEAFF,2,9.269100686532385e-06,False,0.0641038239858989,9.269100686532385e-06,False
1,per_clone_denoised_subject.csv,CASSRTENTEAFF,CASSRTENTEAFF,3,1.6374966488165937e-05,False,0.043140925150331,1.6374966488165937e-05,False
1,per_clone_denoised_subject.csv,CASSRTENTEAFF,CASSRTENTEAFF,4,8.340387525182455e-06,False,0.0648182378311768,8.340387525182455e-06,False
1,per_clone_denoised_subject.csv,CASSRTENTEAFF,CASSRTENTEAFF,5,1.5799383776307306e-05,False,0.0280602416216258,1.5799383776307306e-05,False
1,per_clone_denoised_subject.csv,CASSRTREETQYF,CASSRTREETQYF,1,1.934697614002626e-05,False,0.0249046538290554,1.934697614002626e-05,False
1,per_clone_denoised_subject.csv,CASSRTREETQYF,CASSRTREETQYF,2,1.353443702155765e-05,False,0.214419304772378,1.353443702155765e-05,False
1,per_clone_denoised_subject.csv,CASSRTREETQYF,CASSRTREETQYF,3,1.4646215278728016e-05,False,0.049863902602619,1.4646215278728016e-05,False
1,per_clone_denoised_subject.csv,CASSRTREETQYF,CASSRTREETQYF,4,1.5227394619590392e-05,False,0.0335540528947019,1.5227394619590392e-05,False
1,per_clone_denoised_subject.csv,CASSRTREETQYF,CASSRTREETQYF,5,1.650813355740373e-05,False,0.1524821201556735,1.650813355740373e-05,False
1,per_clone_denoised_subject.csv,CASSRVSYEQYF,CASSRVSYEQYF,1,1.555925520068105e-05,False,0.128736439005748,1.555925520068105e-05,False
1,per_clone_denoised_subject.csv,CASSRVSYEQYF,CASSRVSYEQYF,2,8.12066221293459e-06,False,0.5768267858396312,8.12066221293459e-06,False
1,per_clone_denoised_subject.csv,CASSRVSYEQYF,CASSRVSYEQYF,3,1.1003521126760564e-05,False,0.464947705842439,1.1003521126760564e-05,False
1,per_clone_denoised_subject.csv,CASSRVSYEQYF,CASSRVSYEQYF,4,1.9941372365246176e-05,False,0.1019771169189733,1.9941372365246176e-05,False
1,per_clone_denoised_subject.csv,CASSRVSYEQYF,CASSRVSYEQYF,5,8.400590561516475e-06,False,0.329920369373796,8.400590561516475e-06,False
1,per_clone_denoised_subject.csv,CASSSGGQTTDTQYF,CASSSGGQTTDTQYF,1,3.119606165821477e-05,True,0.0123134997699213,3.119606165821477e-05,True
1,per_clone_denoised_subject.csv,CASSSGGQTTDTQYF,CASSSGGQTTDTQYF,2,2.8756628627924167e-05,True,0.0165906237082446,2.8756628627924167e-05,True
1,per_clone_denoised_subject.csv,CASSSGGQTTDTQYF,CASSSGGQTTDTQYF,3,3.213000437022918e-05,True,0.0162755328856547,3.213000437022918e-05,True
1,per_clone_denoised_subject.csv,CASSSGGQTTDTQYF,CASSSGGQTTDTQYF,4,2.5480304772942675e-05,True,0.0148357862061973,2.5480304772942675e-05,True
1,per_clone_denoised_subject.csv,CASSSGGQTTDTQYF,CASSSGGQTTDTQYF,5,2.6853788726044073e-05,True,0.0136144193047723,2.6853788726044073e-05,True
1,per_clone_denoised_subject.csv,CASSSGQGYTEAFF,CASSSGQGYTEAFF,1,4.445501485908872e-06,False,1.0,4.445501485908872e-06,False
1,per_clone_denoised_subject.csv,CASSSGQGYTEAFF,CASSSGQGYTEAFF,2,8.12066221293459e-06,False,0.5768267858396312,8.12066221293459e-06,False
1,per_clone_denoised_subject.csv,CASSSGQGYTEAFF,CASSSGQGYTEAFF,3,2.2007042253521128e-05,False,0.1262968249140129,2.2007042253521128e-05,False
1,per_clone_denoised_subject.csv,CASSSGQGYTEAFF,CASSSGQGYTEAFF,4,1.9941372365246176e-05,False,0.1019771169189733,1.9941372365246176e-05,False
1,per_clone_denoised_subject.csv,CASSSGQGYTEAFF,CASSSGQGYTEAFF,5,9.12177847628123e-06,False,0.0531692365286974,9.12177847628123e-06,False
1,per_clone_denoised_subject.csv,CASSSLKLAGESYNEQFF,CASSSLKLAGESYNEQFF,1,2.059642891047971e-05,True,0.0196432610340282,2.059642891047971e-05,True
1,per_clone_denoised_subject.csv,CASSSLKLAGESYNEQFF,CASSSLKLAGESYNEQFF,2,2.0726339225376377e-05,False,0.0270151383981843,2.0726339225376377e-05,False
1,per_clone_denoised_subject.csv,CASSSLKLAGESYNEQFF,CASSSLKLAGESYNEQFF,3,2.0055156225590373e-05,False,0.0330190224385221,2.0055156225590373e-05,False
1,per_clone_denoised_subject.csv,CASSSLKLAGESYNEQFF,CASSSLKLAGESYNEQFF,4,3.8822391153234594e-05,True,0.0085542478766466,3.8822391153234594e-05,True
1,per_clone_denoised_subject.csv,CASSSLKLAGESYNEQFF,CASSSLKLAGESYNEQFF,5,2.2804446190703075e-05,True,0.014132291349821,2.2804446190703075e-05,True
1,per_clone_denoised_subject.csv,CASSSLSGNEQFF,CASSSLSGNEQFF,1,7.4843296847226125e-06,False,0.6472807817996054,7.4843296847226125e-06,False
1,per_clone_denoised_subject.csv,CASSSLSGNEQFF,CASSSLSGNEQFF,2,1.3903651029798576e-05,False,0.0457271656644594,1.3903651029798576e-05,False
1,per_clone_denoised_subject.csv,CASSSLSGNEQFF,CASSSLSGNEQFF,3,1.937512163791444e-05,False,0.033866024006177,1.937512163791444e-05,False
1,per_clone_denoised_subject.csv,CASSSLSGNEQFF,CASSSLSGNEQFF,4,1.965848192260067e-05,False,0.0223698885483204,1.965848192260067e-05,False
1,per_clone_denoised_subject.csv,CASSSLSGNEQFF,CASSSLSGNEQFF,5,1.9705293671032203e-05,True,0.019721253811897,1.9705293671032203e-05,True
1,per_clone_denoised_subject.csv,CASSSQEGNPYNEQFF,CASSSQEGNPYNEQFF,1,6.104440234993066e-05,True,0.0052785512061583,6.104440234993066e-05,True
1,per_clone_denoised_subject.csv,CASSSQEGNPYNEQFF,CASSSQEGNPYNEQFF,2,4.171095308939573e-05,True,0.0096664248890552,4.171095308939573e-05,True
1,per_clone_denoised_subject.csv,CASSSQEGNPYNEQFF,CASSSQEGNPYNEQFF,3,1.937512163791444e-05,False,0.033866024006177,1.937512163791444e-05,False
1,per_clone_denoised_subject.csv,CASSSQEGNPYNEQFF,CASSSQEGNPYNEQFF,4,4.225430523787634e-05,True,0.007641732375582,4.225430523787634e-05,True
1,per_clone_denoised_subject.csv,CASSSQEGNPYNEQFF,CASSSQEGNPYNEQFF,5,5.1331114814126184e-05,True,0.0059867256292067,5.1331114814126184e-05,True
1,per_clone_denoised_subject.csv,CASSSRTSGSYEQYF,CASSSRTSGSYEQYF,1,7.064516834271072e-06,False,0.0739964279307736,7.064516834271072e-06,False
1,per_clone_denoised_subject.csv,CASSSRTSGSYEQYF,CASSSRTSGSYEQYF,2,1.9387715065853005e-05,False,0.0297901214347551,1.9387715065853005e-05,False
1,per_clone_denoised_subject.csv,CASSSRTSGSYEQYF,CASSSRTSGSYEQYF,3,2.31576996909692e-05,False,0.0264286327086111,2.31576996909692e-05,False
1,per_clone_denoised_subject.csv,CASSSRTSGSYEQYF,CASSSRTSGSYEQYF,4,7.478014636967316e-06,False,0.5204723242627732,7.478014636967316e-06,False
1,per_clone_denoised_subject.csv,CASSSRTSGSYEQYF,CASSSRTSGSYEQYF,5,1.29001428341199e-05,False,0.0361246948532565,1.29001428341199e-05,False
1,per_clone_denoised_subject.csv,CASSSTTQGPSRYNEQFF,CASSSTTQGPSRYNEQFF,1,9.120252016044602e-06,False,0.0550176653641872,9.120252016044602e-06,False
1,per_clone_denoised_subject.csv,CASSSTTQGPSRYNEQFF,CASSSTTQGPSRYNEQFF,2,5.41377480862306e-06,False,0.949147148974005,5.41377480862306e-06,False
1,per_clone_denoised_subject.csv,CASSSTTQGPSRYNEQFF,CASSSTTQGPSRYNEQFF,3,1.4621112154896062e-05,False,0.2801828150713244,1.4621112154896062e-05,False
1,per_clone_denoised_subject.csv,CASSSTTQGPSRYNEQFF,CASSSTTQGPSRYNEQFF,4,6.201473470096495e-06,False,0.7646567927809885,6.201473470096495e-06,False
1,per_clone_denoised_subject.csv,CASSSTTQGPSRYNEQFF,CASSSTTQGPSRYNEQFF,5,2.5201771684549423e-05,False,0.0826723445408955,2.5201771684549423e-05,False
1,per_clone_denoised_subject.csv,CASSTGNTEAFF,CASSTGNTEAFF,1,1.5796739869621734e-05,False,0.032839639049424,1.5796739869621734e-05,False
1,per_clone_denoised_subject.csv,CASSTGNTEAFF,CASSTGNTEAFF,2,1.9837412566604113e-05,False,0.1439731080901908,1.9837412566604113e-05,False
1,per_clone_denoised_subject.csv,CASSTGNTEAFF,CASSTGNTEAFF,3,7.310556077448031e-06,False,0.8380370777665989,7.310556077448031e-06,False
1,per_clone_denoised_subject.csv,CASSTGNTEAFF,CASSTGNTEAFF,4,2.170515714533773e-05,False,0.1009710100844661,2.170515714533773e-05,False
1,per_clone_denoised_subject.csv,CASSTGNTEAFF,CASSTGNTEAFF,5,1.824355695256246e-05,False,0.0205308188461748,1.824355695256246e-05,False
1,per_clone_denoised_subject.csv,CASSVLREETQYF,CASSVLREETQYF,1,1.4129033668542145e-05,False,0.0393723141237121,1.4129033668542145e-05,False
1,per_clone_denoised_subject.csv,CASSVLREETQYF,CASSVLREETQYF,2,2.436198663880377e-05,False,0.0950154815664069,2.436198663880377e-05,False
1,per_clone_denoised_subject.csv,CASSVLREETQYF,CASSVLREETQYF,3,1.1003521126760564e-05,False,0.464947705842439,1.1003521126760564e-05,False
1,per_clone_denoised_subject.csv,CASSVLREETQYF,CASSVLREETQYF,4,1.444597494842966e-05,False,0.0303703877020987,1.444597494842966e-05,False
1,per_clone_denoised_subject.csv,CASSVLREETQYF,CASSVLREETQYF,5,1.7065284908146605e-05,False,0.0250076042958422,1.7065284908146605e-05,False
1,per_clone_denoised_subject.csv,CASSYPISRDIHRTDTQYF,CASSYPISRDIHRTDTQYF,1,0.0001077194042809,True,0.0028638948033412,0.0001077194042809,True
1,per_clone_denoised_subject.csv,CASSYPISRDIHRTDTQYF,CASSYPISRDIHRTDTQYF,2,9.32685265141937e-05,True,0.0036469422931436,9.32685265141937e-05,True
1,per_clone_denoised_subject.csv,CASSYPISRDIHRTDTQYF,CASSYPISRDIHRTDTQYF,3,6.539744233104604e-05,True,0.0058354196401413,6.539744233104604e-05,True
1,per_clone_denoised_subject.csv,CASSYPISRDIHRTDTQYF,CASSYPISRDIHRTDTQYF,4,0.0001195132230721,True,0.0024349345250629,0.0001195132230721,True
1,per_clone_denoised_subject.csv,CASSYPISRDIHRTDTQYF,CASSYPISRDIHRTDTQYF,5,8.937481125436496e-05,True,0.0033521295927997,8.937481125436496e-05,True
1,per_clone_denoised_subject.csv,CASSYRGNTEAFF,CASSYRGNTEAFF,1,1.7304461523266082e-05,False,0.0289010037670511,1.7304461523266082e-05,False
1,per_clone_denoised_subject.csv,CASSYRGNTEAFF,CASSYRGNTEAFF,2,3.877543013170601e-05,True,0.0102841276897759,3.877543013170601e-05,True
1,per_clone_denoised_subject.csv,CASSYRGNTEAFF,CASSYRGNTEAFF,3,4.768192488262911e-05,False,0.0628497001177691,4.768192488262911e-05,False
1,per_clone_denoised_subject.csv,CASSYRGNTEAFF,CASSYRGNTEAFF,4,2.3590178307120804e-05,True,0.0174594632537027,2.3590178307120804e-05,True
1,per_clone_denoised_subject.csv,CASSYRGNTEAFF,CASSYRGNTEAFF,5,4.200295280758238e-06,False,0.8588408713353144,4.200295280758238e-06,False
1,per_clone_denoised_subject.csv,CASSYSRGTQYF,CASSYSRGTQYF,1,1.4968659369445223e-05,False,0.1918138780348939,1.4968659369445223e-05,False
1,per_clone_denoised_subject.csv,CASSYSRGTQYF,CASSYSRGTQYF,2,1.353443702155765e-05,False,0.214419304772378,1.353443702155765e-05,False
1,per_clone_denoised_subject.csv,CASSYSRGTQYF,CASSYSRGTQYF,3,2.9242224309792124e-05,False,0.0977311900917975,2.9242224309792124e-05,False
1,per_clone_denoised_subject.csv,CASSYSRGTQYF,CASSYSRGTQYF,4,1.4711060819692158e-05,False,0.0326898929159159,1.4711060819692158e-05,False
1,per_clone_denoised_subject.csv,CASSYSRGTQYF,CASSYSRGTQYF,5,1.861975234465937e-05,False,0.0204606253460929,1.861975234465937e-05,False
1,per_clone_denoised_subject.csv,CASTSGPNTDTQYF,CASTSGPNTDTQYF,1,1.111375371477218e-05,False,0.2480045547782275,1.111375371477218e-05,False
1,per_clone_denoised_subject.csv,CASTSGPNTDTQYF,CASTSGPNTDTQYF,2,1.3903651029798576e-05,False,0.0410787961034808,1.3903651029798576e-05,False
1,per_clone_denoised_subject.csv,CASTSGPNTDTQYF,CASTSGPNTDTQYF,3,1.677934753984747e-05,False,0.0397045633574331,1.677934753984747e-05,False
1,per_clone_denoised_subject.csv,CASTSGPNTDTQYF,CASTSGPNTDTQYF,4,1.9941372365246176e-05,False,0.1019771169189733,1.9941372365246176e-05,False
1,per_clone_denoised_subject.csv,CASTSGPNTDTQYF,CASTSGPNTDTQYF,5,9.12177847628123e-06,False,0.0528541457061076,9.12177847628123e-06,False
1,per_clone_denoised_subject.csv,CASTSIAGLYNEQFF,CASTSIAGLYNEQFF,1,4.445501485908872e-06,False,1.0,4.445501485908872e-06,False
1,per_clone_denoised_subject.csv,CASTSIAGLYNEQFF,CASTSIAGLYNEQFF,2,1.853820137306477e-05,False,0.0282988995219042,1.853820137306477e-05,False
1,per_clone_denoised_subject.csv,CASTSIAGLYNEQFF,CASTSIAGLYNEQFF,3,2.9342723004694835e-05,False,0.0954818783780621,2.9342723004694835e-05,False
1,per_clone_denoised_subject.csv,CASTSIAGLYNEQFF,CASTSIAGLYNEQFF,4,7.478014636967316e-06,False,0.5204723242627732,7.478014636967316e-06,False
1,per_clone_denoised_subject.csv,CASTSIAGLYNEQFF,CASTSIAGLYNEQFF,5,2.3111386980365225e-05,False,0.0997917592830903,2.3111386980365225e-05,False
1,per_clone_denoised_subject.csv,CASYGAGGNEQFF,CASYGAGGNEQFF,1,2.667300891545323e-05,False,0.0783546643580804,2.667300891545323e-05,False
1,per_clone_denoised_subject.csv,CASYGAGGNEQFF,CASYGAGGNEQFF,2,2.74183695895545e-05,True,0.0178385081541449,2.74183695895545e-05,True
1,per_clone_denoised_subject.csv,CASYGAGGNEQFF,CASYGAGGNEQFF,3,3.8051983502022734e-05,True,0.0127253016370684,3.8051983502022734e-05,True
1,per_clone_denoised_subject.csv,CASYGAGGNEQFF,CASYGAGGNEQFF,4,2.5021162575547368e-05,True,0.0161632232855237,2.5021162575547368e-05,True
1,per_clone_denoised_subject.csv,CASYGAGGNEQFF,CASYGAGGNEQFF,5,4.079383349731857e-05,True,0.0077431229868114,4.079383349731857e-05,True
1,per_clone_denoised_subject.csv,CATSNREGDNTDTQYF,CATSNREGDNTDTQYF,1,1.4968659369445223e-05,False,0.1918138780348939,1.4968659369445223e-05,False
1,per_clone_denoised_subject.csv,CATSNREGDNTDTQYF,CATSNREGDNTDTQYF,2,2.165509923449224e-05,False,0.1073476996030167,2.165509923449224e-05,False
1,per_clone_denoised_subject.csv,CATSNREGDNTDTQYF,CATSNREGDNTDTQYF,3,1.677934753984747e-05,False,0.0397045633574331,1.677934753984747e-05,False
1,per_clone_denoised_subject.csv,CATSNREGDNTDTQYF,CATSNREGDNTDTQYF,4,1.5726785538080538e-05,False,0.0296575337123782,1.5726785538080538e-05,False
1,per_clone_denoised_subject.csv,CATSNREGDNTDTQYF,CATSNREGDNTDTQYF,5,1.29001428341199e-05,False,0.0320363134373757,1.29001428341199e-05,False
1,per_clone_denoised_subject.csv,CATSRDLLLAGASREQYF,CATSRDLLLAGASREQYF,1,6.668252228863307e-06,False,0.6139310699829196,6.668252228863307e-06,False
1,per_clone_denoised_subject.csv,CATSRDLLLAGASREQYF,CATSRDLLLAGASREQYF,2,5.41377480862306e-06,False,0.949147148974005,5.41377480862306e-06,False
1,per_clone_denoised_subject.csv,CATSRDLLLAGASREQYF,CATSRDLLLAGASREQYF,3,7.335680751173709e-06,False,0.803868441782291,7.335680751173709e-06,False
1,per_clone_denoised_subject.csv,CATSRDLLLAGASREQYF,CATSRDLLLAGASREQYF,4,7.478014636967316e-06,False,0.5204723242627732,7.478014636967316e-06,False
1,per_clone_denoised_subject.csv,CATSRDLLLAGASREQYF,CATSRDLLLAGASREQYF,5,2.3111386980365225e-05,False,0.0997917592830903,2.3111386980365225e-05,False
1,per_clone_denoised_subject.csv,CATTSPGLSYEQYF,CATTSPGLSYEQYF,1,3.237368314133699e-05,True,0.0116614801469383,3.237368314133699e-05,True
1,per_clone_denoised_subject.csv,CATTSPGLSYEQYF,CATTSPGLSYEQYF,2,2.8942757617173975e-05,True,0.0143397521389519,2.8942757617173975e-05,True
1,per_clone_denoised_subject.csv,CATTSPGLSYEQYF,CATTSPGLSYEQYF,3,2.929243055745603e-05,True,0.0156001154293112,2.929243055745603e-05,True
1,per_clone_denoised_subject.csv,CATTSPGLSYEQYF,CATTSPGLSYEQYF,4,1.4175932913943724e-05,False,0.0252462621961206,1.4175932913943724e-05,False
1,per_clone_denoised_subject.csv,CATTSPGLSYEQYF,CATTSPGLSYEQYF,5,3.60088872833904e-05,True,0.0092140667774164,3.60088872833904e-05,True
1,per_clone_denoised_subject.csv,CAVATDTQYF,CAVATDTQYF,1,4.411789348967463e-05,True,0.0072205713750906,4.411789348967463e-05,True
1,per_clone_denoised_subject.csv,CAVATDTQYF,CAVATDTQYF,2,2.173796796975083e-05,False,0.0241387647503841,2.173796796975083e-05,False
1,per_clone_denoised_subject.csv,CAVATDTQYF,CAVATDTQYF,3,2.428800033915568e-05,False,0.0225227543929432,2.428800033915568e-05,False
1,per_clone_denoised_subject.csv,CAVATDTQYF,CAVATDTQYF,4,1.1795089153560402e-05,False,0.0436026423953141,1.1795089153560402e-05,False
1,per_clone_denoised_subject.csv,CAVATDTQYF,CAVATDTQYF,5,1.650813355740373e-05,False,0.1524821201556735,1.650813355740373e-05,False
1,per_clone_denoised_subject.csv,CAWSGPTLLSHNEQFF,CAWSGPTLLSHNEQFF,1,1.7304461523266082e-05,False,0.0247798653844654,1.7304461523266082e-05,False
1,per_clone_denoised_subject.csv,CAWSGPTLLSHNEQFF,CAWSGPTLLSHNEQFF,2,2.8942757617173975e-05,True,0.016210018952245,2.8942757617173975e-05,True
1,per_clone_denoised_subject.csv,CAWSGPTLLSHNEQFF,CAWSGPTLLSHNEQFF,3,2.0055156225590373e-05,False,0.0330190224385221,2.0055156225590373e-05,False
1,per_clone_denoised_subject.csv,CAWSGPTLLSHNEQFF,CAWSGPTLLSHNEQFF,4,1.8604420410289484e-05,False,0.1227138366987217,1.8604420410289484e-05,False
1,per_clone_denoised_subject.csv,CAWSGPTLLSHNEQFF,CAWSGPTLLSHNEQFF,5,8.400590561516475e-06,False,0.329920369373796,8.400590561516475e-06,False
1,per_clone_denoised_subject.csv,CSADEPQGYEQYF,CSADEPQGYEQYF,1,1.289798409335084e-05,False,0.0394783843016136,1.289798409335084e-05,False
1,per_clone_denoised_subject.csv,CSADEPQGYEQYF,CSADEPQGYEQYF,2,1.9837412566604113e-05,False,0.1439731080901908,1.9837412566604113e-05,False
1,per_clone_denoised_subject.csv,CSADEPQGYEQYF,CSADEPQGYEQYF,3,7.323107639364008e-06,False,0.0937644774093919,7.323107639364008e-06,False
1,per_clone_denoised_subject.csv,CSADEPQGYEQYF,CSADEPQGYEQYF,4,1.7448700819590406e-05,False,0.1202648634736423,1.7448700819590406e-05,False
1,per_clone_denoised_subject.csv,CSADEPQGYEQYF,CSADEPQGYEQYF,5,1.980976026888448e-05,False,0.1184164346381525,1.980976026888448e-05,False
1,per_clone_denoised_subject.csv,CSAFIAGAFSSSNNEQFF,CSAFIAGAFSSSNNEQFF,1,1.6314802783844185e-05,False,0.0315730363368352,1.6314802783844185e-05,False
1,per_clone_denoised_subject.csv,CSAFIAGAFSSSNNEQFF,CSAFIAGAFSSSNNEQFF,2,2.293985382831776e-05,False,0.0229938307712705,2.293985382831776e-05,False
1,per_clone_denoised_subject.csv,CSAFIAGAFSSSNNEQFF,CSAFIAGAFSSSNNEQFF,3,3.192068615265841e-05,True,0.0131355436486581,3.192068615265841e-05,True
1,per_clone_denoised_subject.csv,CSAFIAGAFSSSNNEQFF,CSAFIAGAFSSSNNEQFF,4,2.439553450350852e-05,True,0.016679535475015,2.439553450350852e-05,True
1,per_clone_denoised_subject.csv,CSAFIAGAFSSSNNEQFF,CSAFIAGAFSSSNNEQFF,5,5.2826027383691945e-05,False,0.0537042669848772,5.2826027383691945e-05,False
1,per_clone_denoised_subject.csv,CSAILRGETQYF,CSAILRGETQYF,1,1.498610327795879e-05,False,0.0281912694884453,1.498610327795879e-05,False
1,per_clone_denoised_subject.csv,CSAILRGETQYF,CSAILRGETQYF,2,1.269223883450102e-05,False,0.0517934439270923,1.269223883450102e-05,False
1,per_clone_denoised_subject.csv,CSAILRGETQYF,CSAILRGETQYF,3,1.03564381423066e-05,False,0.0681407301683864,1.03564381423066e-05,False
1,per_clone_denoised_subject.csv,CSAILRGETQYF,CSAILRGETQYF,4,1.0767393995315914e-05,False,0.0495893680245209,1.0767393995315914e-05,False
1,per_clone_denoised_subject.csv,CSAILRGETQYF,CSAILRGETQYF,5,6.45007141705995e-06,False,0.0713867895832846,6.45007141705995e-06,False
1,per_clone_denoised_subject.csv,CSASSRLGEQFF,CSASSRLGEQFF,1,6.36168023201422e-05,False,0.0427681196721183,6.36168023201422e-05,False
1,per_clone_denoised_subject.csv,CSASSRLGEQFF,CSASSRLGEQFF,2,1.9662731852843795e-05,False,0.0284611244998713,1.9662731852843795e-05,False
1,per_clone_denoised_subject.csv,CSASSRLGEQFF,CSASSRLGEQFF,3,2.005515622559037e-05,False,0.0331438108831122,2.005515622559037e-05,False
1,per_clone_denoised_subject.csv,CSASSRLGEQFF,CSASSRLGEQFF,4,3.404948948961867e-05,True,0.0100704274784154,3.404948948961867e-05,True
1,per_clone_denoised_subject.csv,CSASSRLGEQFF,CSASSRLGEQFF,5,1.5578402490740622e-05,False,0.0291864573340508,1.5578402490740622e-05,False
1,per_clone_denoised_subject.csv,CSATRGQENGYTF,CSATRGQENGYTF,1,1.3216500798469609e-05,False,0.0417620128376112,1.3216500798469609e-05,False
1,per_clone_denoised_subject.csv,CSATRGQENGYTF,CSATRGQENGYTF,2,2.2704567056485587e-05,True,0.0190380370777666,2.2704567056485587e-05,True
1,per_clone_denoised_subject.csv,CSATRGQENGYTF,CSATRGQENGYTF,3,1.4181136964870555e-05,False,0.0504285703143888,1.4181136964870555e-05,False
1,per_clone_denoised_subject.csv,CSATRGQENGYTF,CSATRGQENGYTF,4,1.9261299931239547e-05,False,0.0239157054056794,1.9261299931239547e-05,False
1,per_clone_denoised_subject.csv,CSATRGQENGYTF,CSATRGQENGYTF,5,2.6413013691845972e-05,False,0.0885062043254794,2.6413013691845972e-05,False
1,per_clone_denoised_subject.csv,CSAWDQQRETQYF,CSAWDQQRETQYF,1,1.4129033668542145e-05,False,0.0357331711083553,1.4129033668542145e-05,False
1,per_clone_denoised_subject.csv,CSAWDQQRETQYF,CSAWDQQRETQYF,2,1.7340899526257653e-05,False,0.0348627717073399,1.7340899526257653e-05,False
1,per_clone_denoised_subject.csv,CSAWDQQRETQYF,CSAWDQQRETQYF,3,1.03564381423066e-05,False,0.0681407301683864,1.03564381423066e-05,False
1,per_clone_denoised_subject.csv,CSAWDQQRETQYF,CSAWDQQRETQYF,4,1.2433115643332803e-05,False,0.0427572006832167,1.2433115643332803e-05,False
1,per_clone_denoised_subject.csv,CSAWDQQRETQYF,CSAWDQQRETQYF,5,7.899691888153653e-06,False,0.0617312836831309,7.899691888153653e-06,False
1,per_clone_denoised_subject.csv,CSGTKGIGNTIYF,CSGTKGIGNTIYF,1,3.367948358125176e-05,False,0.0727703814626765,3.367948358125176e-05,False
1,per_clone_denoised_subject.csv,CSGTKGIGNTIYF,CSGTKGIGNTIYF,2,1.6054553329545648e-05,False,0.0364241871202726,1.6054553329545648e-05,False
1,per_clone_denoised_subject.csv,CSGTKGIGNTIYF,CSGTKGIGNTIYF,3,1.4671361502347416e-05,False,0.2699174056482369,1.4671361502347416e-05,False
1,per_clone_denoised_subject.csv,CSGTKGIGNTIYF,CSGTKGIGNTIYF,4,1.2433115643332808e-05,False,0.0438818565400843,1.2433115643332808e-05,False
1,per_clone_denoised_subject.csv,CSGTKGIGNTIYF,CSGTKGIGNTIYF,5,3.761005615119323e-05,True,0.0086415997878596,3.761005615119323e-05,True
1,per_clone_denoised_subject.csv,CSTAGSQSSYNEQFF,CSTAGSQSSYNEQFF,1,0.0001600597732896,True,0.0017907141798669,0.0001600597732896,True
1,per_clone_denoised_subject.csv,CSTAGSQSSYNEQFF,CSTAGSQSSYNEQFF,2,0.0001865370530283,True,0.0016971228464244,0.0001865370530283,True
1,per_clone_denoised_subject.csv,CSTAGSQSSYNEQFF,CSTAGSQSSYNEQFF,3,0.0002268981914379,True,0.0015411372906868,0.0002268981914379,True
1,per_clone_denoised_subject.csv,CSTAGSQSSYNEQFF,CSTAGSQSSYNEQFF,4,0.0002086393871528,True,0.0013399159237854,0.0002086393871528,True
1,per_clone_denoised_subject.csv,CSTAGSQSSYNEQFF,CSTAGSQSSYNEQFF,5,0.0001500017233625,True,0.0019030237799979,0.0001500017233625,True
1,per_clone_denoised_subject.csv,CSVADYEQYF,CSVADYEQYF,1,1.869095467631056e-05,False,0.0250871569292683,1.869095467631056e-05,False
1,per_clone_denoised_subject.csv,CSVADYEQYF,CSVADYEQYF,2,9.269100686532385e-06,False,0.0696397513590241,9.269100686532385e-06,False
1,per_clone_denoised_subject.csv,CSVADYEQYF,CSVADYEQYF,3,1.793787704791927e-05,False,0.0384597986226475,1.793787704791927e-05,False
1,per_clone_denoised_subject.csv,CSVADYEQYF,CSVADYEQYF,4,1.4956029273934632e-05,False,0.1475170999165477,1.4956029273934632e-05,False
1,per_clone_denoised_subject.csv,CSVADYEQYF,CSVADYEQYF,5,8.400590561516475e-06,False,0.329920369373796,8.400590561516475e-06,False
1,per_clone_denoised_subject.csv,CSVAEVAYQETQYF,CSVAEVAYQETQYF,1,2.0393503479805234e-05,False,0.0230546651380082,2.0393503479805234e-05,False
1,per_clone_denoised_subject.csv,CSVAEVAYQETQYF,CSVAEVAYQETQYF,2,3.707640274612953e-05,True,0.0113183119243158,3.707640274612953e-05,True
1,per_clone_denoised_subject.csv,CSVAEVAYQETQYF,CSVAEVAYQETQYF,3,4.011031245118074e-05,True,0.0104338738232839,4.011031245118074e-05,True
1,per_clone_denoised_subject.csv,CSVAEVAYQETQYF,CSVAEVAYQETQYF,4,3.1206872592156164e-05,True,0.0112621571242502,3.1206872592156164e-05,True
1,per_clone_denoised_subject.csv,CSVAEVAYQETQYF,CSVAEVAYQETQYF,5,2.4133957362861825e-05,True,0.0157685798295077,2.4133957362861825e-05,True
1,per_clone_denoised_subject.csv,CSVDAESTDTQYF,CSVDAESTDTQYF,1,3.869395228005251e-05,True,0.008718032710171,3.869395228005251e-05,True
1,per_clone_denoised_subject.csv,CSVDAESTDTQYF,CSVDAESTDTQYF,2,1.7949536296629827e-05,False,0.0306667602580001,1.7949536296629827e-05,False
1,per_clone_denoised_subject.csv,CSVDAESTDTQYF,CSVDAESTDTQYF,3,1.937512163791444e-05,False,0.034003291295226,1.937512163791444e-05,False
1,per_clone_denoised_subject.csv,CSVDAESTDTQYF,CSVDAESTDTQYF,4,1.2740152386471338e-05,False,0.0403331851470553,1.2740152386471338e-05,False
1,per_clone_denoised_subject.csv,CSVDAESTDTQYF,CSVDAESTDTQYF,5,2.234370281359124e-05,True,0.0157826185295241,2.234370281359124e-05,True
1,per_clone_denoised_subject.csv,CSVSTSGASEQYF,CSVSTSGASEQYF,1,3.119606165821477e-05,True,0.0123134997699213,3.119606165821477e-05,True
1,per_clone_denoised_subject.csv,CSVSTSGASEQYF,CSVSTSGASEQYF,2,1.624132442586918e-05,False,0.1559309607930305,1.624132442586918e-05,False
1,per_clone_denoised_subject.csv,CSVSTSGASEQYF,CSVSTSGASEQYF,3,1.793787704791927e-05,False,0.0384597986226475,1.793787704791927e-05,False
1,per_clone_denoised_subject.csv,CSVSTSGASEQYF,CSVSTSGASEQYF,4,2.480589388038598e-05,False,0.0879680541581849,2.480589388038598e-05,False
1,per_clone_denoised_subject.csv,CSVSTSGASEQYF,CSVSTSGASEQYF,5,1.4701033482653833e-05,False,0.1406209784973911,1.4701033482653833e-05,False
1,per_clone_denoised_subject.csv,CSVWVAGVAQYF,CSVWVAGVAQYF,1,2.233996376489885e-05,False,0.0201502140901752,2.233996376489885e-05,False
1,per_clone_denoised_subject.csv,CSVWVAGVAQYF,CSVWVAGVAQYF,2,2.538447766900204e-05,True,0.0198507218231591,2.538447766900204e-05,True
1,per_clone_denoised_subject.csv,CSVWVAGVAQYF,CSVWVAGVAQYF,3,1.03564381423066e-05,False,0.0681407301683864,1.03564381423066e-05,False
1,per_clone_denoised_subject.csv,CSVWVAGVAQYF,CSVWVAGVAQYF,4,1.3039961697050172e-05,False,0.0300677757239679,1.3039961697050172e-05,False
1,per_clone_denoised_subject.csv,CSVWVAGVAQYF,CSVWVAGVAQYF,5,2.58002856682398e-05,True,0.0123571757255278,2.58002856682398e-05,True
