source_file,aaSeqCDR3_norm,time,observable_norm
per_clone_denoised_subject.csv,CAISESNSYGYTF,1,False
per_clone_denoised_subject.csv,CAISESNSYGYTF,2,False
per_clone_denoised_subject.csv,CAISESNSYGYTF,3,False
per_clone_denoised_subject.csv,CAISESNSYGYTF,4,False
per_clone_denoised_subject.csv,CAISESNSYGYTF,5,False
per_clone_denoised_subject.csv,CASGPWDRVNFFSPLHF,1,True
per_clone_denoised_subject.csv,CASGPWDRVNFFSPLHF,2,True
per_clone_denoised_subject.csv,CASGPWDRVNFFSPLHF,3,True
per_clone_denoised_subject.csv,CASGPWDRVNFFSPLHF,4,True
per_clone_denoised_subject.csv,CASGPWDRVNFFSPLHF,5,True
per_clone_denoised_subject.csv,CASGTADFWQYF,1,True
per_clone_denoised_subject.csv,CASGTADFWQYF,2,True
per_clone_denoised_subject.csv,CASGTADFWQYF,3,True
per_clone_denoised_subject.csv,CASGTADFWQYF,4,True
per_clone_denoised_subject.csv,CASGTADFWQYF,5,True
per_clone_denoised_subject.csv,CASMEDGRSTDTQYF,1,False
per_clone_denoised_subject.csv,CASMEDGRSTDTQYF,2,False
per_clone_denoised_subject.csv,CASMEDGRSTDTQYF,3,True
per_clone_denoised_subject.csv,CASMEDGRSTDTQYF,4,False
per_clone_denoised_subject.csv,CASMEDGRSTDTQYF,5,False
per_clone_denoised_subject.csv,CASNRDTGYGYTF,1,False
per_clone_denoised_subject.csv,CASNRDTGYGYTF,2,False
per_clone_denoised_subject.csv,CASNRDTGYGYTF,3,True
per_clone_denoised_subject.csv,CASNRDTGYGYTF,4,False
per_clone_denoised_subject.csv,CASNRDTGYGYTF,5,True
per_clone_denoised_subject.csv,CASRPFSGKETQYF,1,True
per_clone_denoised_subject.csv,CASRPFSGKETQYF,2,True
per_clone_denoised_subject.csv,CASRPFSGKETQYF,3,True
per_clone_denoised_subject.csv,CASRPFSGKETQYF,4,True
per_clone_denoised_subject.csv,CASRPFSGKETQYF,5,False
per_clone_denoised_subject.csv,CASRRGQGPSYEQYF,1,False
per_clone_denoised_subject.csv,CASRRGQGPSYEQYF,2,True
per_clone_denoised_subject.csv,CASRRGQGPSYEQYF,3,True
per_clone_denoised_subject.csv,CASRRGQGPSYEQYF,4,False
per_clone_denoised_subject.csv,CASRRGQGPSYEQYF,5,True
per_clone_denoised_subject.csv,CASRVGEIPTDTQYF,1,False
per_clone_denoised_subject.csv,CASRVGEIPTDTQYF,2,False
per_clone_denoised_subject.csv,CASRVGEIPTDTQYF,3,False
per_clone_denoised_subject.csv,CASRVGEIPTDTQYF,4,False
per_clone_denoised_subject.csv,CASRVGEIPTDTQYF,5,False
per_clone_denoised_subject.csv,CASSAAGNEQFF,1,False
per_clone_denoised_subject.csv,CASSAAGNEQFF,2,False
per_clone_denoised_subject.csv,CASSAAGNEQFF,3,False
per_clone_denoised_subject.csv,CASSAAGNEQFF,4,False
per_clone_denoised_subject.csv,CASSAAGNEQFF,5,False
per_clone_denoised_subject.csv,CASSAGADTQYF,1,True
per_clone_denoised_subject.csv,CASSAGADTQYF,2,False
per_clone_denoised_subject.csv,CASSAGADTQYF,3,False
per_clone_denoised_subject.csv,CASSAGADTQYF,4,False
per_clone_denoised_subject.csv,CASSAGADTQYF,5,False
per_clone_denoised_subject.csv,CASSARARDRAGYGYTF,1,False
per_clone_denoised_subject.csv,CASSARARDRAGYGYTF,2,False
per_clone_denoised_subject.csv,CASSARARDRAGYGYTF,3,False
per_clone_denoised_subject.csv,CASSARARDRAGYGYTF,4,False
per_clone_denoised_subject.csv,CASSARARDRAGYGYTF,5,False
per_clone_denoised_subject.csv,CASSDRVTYEQYF,1,False
per_clone_denoised_subject.csv,CASSDRVTYEQYF,2,False
per_clone_denoised_subject.csv,CASSDRVTYEQYF,3,False
per_clone_denoised_subject.csv,CASSDRVTYEQYF,4,False
per_clone_denoised_subject.csv,CASSDRVTYEQYF,5,False
per_clone_denoised_subject.csv,CASSEARVFPHEQFF,1,True
per_clone_denoised_subject.csv,CASSEARVFPHEQFF,2,True
per_clone_denoised_subject.csv,CASSEARVFPHEQFF,3,True
per_clone_denoised_subject.csv,CASSEARVFPHEQFF,4,True
per_clone_denoised_subject.csv,CASSEARVFPHEQFF,5,True
per_clone_denoised_subject.csv,CASSEAWPSSPNQPQHF,1,True
per_clone_denoised_subject.csv,CASSEAWPSSPNQPQHF,2,True
per_clone_denoised_subject.csv,CASSEAWPSSPNQPQHF,3,True
per_clone_denoised_subject.csv,CASSEAWPSSPNQPQHF,4,True
per_clone_denoised_subject.csv,CASSEAWPSSPNQPQHF,5,True
per_clone_denoised_subject.csv,CASSFAGSSYNEQFF,1,False
per_clone_denoised_subject.csv,CASSFAGSSYNEQFF,2,False
per_clone_denoised_subject.csv,CASSFAGSSYNEQFF,3,False
per_clone_denoised_subject.csv,CASSFAGSSYNEQFF,4,False
per_clone_denoised_subject.csv,CASSFAGSSYNEQFF,5,False
per_clone_denoised_subject.csv,CASSFFAGGKNEQFF,1,True
per_clone_denoised_subject.csv,CASSFFAGGKNEQFF,2,True
per_clone_denoised_subject.csv,CASSFFAGGKNEQFF,3,True
per_clone_denoised_subject.csv,CASSFFAGGKNEQFF,4,True
per_clone_denoised_subject.csv,CASSFFAGGKNEQFF,5,True
per_clone_denoised_subject.csv,CASSFSGSNQPQHF,1,False
per_clone_denoised_subject.csv,CASSFSGSNQPQHF,2,False
per_clone_denoised_subject.csv,CASSFSGSNQPQHF,3,False
per_clone_denoised_subject.csv,CASSFSGSNQPQHF,4,False
per_clone_denoised_subject.csv,CASSFSGSNQPQHF,5,False
per_clone_denoised_subject.csv,CASSFSSYNEQFF,1,True
per_clone_denoised_subject.csv,CASSFSSYNEQFF,2,False
per_clone_denoised_subject.csv,CASSFSSYNEQFF,3,False
per_clone_denoised_subject.csv,CASSFSSYNEQFF,4,False
per_clone_denoised_subject.csv,CASSFSSYNEQFF,5,False
per_clone_denoised_subject.csv,CASSFSTCSANYGYTF,1,False
per_clone_denoised_subject.csv,CASSFSTCSANYGYTF,2,False
per_clone_denoised_subject.csv,CASSFSTCSANYGYTF,3,True
per_clone_denoised_subject.csv,CASSFSTCSANYGYTF,4,True
per_clone_denoised_subject.csv,CASSFSTCSANYGYTF,5,True
per_clone_denoised_subject.csv,CASSGDLPLNEQFF,1,False
per_clone_denoised_subject.csv,CASSGDLPLNEQFF,2,False
per_clone_denoised_subject.csv,CASSGDLPLNEQFF,3,False
per_clone_denoised_subject.csv,CASSGDLPLNEQFF,4,False
per_clone_denoised_subject.csv,CASSGDLPLNEQFF,5,False
per_clone_denoised_subject.csv,CASSIAGGTYEQYF,1,True
per_clone_denoised_subject.csv,CASSIAGGTYEQYF,2,True
per_clone_denoised_subject.csv,CASSIAGGTYEQYF,3,True
per_clone_denoised_subject.csv,CASSIAGGTYEQYF,4,True
per_clone_denoised_subject.csv,CASSIAGGTYEQYF,5,True
per_clone_denoised_subject.csv,CASSLASTDTQYF,1,True
per_clone_denoised_subject.csv,CASSLASTDTQYF,2,True
per_clone_denoised_subject.csv,CASSLASTDTQYF,3,False
per_clone_denoised_subject.csv,CASSLASTDTQYF,4,False
per_clone_denoised_subject.csv,CASSLASTDTQYF,5,False
per_clone_denoised_subject.csv,CASSLDPILLNSEQYF,1,False
per_clone_denoised_subject.csv,CASSLDPILLNSEQYF,2,False
per_clone_denoised_subject.csv,CASSLDPILLNSEQYF,3,False
per_clone_denoised_subject.csv,CASSLDPILLNSEQYF,4,False
per_clone_denoised_subject.csv,CASSLDPILLNSEQYF,5,False
per_clone_denoised_subject.csv,CASSLDPNTEAFF,1,False
per_clone_denoised_subject.csv,CASSLDPNTEAFF,2,True
per_clone_denoised_subject.csv,CASSLDPNTEAFF,3,True
per_clone_denoised_subject.csv,CASSLDPNTEAFF,4,True
per_clone_denoised_subject.csv,CASSLDPNTEAFF,5,False
per_clone_denoised_subject.csv,CASSLEGVGEPQHF,1,False
per_clone_denoised_subject.csv,CASSLEGVGEPQHF,2,False
per_clone_denoised_subject.csv,CASSLEGVGEPQHF,3,False
per_clone_denoised_subject.csv,CASSLEGVGEPQHF,4,False
per_clone_denoised_subject.csv,CASSLEGVGEPQHF,5,True
per_clone_denoised_subject.csv,CASSLFLDRETQYF,1,False
per_clone_denoised_subject.csv,CASSLFLDRETQYF,2,False
per_clone_denoised_subject.csv,CASSLFLDRETQYF,3,False
per_clone_denoised_subject.csv,CASSLFLDRETQYF,4,False
per_clone_denoised_subject.csv,CASSLFLDRETQYF,5,False
per_clone_denoised_subject.csv,CASSLGGARTDTQYF,1,True
per_clone_denoised_subject.csv,CASSLGGARTDTQYF,2,True
per_clone_denoised_subject.csv,CASSLGGARTDTQYF,3,True
per_clone_denoised_subject.csv,CASSLGGARTDTQYF,4,True
per_clone_denoised_subject.csv,CASSLGGARTDTQYF,5,True
per_clone_denoised_subject.csv,CASSLGGQGLHNEQFF,1,False
per_clone_denoised_subject.csv,CASSLGGQGLHNEQFF,2,False
per_clone_denoised_subject.csv,CASSLGGQGLHNEQFF,3,False
per_clone_denoised_subject.csv,CASSLGGQGLHNEQFF,4,False
per_clone_denoised_subject.csv,CASSLGGQGLHNEQFF,5,False
per_clone_denoised_subject.csv,CASSLGLLGTGKGYNEQFF,1,False
per_clone_denoised_subject.csv,CASSLGLLGTGKGYNEQFF,2,False
per_clone_denoised_subject.csv,CASSLGLLGTGKGYNEQFF,3,False
per_clone_denoised_subject.csv,CASSLGLLGTGKGYNEQFF,4,False
per_clone_denoised_subject.csv,CASSLGLLGTGKGYNEQFF,5,False
per_clone_denoised_subject.csv,CASSLGQETQYF,1,True
per_clone_denoised_subject.csv,CASSLGQETQYF,2,True
per_clone_denoised_subject.csv,CASSLGQETQYF,3,True
per_clone_denoised_subject.csv,CASSLGQETQYF,4,True
per_clone_denoised_subject.csv,CASSLGQETQYF,5,True
per_clone_denoised_subject.csv,CASSLGTAQETQYF,1,False
per_clone_denoised_subject.csv,CASSLGTAQETQYF,2,False
per_clone_denoised_subject.csv,CASSLGTAQETQYF,3,False
per_clone_denoised_subject.csv,CASSLGTAQETQYF,4,False
per_clone_denoised_subject.csv,CASSLGTAQETQYF,5,False
per_clone_denoised_subject.csv,CASSLIGEPQHF,1,False
per_clone_denoised_subject.csv,CASSLIGEPQHF,2,False
per_clone_denoised_subject.csv,CASSLIGEPQHF,3,False
per_clone_denoised_subject.csv,CASSLIGEPQHF,4,False
per_clone_denoised_subject.csv,CASSLIGEPQHF,5,False
per_clone_denoised_subject.csv,CASSLNSGSGSPLHF,1,False
per_clone_denoised_subject.csv,CASSLNSGSGSPLHF,2,False
per_clone_denoised_subject.csv,CASSLNSGSGSPLHF,3,False
per_clone_denoised_subject.csv,CASSLNSGSGSPLHF,4,True
per_clone_denoised_subject.csv,CASSLNSGSGSPLHF,5,False
per_clone_denoised_subject.csv,CASSLPGRVAFF,1,False
per_clone_denoised_subject.csv,CASSLPGRVAFF,2,False
per_clone_denoised_subject.csv,CASSLPGRVAFF,3,False
per_clone_denoised_subject.csv,CASSLPGRVAFF,4,False
per_clone_denoised_subject.csv,CASSLPGRVAFF,5,False
per_clone_denoised_subject.csv,CASSLQGFSNQPQHF,1,False
per_clone_denoised_subject.csv,CASSLQGFSNQPQHF,2,False
per_clone_denoised_subject.csv,CASSLQGFSNQPQHF,3,False
per_clone_denoised_subject.csv,CASSLQGFSNQPQHF,4,False
per_clone_denoised_subject.csv,CASSLQGFSNQPQHF,5,False
per_clone_denoised_subject.csv,CASSLQGPQPQHF,1,True
per_clone_denoised_subject.csv,CASSLQGPQPQHF,2,True
per_clone_denoised_subject.csv,CASSLQGPQPQHF,3,True
per_clone_denoised_subject.csv,CASSLQGPQPQHF,4,True
per_clone_denoised_subject.csv,CASSLQGPQPQHF,5,True
per_clone_denoised_subject.csv,CASSLQVSSSYNEQFF,1,False
per_clone_denoised_subject.csv,CASSLQVSSSYNEQFF,2,False
per_clone_denoised_subject.csv,CASSLQVSSSYNEQFF,3,False
per_clone_denoised_subject.csv,CASSLQVSSSYNEQFF,4,False
per_clone_denoised_subject.csv,CASSLQVSSSYNEQFF,5,False
per_clone_denoised_subject.csv,CASSLRDRPQETQYF,1,True
per_clone_denoised_subject.csv,CASSLRDRPQETQYF,2,True
per_clone_denoised_subject.csv,CASSLRDRPQETQYF,3,True
per_clone_denoised_subject.csv,CASSLRDRPQETQYF,4,True
per_clone_denoised_subject.csv,CASSLRDRPQETQYF,5,True
per_clone_denoised_subject.csv,CASSLVENTEAFF,1,False
per_clone_denoised_subject.csv,CASSLVENTEAFF,2,False
per_clone_denoised_subject.csv,CASSLVENTEAFF,3,False
per_clone_denoised_subject.csv,CASSLVENTEAFF,4,False
per_clone_denoised_subject.csv,CASSLVENTEAFF,5,False
per_clone_denoised_subject.csv,CASSLVGGNTEAFF,1,False
per_clone_denoised_subject.csv,CASSLVGGNTEAFF,2,False
per_clone_denoised_subject.csv,CASSLVGGNTEAFF,3,False
per_clone_denoised_subject.csv,CASSLVGGNTEAFF,4,False
per_clone_denoised_subject.csv,CASSLVGGNTEAFF,5,False
per_clone_denoised_subject.csv,CASSLVWRTGLFSGANVLTF,1,False
per_clone_denoised_subject.csv,CASSLVWRTGLFSGANVLTF,2,True
per_clone_denoised_subject.csv,CASSLVWRTGLFSGANVLTF,3,False
per_clone_denoised_subject.csv,CASSLVWRTGLFSGANVLTF,4,True
per_clone_denoised_subject.csv,CASSLVWRTGLFSGANVLTF,5,False
per_clone_denoised_subject.csv,CASSMGPLEHNEQFF,1,False
per_clone_denoised_subject.csv,CASSMGPLEHNEQFF,2,False
per_clone_denoised_subject.csv,CASSMGPLEHNEQFF,3,False
per_clone_denoised_subject.csv,CASSMGPLEHNEQFF,4,False
per_clone_denoised_subject.csv,CASSMGPLEHNEQFF,5,False
per_clone_denoised_subject.csv,CASSPDLTGEQFF,1,False
per_clone_denoised_subject.csv,CASSPDLTGEQFF,2,True
per_clone_denoised_subject.csv,CASSPDLTGEQFF,3,False
per_clone_denoised_subject.csv,CASSPDLTGEQFF,4,False
per_clone_denoised_subject.csv,CASSPDLTGEQFF,5,True
per_clone_denoised_subject.csv,CASSPGHRQETQYF,1,False
per_clone_denoised_subject.csv,CASSPGHRQETQYF,2,False
per_clone_denoised_subject.csv,CASSPGHRQETQYF,3,False
per_clone_denoised_subject.csv,CASSPGHRQETQYF,4,False
per_clone_denoised_subject.csv,CASSPGHRQETQYF,5,True
per_clone_denoised_subject.csv,CASSPGLAGGEDTQYF,1,True
per_clone_denoised_subject.csv,CASSPGLAGGEDTQYF,2,False
per_clone_denoised_subject.csv,CASSPGLAGGEDTQYF,3,True
per_clone_denoised_subject.csv,CASSPGLAGGEDTQYF,4,False
per_clone_denoised_subject.csv,CASSPGLAGGEDTQYF,5,True
per_clone_denoised_subject.csv,CASSPGTSGEWVEQFF,1,True
per_clone_denoised_subject.csv,CASSPGTSGEWVEQFF,2,True
per_clone_denoised_subject.csv,CASSPGTSGEWVEQFF,3,True
per_clone_denoised_subject.csv,CASSPGTSGEWVEQFF,4,True
per_clone_denoised_subject.csv,CASSPGTSGEWVEQFF,5,True
per_clone_denoised_subject.csv,CASSPHKGQGNQPQHF,1,False
per_clone_denoised_subject.csv,CASSPHKGQGNQPQHF,2,False
per_clone_denoised_subject.csv,CASSPHKGQGNQPQHF,3,False
per_clone_denoised_subject.csv,CASSPHKGQGNQPQHF,4,False
per_clone_denoised_subject.csv,CASSPHKGQGNQPQHF,5,False
per_clone_denoised_subject.csv,CASSPNHGQSNTEAFF,1,False
per_clone_denoised_subject.csv,CASSPNHGQSNTEAFF,2,False
per_clone_denoised_subject.csv,CASSPNHGQSNTEAFF,3,False
per_clone_denoised_subject.csv,CASSPNHGQSNTEAFF,4,False
per_clone_denoised_subject.csv,CASSPNHGQSNTEAFF,5,False
per_clone_denoised_subject.csv,CASSPPANYGYTF,1,False
per_clone_denoised_subject.csv,CASSPPANYGYTF,2,False
per_clone_denoised_subject.csv,CASSPPANYGYTF,3,False
per_clone_denoised_subject.csv,CASSPPANYGYTF,4,False
per_clone_denoised_subject.csv,CASSPPANYGYTF,5,False
per_clone_denoised_subject.csv,CASSPQENTEAFF,1,False
per_clone_denoised_subject.csv,CASSPQENTEAFF,2,False
per_clone_denoised_subject.csv,CASSPQENTEAFF,3,False
per_clone_denoised_subject.csv,CASSPQENTEAFF,4,False
per_clone_denoised_subject.csv,CASSPQENTEAFF,5,False
per_clone_denoised_subject.csv,CASSPRDEQFF,1,True
per_clone_denoised_subject.csv,CASSPRDEQFF,2,False
per_clone_denoised_subject.csv,CASSPRDEQFF,3,False
per_clone_denoised_subject.csv,CASSPRDEQFF,4,False
per_clone_denoised_subject.csv,CASSPRDEQFF,5,False
per_clone_denoised_subject.csv,CASSPTGGIADNEQFF,1,False
per_clone_denoised_subject.csv,CASSPTGGIADNEQFF,2,False
per_clone_denoised_subject.csv,CASSPTGGIADNEQFF,3,False
per_clone_denoised_subject.csv,CASSPTGGIADNEQFF,4,False
per_clone_denoised_subject.csv,CASSPTGGIADNEQFF,5,True
per_clone_denoised_subject.csv,CASSPVSGTTSSYNEQFF,1,True
per_clone_denoised_subject.csv,CASSPVSGTTSSYNEQFF,2,True
per_clone_denoised_subject.csv,CASSPVSGTTSSYNEQFF,3,True
per_clone_denoised_subject.csv,CASSPVSGTTSSYNEQFF,4,True
per_clone_denoised_subject.csv,CASSPVSGTTSSYNEQFF,5,True
per_clone_denoised_subject.csv,CASSQDGLPSVTDTQYF,1,True
per_clone_denoised_subject.csv,CASSQDGLPSVTDTQYF,2,False
per_clone_denoised_subject.csv,CASSQDGLPSVTDTQYF,3,False
per_clone_denoised_subject.csv,CASSQDGLPSVTDTQYF,4,True
per_clone_denoised_subject.csv,CASSQDGLPSVTDTQYF,5,True
per_clone_denoised_subject.csv,CASSQEGTGVYGYTF,1,True
per_clone_denoised_subject.csv,CASSQEGTGVYGYTF,2,False
per_clone_denoised_subject.csv,CASSQEGTGVYGYTF,3,False
per_clone_denoised_subject.csv,CASSQEGTGVYGYTF,4,False
per_clone_denoised_subject.csv,CASSQEGTGVYGYTF,5,False
per_clone_denoised_subject.csv,CASSQELQVAYGYTF,1,True
per_clone_denoised_subject.csv,CASSQELQVAYGYTF,2,False
per_clone_denoised_subject.csv,CASSQELQVAYGYTF,3,False
per_clone_denoised_subject.csv,CASSQELQVAYGYTF,4,False
per_clone_denoised_subject.csv,CASSQELQVAYGYTF,5,True
per_clone_denoised_subject.csv,CASSQGQIYGYTF,1,False
per_clone_denoised_subject.csv,CASSQGQIYGYTF,2,False
per_clone_denoised_subject.csv,CASSQGQIYGYTF,3,False
per_clone_denoised_subject.csv,CASSQGQIYGYTF,4,False
per_clone_denoised_subject.csv,CASSQGQIYGYTF,5,False
per_clone_denoised_subject.csv,CASSQGSYEQYF,1,False
per_clone_denoised_subject.csv,CASSQGSYEQYF,2,False
per_clone_denoised_subject.csv,CASSQGSYEQYF,3,False
per_clone_denoised_subject.csv,CASSQGSYEQYF,4,False
per_clone_denoised_subject.csv,CASSQGSYEQYF,5,False
per_clone_denoised_subject.csv,CASSQSSSGSDEQFF,1,True
per_clone_denoised_subject.csv,CASSQSSSGSDEQFF,2,True
per_clone_denoised_subject.csv,CASSQSSSGSDEQFF,3,True
per_clone_denoised_subject.csv,CASSQSSSGSDEQFF,4,True
per_clone_denoised_subject.csv,CASSQSSSGSDEQFF,5,True
per_clone_denoised_subject.csv,CASSRDRGETQYF,1,False
per_clone_denoised_subject.csv,CASSRDRGETQYF,2,False
per_clone_denoised_subject.csv,CASSRDRGETQYF,3,False
per_clone_denoised_subject.csv,CASSRDRGETQYF,4,False
per_clone_denoised_subject.csv,CASSRDRGETQYF,5,False
per_clone_denoised_subject.csv,CASSRLNTEAFF,1,False
per_clone_denoised_subject.csv,CASSRLNTEAFF,2,False
per_clone_denoised_subject.csv,CASSRLNTEAFF,3,False
per_clone_denoised_subject.csv,CASSRLNTEAFF,4,False
per_clone_denoised_subject.csv,CASSRLNTEAFF,5,False
per_clone_denoised_subject.csv,CASSRMNTEAFF,1,False
per_clone_denoised_subject.csv,CASSRMNTEAFF,2,False
per_clone_denoised_subject.csv,CASSRMNTEAFF,3,False
per_clone_denoised_subject.csv,CASSRMNTEAFF,4,False
per_clone_denoised_subject.csv,CASSRMNTEAFF,5,False
per_clone_denoised_subject.csv,CASSRPEAWEQYF,1,False
per_clone_denoised_subject.csv,CASSRPEAWEQYF,2,False
per_clone_denoised_subject.csv,CASSRPEAWEQYF,3,False
per_clone_denoised_subject.csv,CASSRPEAWEQYF,4,False
per_clone_denoised_subject.csv,CASSRPEAWEQYF,5,False
per_clone_denoised_subject.csv,CASSRQGFWHEQFF,1,True
per_clone_denoised_subject.csv,CASSRQGFWHEQFF,2,True
per_clone_denoised_subject.csv,CASSRQGFWHEQFF,3,True
per_clone_denoised_subject.csv,CASSRQGFWHEQFF,4,True
per_clone_denoised_subject.csv,CASSRQGFWHEQFF,5,False
per_clone_denoised_subject.csv,CASSRQRGGSGGYNEQFF,1,True
per_clone_denoised_subject.csv,CASSRQRGGSGGYNEQFF,2,False
per_clone_denoised_subject.csv,CASSRQRGGSGGYNEQFF,3,False
per_clone_denoised_subject.csv,CASSRQRGGSGGYNEQFF,4,True
per_clone_denoised_subject.csv,CASSRQRGGSGGYNEQFF,5,False
per_clone_denoised_subject.csv,CASSRTENTEAFF,1,False
per_clone_denoised_subject.csv,CASSRTENTEAFF,2,False
per_clone_denoised_subject.csv,CASSRTENTEAFF,3,False
per_clone_denoised_subject.csv,CASSRTENTEAFF,4,False
per_clone_denoised_subject.csv,CASSRTENTEAFF,5,False
per_clone_denoised_subject.csv,CASSRTREETQYF,1,False
per_clone_denoised_subject.csv,CASSRTREETQYF,2,False
per_clone_denoised_subject.csv,CASSRTREETQYF,3,False
per_clone_denoised_subject.csv,CASSRTREETQYF,4,False
per_clone_denoised_subject.csv,CASSRTREETQYF,5,False
per_clone_denoised_subject.csv,CASSRVSYEQYF,1,False
per_clone_denoised_subject.csv,CASSRVSYEQYF,2,False
per_clone_denoised_subject.csv,CASSRVSYEQYF,3,False
per_clone_denoised_subject.csv,CASSRVSYEQYF,4,False
per_clone_denoised_subject.csv,CASSRVSYEQYF,5,False
per_clone_denoised_subject.csv,CASSSGGQTTDTQYF,1,True
per_clone_denoised_subject.csv,CASSSGGQTTDTQYF,2,True
per_clone_denoised_subject.csv,CASSSGGQTTDTQYF,3,True
per_clone_denoised_subject.csv,CASSSGGQTTDTQYF,4,True
per_clone_denoised_subject.csv,CASSSGGQTTDTQYF,5,True
per_clone_denoised_subject.csv,CASSSGQGYTEAFF,1,False
per_clone_denoised_subject.csv,CASSSGQGYTEAFF,2,False
per_clone_denoised_subject.csv,CASSSGQGYTEAFF,3,False
per_clone_denoised_subject.csv,CASSSGQGYTEAFF,4,False
per_clone_denoised_subject.csv,CASSSGQGYTEAFF,5,False
per_clone_denoised_subject.csv,CASSSLKLAGESYNEQFF,1,True
per_clone_denoised_subject.csv,CASSSLKLAGESYNEQFF,2,False
per_clone_denoised_subject.csv,CASSSLKLAGESYNEQFF,3,False
per_clone_denoised_subject.csv,CASSSLKLAGESYNEQFF,4,True
per_clone_denoised_subject.csv,CASSSLKLAGESYNEQFF,5,True
per_clone_denoised_subject.csv,CASSSLSGNEQFF,1,False
per_clone_denoised_subject.csv,CASSSLSGNEQFF,2,False
per_clone_denoised_subject.csv,CASSSLSGNEQFF,3,False
per_clone_denoised_subject.csv,CASSSLSGNEQFF,4,False
per_clone_denoised_subject.csv,CASSSLSGNEQFF,5,True
per_clone_denoised_subject.csv,CASSSQEGNPYNEQFF,1,True
per_clone_denoised_subject.csv,CASSSQEGNPYNEQFF,2,True
per_clone_denoised_subject.csv,CASSSQEGNPYNEQFF,3,False
per_clone_denoised_subject.csv,CASSSQEGNPYNEQFF,4,True
per_clone_denoised_subject.csv,CASSSQEGNPYNEQFF,5,True
per_clone_denoised_subject.csv,CASSSRTSGSYEQYF,1,False
per_clone_denoised_subject.csv,CASSSRTSGSYEQYF,2,False
per_clone_denoised_subject.csv,CASSSRTSGSYEQYF,3,False
per_clone_denoised_subject.csv,CASSSRTSGSYEQYF,4,False
per_clone_denoised_subject.csv,CASSSRTSGSYEQYF,5,False
per_clone_denoised_subject.csv,CASSSTTQGPSRYNEQFF,1,False
per_clone_denoised_subject.csv,CASSSTTQGPSRYNEQFF,2,False
per_clone_denoised_subject.csv,CASSSTTQGPSRYNEQFF,3,False
per_clone_denoised_subject.csv,CASSSTTQGPSRYNEQFF,4,False
per_clone_denoised_subject.csv,CASSSTTQGPSRYNEQFF,5,False
per_clone_denoised_subject.csv,CASSTGNTEAFF,1,False
per_clone_denoised_subject.csv,CASSTGNTEAFF,2,False
per_clone_denoised_subject.csv,CASSTGNTEAFF,3,False
per_clone_denoised_subject.csv,CASSTGNTEAFF,4,False
per_clone_denoised_subject.csv,CASSTGNTEAFF,5,False
per_clone_denoised_subject.csv,CASSVLREETQYF,1,False
per_clone_denoised_subject.csv,CASSVLREETQYF,2,False
per_clone_denoised_subject.csv,CASSVLREETQYF,3,False
per_clone_denoised_subject.csv,CASSVLREETQYF,4,False
per_clone_denoised_subject.csv,CASSVLREETQYF,5,False
per_clone_denoised_subject.csv,CASSYPISRDIHRTDTQYF,1,True
per_clone_denoised_subject.csv,CASSYPISRDIHRTDTQYF,2,True
per_clone_denoised_subject.csv,CASSYPISRDIHRTDTQYF,3,True
per_clone_denoised_subject.csv,CASSYPISRDIHRTDTQYF,4,True
per_clone_denoised_subject.csv,CASSYPISRDIHRTDTQYF,5,True
per_clone_denoised_subject.csv,CASSYRGNTEAFF,1,False
per_clone_denoised_subject.csv,CASSYRGNTEAFF,2,True
per_clone_denoised_subject.csv,CASSYRGNTEAFF,3,False
per_clone_denoised_subject.csv,CASSYRGNTEAFF,4,True
per_clone_denoised_subject.csv,CASSYRGNTEAFF,5,False
per_clone_denoised_subject.csv,CASSYSRGTQYF,1,False
per_clone_denoised_subject.csv,CASSYSRGTQYF,2,False
per_clone_denoised_subject.csv,CASSYSRGTQYF,3,False
per_clone_denoised_subject.csv,CASSYSRGTQYF,4,False
per_clone_denoised_subject.csv,CASSYSRGTQYF,5,False
per_clone_denoised_subject.csv,CASTSGPNTDTQYF,1,False
per_clone_denoised_subject.csv,CASTSGPNTDTQYF,2,False
per_clone_denoised_subject.csv,CASTSGPNTDTQYF,3,False
per_clone_denoised_subject.csv,CASTSGPNTDTQYF,4,False
per_clone_denoised_subject.csv,CASTSGPNTDTQYF,5,False
per_clone_denoised_subject.csv,CASTSIAGLYNEQFF,1,False
per_clone_denoised_subject.csv,CASTSIAGLYNEQFF,2,False
per_clone_denoised_subject.csv,CASTSIAGLYNEQFF,3,False
per_clone_denoised_subject.csv,CASTSIAGLYNEQFF,4,False
per_clone_denoised_subject.csv,CASTSIAGLYNEQFF,5,False
per_clone_denoised_subject.csv,CASYGAGGNEQFF,1,False
per_clone_denoised_subject.csv,CASYGAGGNEQFF,2,True
per_clone_denoised_subject.csv,CASYGAGGNEQFF,3,True
per_clone_denoised_subject.csv,CASYGAGGNEQFF,4,True
per_clone_denoised_subject.csv,CASYGAGGNEQFF,5,True
per_clone_denoised_subject.csv,CATSNREGDNTDTQYF,1,False
per_clone_denoised_subject.csv,CATSNREGDNTDTQYF,2,False
per_clone_denoised_subject.csv,CATSNREGDNTDTQYF,3,False
per_clone_denoised_subject.csv,CATSNREGDNTDTQYF,4,False
per_clone_denoised_subject.csv,CATSNREGDNTDTQYF,5,False
per_clone_denoised_subject.csv,CATSRDLLLAGASREQYF,1,False
per_clone_denoised_subject.csv,CATSRDLLLAGASREQYF,2,False
per_clone_denoised_subject.csv,CATSRDLLLAGASREQYF,3,False
per_clone_denoised_subject.csv,CATSRDLLLAGASREQYF,4,False
per_clone_denoised_subject.csv,CATSRDLLLAGASREQYF,5,False
per_clone_denoised_subject.csv,CATTSPGLSYEQYF,1,True
per_clone_denoised_subject.csv,CATTSPGLSYEQYF,2,True
per_clone_denoised_subject.csv,CATTSPGLSYEQYF,3,True
per_clone_denoised_subject.csv,CATTSPGLSYEQYF,4,False
per_clone_denoised_subject.csv,CATTSPGLSYEQYF,5,True
per_clone_denoised_subject.csv,CAVATDTQYF,1,True
per_clone_denoised_subject.csv,CAVATDTQYF,2,False
per_clone_denoised_subject.csv,CAVATDTQYF,3,False
per_clone_denoised_subject.csv,CAVATDTQYF,4,False
per_clone_denoised_subject.csv,CAVATDTQYF,5,False
per_clone_denoised_subject.csv,CAWSGPTLLSHNEQFF,1,False
per_clone_denoised_subject.csv,CAWSGPTLLSHNEQFF,2,True
per_clone_denoised_subject.csv,CAWSGPTLLSHNEQFF,3,False
per_clone_denoised_subject.csv,CAWSGPTLLSHNEQFF,4,False
per_clone_denoised_subject.csv,CAWSGPTLLSHNEQFF,5,False
per_clone_denoised_subject.csv,CSADEPQGYEQYF,1,False
per_clone_denoised_subject.csv,CSADEPQGYEQYF,2,False
per_clone_denoised_subject.csv,CSADEPQGYEQYF,3,False
per_clone_denoised_subject.csv,CSADEPQGYEQYF,4,False
per_clone_denoised_subject.csv,CSADEPQGYEQYF,5,False
per_clone_denoised_subject.csv,CSAFIAGAFSSSNNEQFF,1,False
per_clone_denoised_subject.csv,CSAFIAGAFSSSNNEQFF,2,False
per_clone_denoised_subject.csv,CSAFIAGAFSSSNNEQFF,3,True
per_clone_denoised_subject.csv,CSAFIAGAFSSSNNEQFF,4,True
per_clone_denoised_subject.csv,CSAFIAGAFSSSNNEQFF,5,False
per_clone_denoised_subject.csv,CSAILRGETQYF,1,False
per_clone_denoised_subject.csv,CSAILRGETQYF,2,False
per_clone_denoised_subject.csv,CSAILRGETQYF,3,False
per_clone_denoised_subject.csv,CSAILRGETQYF,4,False
per_clone_denoised_subject.csv,CSAILRGETQYF,5,False
per_clone_denoised_subject.csv,CSASSRLGEQFF,1,False
per_clone_denoised_subject.csv,CSASSRLGEQFF,2,False
per_clone_denoised_subject.csv,CSASSRLGEQFF,3,False
per_clone_denoised_subject.csv,CSASSRLGEQFF,4,True
per_clone_denoised_subject.csv,CSASSRLGEQFF,5,False
per_clone_denoised_subject.csv,CSATRGQENGYTF,1,False
per_clone_denoised_subject.csv,CSATRGQENGYTF,2,True
per_clone_denoised_subject.csv,CSATRGQENGYTF,3,False
per_clone_denoised_subject.csv,CSATRGQENGYTF,4,False
per_clone_denoised_subject.csv,CSATRGQENGYTF,5,False
per_clone_denoised_subject.csv,CSAWDQQRETQYF,1,False
per_clone_denoised_subject.csv,CSAWDQQRETQYF,2,False
per_clone_denoised_subject.csv,CSAWDQQRETQYF,3,False
per_clone_denoised_subject.csv,CSAWDQQRETQYF,4,False
per_clone_denoised_subject.csv,CSAWDQQRETQYF,5,False
per_clone_denoised_subject.csv,CSGTKGIGNTIYF,1,False
per_clone_denoised_subject.csv,CSGTKGIGNTIYF,2,False
per_clone_denoised_subject.csv,CSGTKGIGNTIYF,3,False
per_clone_denoised_subject.csv,CSGTKGIGNTIYF,4,False
per_clone_denoised_subject.csv,CSGTKGIGNTIYF,5,True
per_clone_denoised_subject.csv,CSTAGSQSSYNEQFF,1,True
per_clone_denoised_subject.csv,CSTAGSQSSYNEQFF,2,True
per_clone_denoised_subject.csv,CSTAGSQSSYNEQFF,3,True
per_clone_denoised_subject.csv,CSTAGSQSSYNEQFF,4,True
per_clone_denoised_subject.csv,CSTAGSQSSYNEQFF,5,True
per_clone_denoised_subject.csv,CSVADYEQYF,1,False
per_clone_denoised_subject.csv,CSVADYEQYF,2,False
per_clone_denoised_subject.csv,CSVADYEQYF,3,False
per_clone_denoised_subject.csv,CSVADYEQYF,4,False
per_clone_denoised_subject.csv,CSVADYEQYF,5,False
per_clone_denoised_subject.csv,CSVAEVAYQETQYF,1,False
per_clone_denoised_subject.csv,CSVAEVAYQETQYF,2,True
per_clone_denoised_subject.csv,CSVAEVAYQETQYF,3,True
per_clone_denoised_subject.csv,CSVAEVAYQETQYF,4,True
per_clone_denoised_subject.csv,CSVAEVAYQETQYF,5,True
per_clone_denoised_subject.csv,CSVDAESTDTQYF,1,True
per_clone_denoised_subject.csv,CSVDAESTDTQYF,2,False
per_clone_denoised_subject.csv,CSVDAESTDTQYF,3,False
per_clone_denoised_subject.csv,CSVDAESTDTQYF,4,False
per_clone_denoised_subject.csv,CSVDAESTDTQYF,5,True
per_clone_denoised_subject.csv,CSVSTSGASEQYF,1,True
per_clone_denoised_subject.csv,CSVSTSGASEQYF,2,False
per_clone_denoised_subject.csv,CSVSTSGASEQYF,3,False
per_clone_denoised_subject.csv,CSVSTSGASEQYF,4,False
per_clone_denoised_subject.csv,CSVSTSGASEQYF,5,False
per_clone_denoised_subject.csv,CSVWVAGVAQYF,1,False
per_clone_denoised_subject.csv,CSVWVAGVAQYF,2,True
per_clone_denoised_subject.csv,CSVWVAGVAQYF,3,False
per_clone_denoised_subject.csv,CSVWVAGVAQYF,4,False
per_clone_denoised_subject.csv,CSVWVAGVAQYF,5,True
