source_file,subject,aaSeqCDR3_norm,is_target
per_clone_denoised_subject.csv,1,CASSFSTCSANYGYTF,True
per_clone_denoised_subject.csv,1,CASSRPEAWEQYF,False
per_clone_denoised_subject.csv,1,CASSLVENTEAFF,False
per_clone_denoised_subject.csv,1,CASSQGQIYGYTF,False
per_clone_denoised_subject.csv,1,CASSAAGNEQFF,False
per_clone_denoised_subject.csv,1,CASSSGQGYTEAFF,False
per_clone_denoised_subject.csv,1,CASSRVSYEQYF,False
per_clone_denoised_subject.csv,1,CSAWDQQRETQYF,False
per_clone_denoised_subject.csv,1,CASSLQVSSSYNEQFF,False
per_clone_denoised_subject.csv,1,CASSSTTQGPSRYNEQFF,False
per_clone_denoised_subject.csv,1,CASSPPANYGYTF,False
per_clone_denoised_subject.csv,1,CASSLGLLGTGKGYNEQFF,False
per_clone_denoised_subject.csv,1,CASSRTENTEAFF,False
per_clone_denoised_subject.csv,1,CASSLPGRVAFF,False
per_clone_denoised_subject.csv,1,CASSFAGSSYNEQFF,False
per_clone_denoised_subject.csv,1,CSAILRGETQYF,False
per_clone_denoised_subject.csv,1,CASSDRVTYEQYF,False
per_clone_denoised_subject.csv,1,CASSPQENTEAFF,False
per_clone_denoised_subject.csv,1,CASSLFLDRETQYF,False
per_clone_denoised_subject.csv,1,CASSPNHGQSNTEAFF,False
per_clone_denoised_subject.csv,1,CATSRDLLLAGASREQYF,False
per_clone_denoised_subject.csv,1,CASSTGNTEAFF,False
per_clone_denoised_subject.csv,1,CATSNREGDNTDTQYF,False
per_clone_denoised_subject.csv,1,CASSVLREETQYF,False
per_clone_denoised_subject.csv,1,CASSSLSGNEQFF,False
per_clone_denoised_subject.csv,1,CASSRTREETQYF,False
per_clone_denoised_subject.csv,1,CASSLGTAQETQYF,False
per_clone_denoised_subject.csv,1,CSADEPQGYEQYF,False
per_clone_denoised_subject.csv,1,CAISESNSYGYTF,False
per_clone_denoised_subject.csv,1,CASSLNSGSGSPLHF,False
per_clone_denoised_subject.csv,1,CASSLGGQGLHNEQFF,False
per_clone_denoised_subject.csv,1,CASSLDPILLNSEQYF,False
per_clone_denoised_subject.csv,1,CASSPGHRQETQYF,False
per_clone_denoised_subject.csv,1,CASSARARDRAGYGYTF,False
per_clone_denoised_subject.csv,1,CASSLVGGNTEAFF,False
per_clone_denoised_subject.csv,1,CASTSGPNTDTQYF,False
per_clone_denoised_subject.csv,1,CASSSRTSGSYEQYF,False
per_clone_denoised_subject.csv,1,CSVADYEQYF,False
per_clone_denoised_subject.csv,1,CASRVGEIPTDTQYF,False
per_clone_denoised_subject.csv,1,CASSMGPLEHNEQFF,False
per_clone_denoised_subject.csv,1,CASSQGSYEQYF,False
per_clone_denoised_subject.csv,1,CASSLIGEPQHF,False
per_clone_denoised_subject.csv,1,CASSRMNTEAFF,False
per_clone_denoised_subject.csv,1,CASSPTGGIADNEQFF,False
per_clone_denoised_subject.csv,1,CASMEDGRSTDTQYF,False
per_clone_denoised_subject.csv,1,CASSRLNTEAFF,False
per_clone_denoised_subject.csv,1,CASSFSGSNQPQHF,False
per_clone_denoised_subject.csv,1,CSVWVAGVAQYF,False
per_clone_denoised_subject.csv,1,CSATRGQENGYTF,False
per_clone_denoised_subject.csv,1,CASSLEGVGEPQHF,False
per_clone_denoised_subject.csv,1,CAWSGPTLLSHNEQFF,False
per_clone_denoised_subject.csv,1,CASSLQGFSNQPQHF,False
per_clone_denoised_subject.csv,1,CASSYSRGTQYF,False
per_clone_denoised_subject.csv,1,CASSQELQVAYGYTF,False
per_clone_denoised_subject.csv,1,CASSFSSYNEQFF,False
per_clone_denoised_subject.csv,1,CASSGDLPLNEQFF,False
per_clone_denoised_subject.csv,1,CASSRDRGETQYF,False
per_clone_denoised_subject.csv,1,CASSQEGTGVYGYTF,False
per_clone_denoised_subject.csv,1,CASSAGADTQYF,False
per_clone_denoised_subject.csv,1,CASSPHKGQGNQPQHF,False
per_clone_denoised_subject.csv,1,CASTSIAGLYNEQFF,False
per_clone_denoised_subject.csv,1,CSVAEVAYQETQYF,False
per_clone_denoised_subject.csv,1,CSAFIAGAFSSSNNEQFF,False
per_clone_denoised_subject.csv,1,CASSSGGQTTDTQYF,False
per_clone_denoised_subject.csv,1,CATTSPGLSYEQYF,False
per_clone_denoised_subject.csv,1,CASSLDPNTEAFF,False
per_clone_denoised_subject.csv,1,CASRPFSGKETQYF,False
per_clone_denoised_subject.csv,1,CASSYRGNTEAFF,False
per_clone_denoised_subject.csv,1,CASSQDGLPSVTDTQYF,False
per_clone_denoised_subject.csv,1,CASNRDTGYGYTF,False
per_clone_denoised_subject.csv,1,CASSSLKLAGESYNEQFF,False
per_clone_denoised_subject.csv,1,CASSPDLTGEQFF,False
per_clone_denoised_subject.csv,1,CAVATDTQYF,False
per_clone_denoised_subject.csv,1,CASSRQRGGSGGYNEQFF,False
per_clone_denoised_subject.csv,1,CSGTKGIGNTIYF,False
per_clone_denoised_subject.csv,1,CASSLVWRTGLFSGANVLTF,False
per_clone_denoised_subject.csv,1,CSVDAESTDTQYF,False
per_clone_denoised_subject.csv,1,CASSPGLAGGEDTQYF,False
per_clone_denoised_subject.csv,1,CASSPRDEQFF,False
per_clone_denoised_subject.csv,1,CASSLASTDTQYF,False
per_clone_denoised_subject.csv,1,CSVSTSGASEQYF,False
per_clone_denoised_subject.csv,1,CASSIAGGTYEQYF,False
per_clone_denoised_subject.csv,1,CASSLRDRPQETQYF,False
per_clone_denoised_subject.csv,1,CSTAGSQSSYNEQFF,False
per_clone_denoised_subject.csv,1,CASSFFAGGKNEQFF,False
per_clone_denoised_subject.csv,1,CASSQSSSGSDEQFF,False
per_clone_denoised_subject.csv,1,CASSYPISRDIHRTDTQYF,False
per_clone_denoised_subject.csv,1,CASGPWDRVNFFSPLHF,False
per_clone_denoised_subject.csv,1,CASSEAWPSSPNQPQHF,False
per_clone_denoised_subject.csv,1,CASSLGQETQYF,False
per_clone_denoised_subject.csv,1,CASGTADFWQYF,False
per_clone_denoised_subject.csv,1,CASSPGTSGEWVEQFF,False
per_clone_denoised_subject.csv,1,CASSLGGARTDTQYF,False
per_clone_denoised_subject.csv,1,CASSSQEGNPYNEQFF,False
per_clone_denoised_subject.csv,1,CASSPVSGTTSSYNEQFF,False
per_clone_denoised_subject.csv,1,CASSEARVFPHEQFF,False
per_clone_denoised_subject.csv,1,CASSLQGPQPQHF,False
per_clone_denoised_subject.csv,1,CASRRGQGPSYEQYF,False
per_clone_denoised_subject.csv,1,CASSRQGFWHEQFF,False
per_clone_denoised_subject.csv,1,CASYGAGGNEQFF,False
per_clone_denoised_subject.csv,1,CSASSRLGEQFF,False
