alpha_label,alpha_float,design,x0_bin_label,x0_bin_order,obs_class,n,n_total,prop
p_005,0.005,all_transitions,< -5.0,0,FF,988583,990113,0.9984547218347805
p_005,0.005,all_transitions,< -5.0,0,FT,1408,990113,0.001422059906293524
p_005,0.005,all_transitions,< -5.0,0,TF,122,990113,0.00012321825892600138
p_005,0.005,all_transitions,< -5.0,0,TT,0,990113,0.0
p_005,0.005,all_transitions,"[-5.0, -4.0)",1,FF,831721,881130,0.9439254139570779
p_005,0.005,all_transitions,"[-5.0, -4.0)",1,FT,20549,881130,0.023321189835779056
p_005,0.005,all_transitions,"[-5.0, -4.0)",1,TF,19116,881130,0.02169486908855674
p_005,0.005,all_transitions,"[-5.0, -4.0)",1,TT,9744,881130,0.011058527118586362
p_005,0.005,all_transitions,"[-4.0, -3.0)",2,FF,15059,52404,0.2873635600335852
p_005,0.005,all_transitions,"[-4.0, -3.0)",2,FT,4757,52404,0.09077551331959392
p_005,0.005,all_transitions,"[-4.0, -3.0)",2,TF,8606,52404,0.16422410503015036
p_005,0.005,all_transitions,"[-4.0, -3.0)",2,TT,23982,52404,0.45763682161667046
p_005,0.005,all_transitions,"[-3.0, -2.0)",3,FF,3,2893,0.0010369858278603526
p_005,0.005,all_transitions,"[-3.0, -2.0)",3,FT,8,2893,0.00276529554096094
p_005,0.005,all_transitions,"[-3.0, -2.0)",3,TF,197,2893,0.06809540269616315
p_005,0.005,all_transitions,"[-3.0, -2.0)",3,TT,2685,2893,0.9281023159350156
p_005,0.005,all_transitions,>= -2.0,4,FF,0,387,0.0
p_005,0.005,all_transitions,>= -2.0,4,FT,0,387,0.0
p_005,0.005,all_transitions,>= -2.0,4,TF,4,387,0.0103359173126615
p_005,0.005,all_transitions,>= -2.0,4,TT,383,387,0.9896640826873385
p_01,0.01,all_transitions,< -5.0,0,FF,983221,990113,0.9930391783564099
p_01,0.01,all_transitions,< -5.0,0,FT,6644,990113,0.0067103451828225665
p_01,0.01,all_transitions,< -5.0,0,TF,244,990113,0.00024643651785200276
p_01,0.01,all_transitions,< -5.0,0,TT,4,990113,4.039942915606603e-06
p_01,0.01,all_transitions,"[-5.0, -4.0)",1,FF,753880,881130,0.8555831716091836
p_01,0.01,all_transitions,"[-5.0, -4.0)",1,FT,43318,881130,0.0491618716874922
p_01,0.01,all_transitions,"[-5.0, -4.0)",1,TF,51349,881130,0.05827630429108077
p_01,0.01,all_transitions,"[-5.0, -4.0)",1,TT,32583,881130,0.03697865241224337
p_01,0.01,all_transitions,"[-4.0, -3.0)",2,FF,8426,52404,0.16078925272879932
p_01,0.01,all_transitions,"[-4.0, -3.0)",2,FT,3980,52404,0.07594840088542859
p_01,0.01,all_transitions,"[-4.0, -3.0)",2,TF,7947,52404,0.1516487291046485
p_01,0.01,all_transitions,"[-4.0, -3.0)",2,TT,32051,52404,0.6116136172811236
p_01,0.01,all_transitions,"[-3.0, -2.0)",3,FF,0,2893,0.0
p_01,0.01,all_transitions,"[-3.0, -2.0)",3,FT,0,2893,0.0
p_01,0.01,all_transitions,"[-3.0, -2.0)",3,TF,156,2893,0.05392326304873833
p_01,0.01,all_transitions,"[-3.0, -2.0)",3,TT,2737,2893,0.9460767369512617
p_01,0.01,all_transitions,>= -2.0,4,FF,0,387,0.0
p_01,0.01,all_transitions,>= -2.0,4,FT,0,387,0.0
p_01,0.01,all_transitions,>= -2.0,4,TF,4,387,0.0103359173126615
p_01,0.01,all_transitions,>= -2.0,4,TT,383,387,0.9896640826873385
p_02,0.02,all_transitions,< -5.0,0,FF,964918,990113,0.9745534095603229
p_02,0.02,all_transitions,< -5.0,0,FT,24573,990113,0.024818379316300262
p_02,0.02,all_transitions,< -5.0,0,TF,601,990113,0.000607001423069892
p_02,0.02,all_transitions,< -5.0,0,TT,21,990113,2.120970030693466e-05
p_02,0.02,all_transitions,"[-5.0, -4.0)",1,FF,626924,881130,0.7115000056745315
p_02,0.02,all_transitions,"[-5.0, -4.0)",1,FT,71699,881130,0.08137164777047655
p_02,0.02,all_transitions,"[-5.0, -4.0)",1,TF,105959,881130,0.12025353807043229
p_02,0.02,all_transitions,"[-5.0, -4.0)",1,TT,76548,881130,0.0868748084845596
p_02,0.02,all_transitions,"[-4.0, -3.0)",2,FF,3240,52404,0.061827341424318755
p_02,0.02,all_transitions,"[-4.0, -3.0)",2,FT,2907,52404,0.055472864666819326
p_02,0.02,all_transitions,"[-4.0, -3.0)",2,TF,7932,52404,0.15136249141286925
p_02,0.02,all_transitions,"[-4.0, -3.0)",2,TT,38325,52404,0.7313373024959927
p_02,0.02,all_transitions,"[-3.0, -2.0)",3,FF,0,2893,0.0
p_02,0.02,all_transitions,"[-3.0, -2.0)",3,FT,0,2893,0.0
p_02,0.02,all_transitions,"[-3.0, -2.0)",3,TF,121,2893,0.04182509505703422
p_02,0.02,all_transitions,"[-3.0, -2.0)",3,TT,2772,2893,0.9581749049429658
p_02,0.02,all_transitions,>= -2.0,4,FF,0,387,0.0
p_02,0.02,all_transitions,>= -2.0,4,FT,0,387,0.0
p_02,0.02,all_transitions,>= -2.0,4,TF,3,387,0.007751937984496124
p_02,0.02,all_transitions,>= -2.0,4,TT,384,387,0.9922480620155039
p_05,0.05,all_transitions,< -5.0,0,FF,888255,990113,0.8971248736255357
p_05,0.05,all_transitions,< -5.0,0,FT,81376,990113,0.08218859867510073
p_05,0.05,all_transitions,< -5.0,0,TF,17113,990113,0.01728388577869395
p_05,0.05,all_transitions,< -5.0,0,TT,3369,990113,0.003402641920669661
p_05,0.05,all_transitions,"[-5.0, -4.0)",1,FF,418342,881130,0.474778976995449
p_05,0.05,all_transitions,"[-5.0, -4.0)",1,FT,98387,881130,0.11166002746473279
p_05,0.05,all_transitions,"[-5.0, -4.0)",1,TF,191546,881130,0.21738676472257215
p_05,0.05,all_transitions,"[-5.0, -4.0)",1,TT,172855,881130,0.19617423081724603
p_05,0.05,all_transitions,"[-4.0, -3.0)",2,FF,1464,52404,0.027936798717655142
p_05,0.05,all_transitions,"[-4.0, -3.0)",2,FT,2335,52404,0.04455766735363713
p_05,0.05,all_transitions,"[-4.0, -3.0)",2,TF,5114,52404,0.09758797038394015
p_05,0.05,all_transitions,"[-4.0, -3.0)",2,TT,43491,52404,0.8299175635447675
p_05,0.05,all_transitions,"[-3.0, -2.0)",3,FF,0,2893,0.0
p_05,0.05,all_transitions,"[-3.0, -2.0)",3,FT,0,2893,0.0
p_05,0.05,all_transitions,"[-3.0, -2.0)",3,TF,80,2893,0.027652955409609402
p_05,0.05,all_transitions,"[-3.0, -2.0)",3,TT,2813,2893,0.9723470445903906
p_05,0.05,all_transitions,>= -2.0,4,FF,0,387,0.0
p_05,0.05,all_transitions,>= -2.0,4,FT,0,387,0.0
p_05,0.05,all_transitions,>= -2.0,4,TF,2,387,0.00516795865633075
p_05,0.05,all_transitions,>= -2.0,4,TT,385,387,0.9948320413436692
