dt,bin,x_center,n,w_sum,median_dx,mad_dx,sigma_dx,var_mad_dx,D_mad,median_lo,median_hi,sigma_lo,sigma_hi,var_mad_lo,var_mad_hi
1,1,-13.10688080053512,28500,40822.19528664208,1.0293181181109876,0.35849018617716766,0.5314975500262688,0.28248964568392604,0.14124482284196302,1.0287654892585154,1.0386990216279963,0.5202094912473605,0.5446664045526581,0.2706179147838376,0.2966615035462544
1,2,-12.760307210399349,30363,42459.56045233201,0.6210316347956351,0.36525358150840137,0.5415249599443558,0.29324928224273616,0.14662464112136808,0.6075287790036068,0.6289194230761392,0.526569442468471,0.5487508130800848,0.27727588009093557,0.30112755385089823
1,3,-12.546027771414032,26560,35482.213698032254,0.631636233991145,0.4169217577489839,0.6181281980386435,0.3820824692105005,0.19104123460525024,0.6193006288466005,0.6528592641550962,0.5960888263397468,0.6270738639108295,0.355321895681212,0.39322163092513485
1,4,-12.39369367669558,29872,40238.68634832241,0.3631431154598399,0.41815087098287584,0.6199504813192117,0.38433859928792224,0.19216929964396112,0.3455518414941085,0.3690365238590569,0.601136988377709,0.62897407638014,0.3613656788240012,0.395608740110446
1,5,-12.262567968992428,31677,41281.49243272607,0.2961553263565601,0.42865516154057903,0.6355241425000624,0.4038909357004396,0.2019454678502198,0.2818598303036861,0.3061638724131325,0.6217610713130598,0.647288116398585,0.3865868377922955,0.41898215145313933
1,6,-12.119670173845613,31328,38117.672795566534,0.1700491457767476,0.4310393939482343,0.6390590054676522,0.40839641246930464,0.20419820623465232,0.1569812282684164,0.1807445421185498,0.628454590338839,0.6437916543168655,0.39495517211795794,0.41446792996737364
1,7,-11.99926593035247,34713,43933.52674471025,-0.0276968344963091,0.4567443275029337,0.6771691399558495,0.4585580441085449,0.22927902205427245,-0.0386588462215353,-0.0147167995546908,0.6646396689938028,0.6890223739247133,0.44174588960019173,0.474751839056925
1,8,-11.88729016568336,33249,38190.31725395808,-0.0368239782377699,0.4535017496964464,0.6723616940999514,0.4520702476929566,0.2260351238464783,-0.0425330204810734,-0.023725521250763153,0.663189222440907,0.6886008158851923,0.4398199499241812,0.4741710836377525
1,9,-11.730522976511123,34934,37722.630184510555,-0.1487265294488331,0.48669034734559335,0.7215671089745767,0.5206590927539286,0.2603295463769643,-0.1549807021698601,-0.13527575675814388,0.7110803220014127,0.7356944617926823,0.5056352431761858,0.5412463411165344
1,10,-11.623114426334194,32296,34617.028430202845,-0.4121568216240785,0.4681700123218082,0.6941088602683129,0.4817871099029763,0.24089355495148815,-0.416246337009003,-0.4050038010827119,0.6853094348977209,0.7010276113420575,0.46964902155983357,0.4914397118641806
1,11,-11.482398110500611,35411,36957.817048627774,-0.329812629717173,0.5423378056559559,0.8040700306655202,0.6465286142144506,0.3232643071072253,-0.34978455629167954,-0.31466391022042467,0.7872499596939156,0.8181738636335739,0.6197626695707306,0.6694085103940053
1,12,-11.337984021410762,35444,34841.51003824657,-0.5574132520674002,0.5103339313805861,0.756621086664857,0.5724754687859089,0.28623773439295447,-0.5704404756653139,-0.546756832154791,0.7442336749224634,0.7759889079657329,0.5538838007329681,0.6021587928136518
1,13,-11.196933613601477,33393,29913.043959004037,-0.6072154493105391,0.5703914710700388,0.8456623950084395,0.71514488633141,0.357572443165705,-0.6258452882729966,-0.5857352149179295,0.8322564175640789,0.8624680476350967,0.6926507501882408,0.7438511359284796
1,14,-11.030873545631414,32594,27866.823503549887,-0.5729455466841884,0.6008114947261216,0.8907631220809479,0.7934589396593976,0.3967294698296988,-0.5880108745390782,-0.5595309449174053,0.8719728153234496,0.9085598372431506,0.7603365912831774,0.8254810908269864
1,15,-10.870314351771045,33301,26857.372480323185,-0.650600165163695,0.6243764945499386,0.9257005908197389,0.8569215838440136,0.4284607919220068,-0.6666462166704168,-0.6333916844310158,0.9118277493605934,0.9412684464723261,0.8314298454515654,0.885986342522932
1,16,-10.692913725426692,32206,23769.164469574003,-0.6519043449618867,0.5978649396178957,0.886394559477492,0.7856953150712971,0.39284765753564854,-0.6760507627349921,-0.6474199842312309,0.8711316937208814,0.9076545984583314,0.7588704538904998,0.8238368838910789
1,17,-10.485420769753684,31987,21421.929934418557,-0.6806444957651578,0.6101051898809189,0.9045419545174503,0.8181961474822492,0.4090980737411246,-0.6980281156792838,-0.6587139897404981,0.886987108735473,0.9271936342976748,0.7867463217658122,0.8596880924530389
1,18,-10.227313079662697,31656,18013.165461499375,-0.6826930727251277,0.5955346997212879,0.8829397458067815,0.7795825947253439,0.38979129736267193,-0.7004631403191706,-0.6636419834057649,0.865117601976226,0.8981622148977099,0.7484284840358991,0.8066954395251572
1,19,-9.864686935339282,32333,14950.331853117948,-0.7202951298419524,0.616121061650663,0.913461086003273,0.834411155642279,0.4172055778211395,-0.7472645693357013,-0.700323685787814,0.8903691432668175,0.9343015395360388,0.7927572938141573,0.8729194833992343
1,20,-9.109785867686664,32937,12356.617740124155,-0.6319999205854359,0.641896894960288,0.951676336468123,0.9056878493933881,0.45284392469669404,-0.6552998353890792,-0.6031556576117166,0.9289453809679608,0.9727028758930977,0.8629395247545076,0.9461508858627484
2,1,-13.08684085701425,26977,46525.399167209616,0.9035079159775172,0.5105387176999743,0.7569247028619818,0.5729350058026994,0.14323375145067485,0.8846377521238242,0.919380934273768,0.7494790920188518,0.7667596124361712,0.5617189869324477,0.587920570044937
2,2,-12.737811642677704,29132,47426.29276740332,0.5263992992474069,0.4523490102385247,0.6706526425796366,0.44977496699904984,0.11244374174976246,0.5155202891113774,0.5319227928167809,0.6548987910566705,0.6802606987093434,0.42889242652748855,0.46275461820852404
2,3,-12.52875650764731,29592,45184.13690656916,0.3016029515867888,0.4536156419858609,0.6725305508082373,0.45229734177043107,0.11307433544260777,0.2838833905450908,0.3150509321220642,0.6487244916745063,0.684453356332929,0.4208434660993558,0.46847693249127914
2,4,-12.383516296048318,28931,40813.90767941713,0.3477293006706823,0.4164869341662101,0.617483528594823,0.3812859080859136,0.0953214770214784,0.33967811013296684,0.36179610037189114,0.6054230439906807,0.6271760726785875,0.3665370621949417,0.39334983866900464
2,5,-12.258042123406137,24793,34024.00409099527,0.171593309081425,0.4552253877534671,0.6749171598832903,0.4555131727049268,0.1138782931762317,0.1558276479115518,0.1865668442292385,0.6662216278076087,0.6952746434751158,0.44385125801591435,0.48340683327188205
2,6,-12.119670173845613,26905,34689.36594017865,0.0331656902364425,0.4175955855843191,0.6191272151873114,0.3833185085855954,0.09582962714639885,0.0183887965749214,0.051179519699648,0.6034421001918722,0.6301959120185662,0.3641423730991188,0.3971469202167378
2,7,-11.990270827454374,25437,31694.87951236841,0.0534268603113563,0.45562759820803217,0.6755134771032285,0.45631845774809404,0.11407961443702351,0.03835321756722929,0.07046590547981794,0.6638499167349928,0.6913804410099667,0.44069690468570577,0.4780069271253905
2,8,-11.881855902469106,25348,29347.13339652007,-0.1036005527413568,0.44368152283470497,0.6578022257547336,0.4327037682078815,0.10817594205197037,-0.1136527189502274,-0.0844110425314994,0.6457061643944916,0.673898778490972,0.41693647274127776,0.45413957591845616
2,9,-11.730522976511123,27774,30131.07965031725,-0.1880850560902676,0.4900592764633291,0.7265618832845316,0.5278921702419653,0.13197304256049133,-0.200872658399124,-0.1676740588327483,0.7048904597087696,0.7391097637330556,0.49687068803849854,0.5462832516818
2,10,-11.62235305010021,23667,24299.366699693684,-0.3654650670076549,0.4768571078128474,0.7069883480433276,0.49983252426903324,0.12495813106725831,-0.384278809197518,-0.3486545335470854,0.691053637139275,0.7223137440237982,0.4775551522764241,0.5217372483699625
2,11,-11.487636561575622,24976,24544.720800007657,-0.2249413083213536,0.5774740866595848,0.8561630808815003,0.7330152210645023,0.18325380526612559,-0.2400953946930002,-0.2037349823074036,0.8477301481115694,0.8715387614646906,0.7186464077139831,0.7595798305685088
2,12,-11.33691482163398,25335,23013.969050717707,-0.3868874045101016,0.5475415259076808,0.8117850663107274,0.6589949938851122,0.16474874847127804,-0.4062326630237311,-0.3761912943951326,0.7911929414984188,0.8263116399708401,0.6259868564401492,0.6827909270228659
2,13,-11.201780933616996,24307,20492.08086700682,-0.4643462040385717,0.5617102924195974,0.832791679541295,0.6935419815132109,0.17338549537830272,-0.4887208470854979,-0.44657087878143426,0.8149241024814469,0.8538845395520986,0.6641013282048561,0.729118815425914
2,14,-11.037645942581964,24412,19583.922820973963,-0.4997264086695274,0.6289543753590027,0.9324877569072573,0.8695334167819281,0.21738335419548202,-0.5211574869383373,-0.4876200492952236,0.9099252528139689,0.9534558171938085,0.8279639798141418,0.9090782278187128
2,15,-10.862047409752975,24794,19238.50353712911,-0.6019288876195468,0.5710831498587154,0.8466878779805315,0.7168803627191753,0.17922009067979383,-0.6147781383149683,-0.5886494251613588,0.8322687379381628,0.8645113218722481,0.6926712521491823,0.7473801766616898
2,16,-10.696023898445857,25047,18219.025532321608,-0.7545936969792262,0.5692125071967844,0.8439144631699526,0.7121916211474292,0.1780479052868573,-0.7745000599175249,-0.7274020741027306,0.8225916945518998,0.8666816882216838,0.6766571580474755,0.7511371913553616
2,17,-10.475531522811853,24375,15920.595795268644,-0.8017831877670254,0.6102561286792856,0.9047657363799088,0.8186010377270786,0.20465025943176965,-0.8277657806589809,-0.774755752542407,0.881928214473678,0.931639504568353,0.7777973779644604,0.8679521744606785
2,18,-10.22210627040428,23479,12348.944029730683,-0.7957131190091147,0.6122182409692503,0.9076747640610103,0.8238734773132108,0.2059683693283027,-0.8148520782205145,-0.767770673158171,0.8797937095657236,0.9287060577437651,0.7740374800801026,0.8624951326748533
2,19,-9.864980249997657,24026,10268.03840329803,-0.8410986881327442,0.6947734871949276,1.0300711721151996,1.0610466196227812,0.2652616549056953,-0.8660149743486637,-0.82021624532316,1.0098338219685798,1.051892021191651,1.019764456125146,1.1064768479978722
2,20,-9.109045138948964,23605,7658.158340408654,-0.5768816269880572,0.6919222877927558,1.0258439838815396,1.0523558792659486,0.26308896981648716,-0.602181949403966,-0.5456383946198826,0.9997872599467382,1.0524318790331304,0.9995750621436699,1.1076133035927562
3,1,-13.146295375085534,15027,22274.530317202676,0.8963948871088867,0.4089213116111381,0.6062667365946733,0.367559355901155,0.0612598926501925,0.8765542513152997,0.9050449644195327,0.5977293056226863,0.6236160552738699,0.35728035539438435,0.3888969843953423
3,2,-12.798146634126333,14811,20719.427326930774,0.7363651236804003,0.37749356580151705,0.5596719606573292,0.313232703546019,0.05220545059100317,0.7107111578641444,0.754904900622881,0.5399556082976941,0.5764177132945559,0.2915523733868805,0.3322574866583492
3,3,-12.53524193257452,21018,28640.538143489095,0.3182980786886702,0.4220338310736693,0.6257073579498221,0.39150969779254685,0.06525161629875781,0.3182980786886702,0.3280499700549608,0.6230643982919378,0.6417177980177831,0.38820924932022094,0.4118017322927922
3,4,-12.392681526138684,16638,22033.26886243189,0.4208646093680492,0.3892529018149577,0.5771063522308563,0.33305174178520514,0.055508623630867525,0.4087324109726751,0.4280379521644463,0.5540314216800941,0.5792393771605219,0.30695084047462284,0.3355182560533093
3,5,-12.233950616952855,17910,23144.831391961066,0.2375351952269699,0.4101997134197629,0.6081620951161405,0.3698611339360535,0.06164352232267559,0.2177229505306783,0.2502482156046941,0.5923205324003795,0.6354467285887132,0.35084361310306905,0.40379261624316776
3,6,-12.114879289464358,18664,22403.244019535858,0.1953001513622023,0.428500753078067,0.6352952165135421,0.4036000121249884,0.06726666868749807,0.17126706068594022,0.2048944585183623,0.6129120308873085,0.6445080393262322,0.3756611624789929,0.41539061275614414
3,7,-12.002665587667243,18998,23908.31441804231,-0.0641357045863433,0.45532594942537585,0.6750662526180622,0.45571444542379336,0.07595240757063222,-0.0754536487005879,-0.0463860736130783,0.6524389807119761,0.6888726562222413,0.42567662355248237,0.47454569421349696
3,8,-11.877632359588858,18070,20051.814522698645,-0.0671396643651203,0.40828456554221937,0.6053226968728944,0.366415567349474,0.06106926122491233,-0.0801009375177024,-0.051043313099037424,0.5927341571914228,0.6253809689772678,0.35133378110142627,0.3911013563589464
3,9,-11.729600138011651,19907,21184.76112519096,-0.1794146850426248,0.45080389824804357,0.6683618595425493,0.44670757529117444,0.07445126254852907,-0.1886990937489931,-0.1672776310779387,0.6572349781223741,0.6840486352025965,0.4319578164675175,0.46792253532253497
3,10,-11.627738167514028,20184,21385.60770522279,-0.4203304866146098,0.47144456761117937,0.6989637159403345,0.48855027620112057,0.08142504603352009,-0.44527544494080146,-0.3987196728125077,0.6842097513623857,0.7234370532329788,0.4681429838593777,0.5233611699904158
3,11,-11.4759946898505,18665,18214.72825450126,-0.3771432410300352,0.45709229237773913,0.677685032679236,0.45925700351745713,0.07654283391957618,-0.39599080844415246,-0.3589594189464513,0.6656473446689806,0.699481602912386,0.4430865441768981,0.4892747137727381
3,12,-11.33691482163398,20510,18950.995187720328,-0.5190737702571244,0.5173990616208767,0.7670958487591117,0.588436041183462,0.09807267353057701,-0.5394885001544142,-0.4909432837838015,0.7500121055959562,0.7882084779206985,0.5625182502859067,0.6212731673497462
3,13,-11.201780933616996,19652,17947.27386825409,-0.720862531114232,0.5600021884574335,0.830259244606991,0.6893304132553713,0.11488840220922854,-0.7442616236381785,-0.7013953270375666,0.8065229984710589,0.8442426881081595,0.6504794047697853,0.7127458238998835
3,14,-11.030873545631414,19857,16672.619413828976,-0.5194532935677909,0.5617551129837199,0.8328581305096632,0.6936526655560511,0.11560877759267518,-0.5475502271015102,-0.4907533922761491,0.8102629740974531,0.8565907067571773,0.6565267791744912,0.7337476936825253
3,15,-10.865610801569732,19441,15662.145229216485,-0.8201697416929647,0.613815426789575,0.9100427517582239,0.8281778100276803,0.13802963500461338,-0.8504946131262213,-0.7890024445319792,0.8860453932989354,0.936867016641473,0.7850764570870571,0.8777198815615915
3,16,-10.689617149318902,20206,15379.241106043788,-0.848180693879458,0.6159674530514643,0.9132333458941009,0.8339951440529345,0.13899919067548908,-0.8759678250423768,-0.8156862309531059,0.8933596852356336,0.9318271791682309,0.798091557414053,0.8683019427535915
3,17,-10.494394344738378,19810,13911.618414257478,-0.8929568907623295,0.5753734975685294,0.8530487474951016,0.7276921656029617,0.12128202760049361,-0.9213029742973752,-0.8506118222860646,0.8287333722235194,0.8716534097130593,0.68679901771865,0.7597800419975589
3,18,-10.221483621113975,20155,12151.371566133404,-0.9495988040228324,0.5945868949379117,0.8815345304349479,0.7771031283491641,0.129517188058194,-0.9795220319269068,-0.9277711611104482,0.8568036520834978,0.9082839273332712,0.7341124982236196,0.8249797911492848
3,19,-9.864746724200458,19863,9052.011096279048,-0.9336552338299082,0.6449037459746467,0.9561342937820112,0.9141927877460253,0.15236546462433756,-0.9568455441359324,-0.9055685949289559,0.9284939770873271,0.9759933487043986,0.8621010798986478,0.9525658884587177
3,20,-9.118373062787605,19393,6219.081851286063,-0.5798893603000383,0.58321738866257,0.8646781004311263,0.7476682173651809,0.12461136956086348,-0.6026868740813814,-0.5598380345587407,0.8393502226931158,0.8920901347054331,0.7045093001785647,0.7958248170729252
4,1,-13.146295375085534,15997,23803.440375998187,0.927507898063773,0.4581453658262707,0.6792463193740289,0.4613755623831653,0.05767194529789566,0.9125131503246102,0.9409656704972129,0.6503161625198508,0.6942270119006023,0.42291111123454506,0.48195130220858656
4,2,-12.786623472205322,13410,18818.70042053686,0.6554483622437886,0.4497139758658246,0.6667459406186715,0.4445501493314771,0.055568768666434634,0.6483099488938091,0.6943952067861493,0.6291112732102514,0.678295172115265,0.3957816178025645,0.46008518448402846
4,3,-12.548572074567469,18313,24424.80628559232,0.4129818303744521,0.4054651080092171,0.6011425691344652,0.3613723884255852,0.04517154855319815,0.4102903941636135,0.4367020738140184,0.5877586428589098,0.6213525088583142,0.34546051841481656,0.3860790340249389
4,4,-12.381158364216292,11717,14605.833414520315,0.3440328709223479,0.448151202786402,0.6644289732511196,0.441465860495537,0.055183232561942124,0.33603101615341463,0.3711954473744097,0.6368181550786941,0.6845803442929385,0.4055375105911081,0.4686502477922382
4,5,-12.233950616952855,14704,19313.092002153666,0.2441830548159398,0.4112779354655717,0.6097606671212565,0.37180807116815984,0.04647600889601998,0.22922374445583932,0.2490619631575636,0.5977787888711491,0.6306334015082223,0.35733948042425784,0.3976984870978308
4,6,-12.114237363305088,14712,17983.903045865605,0.0924155595415303,0.44958868162765425,0.6665601793811602,0.44430247273664447,0.05553780909208056,0.08156798150324095,0.1060867706057901,0.6518469004474257,0.6895140063063437,0.4249047266327502,0.4754296216247108
4,7,-11.988858503197983,11748,13320.947346237235,0.0475598733071791,0.3849522232806776,0.5707301662359325,0.3257329226516952,0.0407166153314619,0.0362419291929345,0.0660074331019817,0.5519459150984755,0.5931892244446241,0.3046443130868807,0.35187350603321776
4,8,-11.874364012717782,13692,14542.704357016679,-0.0334802532843401,0.39157833937428416,0.5805540459563137,0.33704300027624556,0.042130375034530695,-0.0552345803488592,-0.0111068660860258,0.5616724105829233,0.6128867078903428,0.31547589681003196,0.3756301167086624
4,9,-11.73468620197812,13757,15910.466497549263,-0.2898234629619711,0.4336947465279283,0.6429958312023064,0.4134436389435449,0.051680454867943114,-0.3106337889526536,-0.2810431954095279,0.6254523022905214,0.6627009610604988,0.3911906944465658,0.4391725659509375
4,10,-11.61902870462901,10982,10841.622676175477,-0.2387793958158344,0.4431251933458462,0.6569774116545516,0.43161931942431414,0.05395241492803927,-0.2733393604668848,-0.21243584725710854,0.6121999105677254,0.6714725970144192,0.37478886045086274,0.4508754485412886
4,11,-11.48435843827254,12551,11908.575369283928,-0.415696186151461,0.4453070617574646,0.660212249761617,0.4358802147352957,0.05448502684191196,-0.4412941122636109,-0.3944285619165359,0.641281273642793,0.6890584397322042,0.4112420162306501,0.4748018626799834
4,12,-11.338346590756554,13397,12403.478531593631,-0.4922901486408992,0.481910089856422,0.7144798992211312,0.5104815263910378,0.06381019079887973,-0.5119271950505315,-0.4692522319730265,0.6957386464111226,0.738801953339802,0.48405239310568093,0.5458283265785884
4,13,-11.18754152526221,11501,9686.575787749956,-0.5850860161268763,0.5176788928356935,0.7675107265181991,0.5890727153204938,0.07363408941506172,-0.6130932681909815,-0.5578217497466103,0.7403800032545191,0.792494994199891,0.5481626816128597,0.6280564567674737
4,14,-11.037375796013333,13224,11386.456114112043,-0.4163009241097946,0.6010443470431444,0.8911083489261657,0.7940740895259172,0.09925926119073965,-0.4231788732375737,-0.40869411189035665,0.8617712439783946,0.9344737115208913,0.7426496769480696,0.8732414024170971
4,15,-10.874164934233528,11995,8949.285693145091,-0.5495761650508832,0.5723006125812925,0.8484928882130243,0.7199401813480797,0.08999252266850996,-0.5867287647152223,-0.5114044829980724,0.8249666417628353,0.8782761212659519,0.6805699625947524,0.7713697388637905
4,16,-10.689988454785368,13057,9771.600498909635,-0.5647241512461143,0.5657554861087277,0.8387890837047997,0.7035671269423374,0.08794589086779217,-0.5988993383411643,-0.5397468771889657,0.8070892344168591,0.8670689946032263,0.6513956141643833,0.7518086786992393
4,17,-10.492253776540656,13143,8796.527698245694,-0.5952589315728574,0.5645057815258578,0.8369362716902368,0.7004623228707538,0.08755779035884423,-0.6228595649439423,-0.5531046070332521,0.8134191108759398,0.8601102534495464,0.661650933921368,0.7397913475748829
4,18,-10.228808617443397,13245,7473.784658688151,-0.6681848700846711,0.565438305379967,0.838318831556339,0.7027784633419855,0.08784730791774818,-0.7039829965619013,-0.6394444754334856,0.8190111143057429,0.8697231677345066,0.6707792101689144,0.7564184282600507
4,19,-9.863253060766118,13351,5944.976916031216,-0.7476338716504145,0.6009985849016815,0.8910405019752329,0.7939531761602749,0.09924414702003437,-0.7757483110620296,-0.7111492216547702,0.849039657920781,0.9294677020715603,0.7208683483522728,0.8639102684397117
4,20,-9.112280467252912,13275,3794.7009476415687,-0.4077824338472524,0.5155600929639766,0.7643693938283918,0.5842605702215831,0.07303257127769788,-0.4282260308883625,-0.38326267808087,0.7410114856744042,0.7867915925271224,0.5490980473773911,0.6190410100883965
5,1,-13.148014173344984,10607,15055.717475854977,1.12326825630978,0.3492143452139054,0.5177451882141361,0.2680600799188912,0.02680600799188912,1.1073053339842822,1.1470120504144865,0.4968080450699048,0.5482695192195187,0.24682041634391716,0.3006101803577958
5,2,-12.809196645076916,7881,10706.770005527516,0.8302847125064403,0.3678943759196827,0.5454402017385216,0.2975050136725591,0.029750501367255912,0.8089639267957409,0.8421847671867514,0.5296366717344714,0.5769720542910732,0.2805150040459682,0.3328973261736311
5,3,-12.575003082884432,6081,7811.325599862372,0.662482135634848,0.3436849528904897,0.50954731115544,0.25963846230573884,0.025963846230573885,0.6469904864973284,0.6780306090930601,0.48965070322670234,0.5359805783770479,0.23975788097652945,0.2872764643673284
5,4,-12.403731537090604,4826,6004.627224823145,0.5291155820327855,0.3627619369832349,0.537830847771344,0.28926202081444263,0.028926202081444263,0.4890531659765642,0.549567030204388,0.5185928936462766,0.5830845603795733,0.26893884420005837,0.33998760455304033
5,5,-12.29061495959437,6454,8065.581204232771,0.3113412580089179,0.3465735902124329,0.513830004848953,0.2640212738830751,0.026402127388307512,0.252147612275845,0.3113412580089179,0.43852040775821854,0.5142779396953724,0.19230550648403827,0.2644817992573171
5,6,-12.12748069480406,4778,5145.683241447095,0.3159085454345813,0.3788428507852223,0.5616724105741705,0.31547589680019955,0.03154758968001996,0.280492233698272,0.331457018892852,0.5351048687844229,0.5868470356895588,0.28633724054534,0.3443894432976223
5,7,-12.007958055122929,5837,6752.148933285973,-0.0131426848740616,0.3316919853319557,0.4917665374531575,0.24183432735866778,0.02418343273586678,-0.0365082619340384,0.0226853837990343,0.4746190965269167,0.5340399299697816,0.22526329441408902,0.2851986468021292
5,8,-11.892905913422098,5717,6071.235031038489,-0.0357192331135038,0.4046760792092226,0.5999727550355934,0.3599673067850002,0.035996730678500025,-0.0941238500250456,-0.031106676022564398,0.5142779396953725,0.6013777349832686,0.2644817992573172,0.3616552301695995
5,9,-11.729767680024546,4150,3607.973994733733,-0.0758004099951428,0.358008116327726,0.5307828332674865,0.28173041609146043,0.028173041609146042,-0.1218258231741504,-0.039452736215581076,0.5145510446270825,0.5784633920034283,0.2647627775268218,0.3346204470627618
5,10,-11.61902870462901,5103,5227.2292038950645,-0.3818059224397245,0.3472452641114892,0.5148258285716939,0.26504563376453116,0.026504563376453117,-0.3827797242535329,-0.33120746149657543,0.5133820700318169,0.5892038729253523,0.2635611498301534,0.3471665398175281
5,11,-11.475674569324926,4719,3732.0834708308316,-0.1475931366745619,0.4374322407057357,0.6485370400703238,0.4206002923431767,0.04206002923431767,-0.1795602693253997,-0.1054730276344244,0.6058749145485389,0.6751264440842695,0.36708441213264137,0.45579645481668574
5,12,-11.339129349687443,4941,3828.46527337285,-0.4737557296580128,0.44227411612264333,0.6557156045634309,0.42996295406798574,0.04299629540679857,-0.5064687481601198,-0.4409995681851359,0.6085558933082168,0.704416434923643,0.3703408149797445,0.49621584886083614
5,13,-11.18754152526221,4514,3243.7285413902255,-0.3822677854062704,0.44545029256416413,0.6604246037556297,0.4361606572457805,0.04361606572457805,-0.3852317892206258,-0.3793037815919096,0.6055741225456702,0.7135007779204993,0.36672001789695835,0.5090837844169505
5,14,-11.030873545631414,6920,6951.972351932002,-0.5709399389190146,0.6515583401163543,0.9660003950565068,0.9331567632493273,0.09331567632493273,-0.590213095832376,-0.5293510985772123,0.9374260126167571,1.0193444231280435,0.878774657318617,1.039118570085589
5,15,-10.85666550873808,5637,4845.48769085444,-1.031934315369691,0.5063727582928976,0.75074825144505,0.5636229370478,0.05636229370478,-1.0801617078103476,-0.9850581489215776,0.6977772596466223,0.7847158267696764,0.4868931253866771,0.6157794848748726
5,16,-10.68361451715273,6665,5477.903743415174,-0.6729254571707877,0.5714140849519964,0.8471785223498298,0.7177114487308411,0.07177114487308411,-0.7461135538491259,-0.5818970049071618,0.7739771896046592,0.9130365116441582,0.5990429358735413,0.8336356759259596
5,17,-10.494394344738378,6538,5053.087136032523,-0.6162986513784787,0.5394164812438296,0.7997388750921017,0.6395822683335803,0.06395822683335803,-0.6447855025755522,-0.5919259986981604,0.7615533679117455,0.8413679064286291,0.579963870037049,0.7078999579665284
5,18,-10.221483621113975,7434,5137.497950360723,-0.7328030311126064,0.6254329649489421,0.9272669138333015,0.8598239294899354,0.08598239294899354,-0.8020344965525975,-0.6964907270591159,0.8882873333717134,0.9493534115494362,0.7890543901021301,0.9012719454991669
5,19,-9.85633534332,6864,3215.2846548650864,-0.8150695500143996,0.6073095189485045,0.9003970927930527,0.8107149247101811,0.08107149247101811,-0.8552354184758926,-0.784633193789217,0.8417860092153436,0.9492010070346437,0.7086037637872944,0.9009825555426916
5,20,-9.112012506709055,7045,2167.669711948185,-0.5069856346085935,0.6120419274141183,0.9074133615841717,0.8233990087814868,0.08233990087814867,-0.5363133905680335,-0.4598383164762553,0.8630923506439779,0.9476528862582817,0.7449284308268614,0.8980472947251427
