dt,x_id,x_center,x_lo,x_hi,n,median_dx,median_lo,median_hi,ppos,ppos_lo,ppos_hi
1,1,-11.2845,-11.825999999999999,-10.743,1990,0.5632908150617109,0.5350311180768509,0.6008237355016313,0.9303809345092888,0.9070798387830651,0.9475759622189056
1,2,-10.6405,-10.743,-10.538,1784,0.3479469886711914,0.31523211684049507,0.38397960054968855,0.8465842853812076,0.8259473554215133,0.8661423838827287
1,3,-10.4515,-10.538,-10.365,1760,0.2980970588131111,0.2621612631594597,0.337054182582219,0.7438579421065437,0.7114791569021459,0.7702719265475029
1,4,-10.293,-10.365,-10.221,1646,0.2150962790744497,0.17596925900092233,0.24060570707204074,0.6902654867256638,0.6606707024013424,0.7164191429515014
1,5,-10.161000000000001,-10.221,-10.101,1720,0.1064685569577932,0.0578697691120257,0.1495409800997045,0.579201234806097,0.5444994021655357,0.6152800712850592
1,6,-10.0475,-10.101,-9.994,1805,0.077628134072281,0.039646034603738854,0.11923225192082922,0.5638402518197916,0.5329251581459322,0.5991600429957551
1,7,-9.9415,-9.994,-9.889,1853,-0.0290673374576773,-0.07825028026939698,0.025001639812773275,0.4790580968924919,0.4495597474265155,0.507736765462529
1,8,-9.834,-9.889,-9.779,1919,-0.0705928570030334,-0.11552534796336715,-0.0251774022017077,0.45465905033916465,0.42394227842152615,0.48622905608006817
1,9,-9.7265,-9.779,-9.674,1960,-0.0404867161875195,-0.0923771774980419,-0.0034785495013984267,0.4693426624930953,0.44042607181518256,0.4980954990944237
1,10,-9.621500000000001,-9.674,-9.569,2035,-0.1092163509821357,-0.1413678663213499,-0.0628727536588638,0.4171299513551078,0.3876535993792298,0.44259254414774996
1,11,-9.5135,-9.569,-9.458,2079,-0.1529201615491402,-0.17660673937381455,-0.1025336673253463,0.3974154717649142,0.3689238517744193,0.42418794863592996
1,12,-9.3975,-9.458,-9.337,2117,-0.1857961822482998,-0.2209712249970934,-0.14756959890463603,0.3753576838916008,0.3518483670180522,0.40295088566827697
1,13,-9.272,-9.337,-9.207,2061,-0.218451130631788,-0.26065960427456053,-0.16672957978302458,0.35074499058057895,0.32153046222623677,0.3748413281667558
1,14,-9.136,-9.207,-9.065,2084,-0.2081940478242678,-0.2423233694012179,-0.1533251208321519,0.36310055367029825,0.33590668109299116,0.3889816795489766
1,15,-8.9845,-9.065,-8.904,2062,-0.1881438458994928,-0.21997039910051502,-0.1429901057925846,0.36134758195978994,0.33626344929678925,0.38580352902341347
1,16,-8.812000000000001,-8.904,-8.72,2040,-0.2015118030948048,-0.24663389256136825,-0.15800421009365925,0.3403141361256545,0.31891406730399474,0.36440248776462053
1,17,-8.599,-8.72,-8.478,2050,-0.2206547554563513,-0.25900638358367767,-0.1672303333652145,0.34282584884994527,0.32010285311025116,0.3698868410376012
1,18,-8.301,-8.478,-8.124,2097,-0.2298036027519625,-0.2682244066005496,-0.19815270480707722,0.33839516824849014,0.3139567767152234,0.36484648418301874
1,19,-7.8125,-8.124,-7.501,2060,-0.2338152525972177,-0.28286139672935345,-0.19833984133094273,0.3223169246825536,0.29756623053890346,0.34997100042460244
1,20,-5.2645,-7.501,-3.028,2040,-0.303664342573831,-0.3508777279432294,-0.24468291220880595,0.2881955612737215,0.2610674902036898,0.3165382087158681
2,1,-11.2845,-11.825999999999999,-10.743,1043,0.3604919673798683,0.31368357101245625,0.4182566187959034,0.8296276453254755,0.7946537748155597,0.8679148132678238
2,2,-10.6405,-10.743,-10.538,1755,0.2564323158070092,0.2228380365057347,0.2810086743411588,0.7846662830840047,0.7631777635391791,0.8061331004032819
2,3,-10.4515,-10.538,-10.365,1802,0.1545044493340199,0.12114410688354844,0.1872241479606575,0.6339677891654465,0.6042725630995358,0.6638817356661738
2,4,-10.293,-10.365,-10.221,1830,0.1005736595064856,0.0698192162978195,0.13408234229281543,0.5896879692975139,0.5583927308327603,0.626185766420745
2,5,-10.161000000000001,-10.221,-10.101,1727,0.0288013538156004,0.0029953305847651,0.0578633647978037,0.5326045262754124,0.5055453235959648,0.5612844590782202
2,6,-10.0475,-10.101,-9.994,1603,0.0336789375809871,-0.004459336140765297,0.0730177592001304,0.5265806169328374,0.496749796961594,0.5549626291492634
2,7,-9.9415,-9.994,-9.889,1568,-0.0016071413449587,-0.041788424345234075,0.03051588430509082,0.499222740395292,0.46214672533345275,0.5341439409250893
2,8,-9.834,-9.889,-9.779,1572,-0.0418618547283085,-0.0831921501108237,-0.0021542471934287532,0.4681270536692224,0.4408879593613003,0.5017999503490725
2,9,-9.7265,-9.779,-9.674,1620,-0.037863269015844,-0.07126464542800613,-0.0017679647675912,0.470058532192706,0.44139005479443644,0.4939626884503401
2,10,-9.621500000000001,-9.674,-9.569,1549,-0.0544780148586561,-0.0944996695362974,-0.0116515877854475,0.4615570599613153,0.43510054410521376,0.4881509644990016
2,11,-9.5135,-9.569,-9.458,1479,-0.0590250201892779,-0.1002645353988967,-0.003504438849773789,0.4649033570701933,0.4346408002572798,0.4974327778211128
2,12,-9.3975,-9.458,-9.337,1492,-0.0553315854569955,-0.12430131098534374,-0.0029740519326892,0.4643323752286385,0.43496388617184556,0.49313903847780505
2,13,-9.272,-9.337,-9.207,1547,-0.0926701159611997,-0.1262345700267255,-0.0528880626093997,0.433605720122574,0.4055372188524151,0.46431692980346306
2,14,-9.136,-9.207,-9.065,1550,-0.1220840549196218,-0.16483510484559,-0.07005226664937868,0.41711229946524053,0.3876704015023537,0.44247757645849384
2,15,-8.9845,-9.065,-8.904,1569,-0.1189276031797241,-0.15193065180165785,-0.08929392699734838,0.4020775272358753,0.37428443663163474,0.4318073011696923
2,16,-8.812000000000001,-8.904,-8.72,1495,-0.1355215269595806,-0.16238371530960122,-0.1040963672589203,0.3991275899672846,0.373804529899912,0.4288074833075058
2,17,-8.599,-8.72,-8.478,1428,-0.1588885421664887,-0.19534582306055484,-0.12416551303437864,0.3763317016988194,0.3462208848148928,0.4060956200927807
2,18,-8.301,-8.478,-8.124,1463,-0.1603018360914472,-0.1825725763460086,-0.12663772170211018,0.3794742729306487,0.35318821407495643,0.4074580720061286
2,19,-7.8125,-8.124,-7.501,1469,-0.1481082081057998,-0.17937596345307386,-0.1087665168284052,0.3862745098039216,0.3586932363793765,0.41745318699896083
2,20,-5.2645,-7.501,-3.028,1474,-0.149824044658656,-0.1866579218993323,-0.09317905608860265,0.4093437152391545,0.37954916772192604,0.4354422518830407
3,1,-11.2845,-11.825999999999999,-10.743,1041,0.432029799132346,0.4125944119340747,0.46399387571136863,0.9350180505415162,0.9194709989941339,0.9529647099003483
3,2,-10.6405,-10.743,-10.538,1117,0.310556363083089,0.2823284733183602,0.3410491718274215,0.7364725320115654,0.7102680148045601,0.762497704315886
3,3,-10.4515,-10.538,-10.365,1046,0.2338048458819415,0.19944650670043484,0.27471833176196014,0.6825259515570935,0.6471195328867153,0.7156945894738955
3,4,-10.293,-10.365,-10.221,1128,0.1702393278634293,0.14059527878134365,0.1905197519043611,0.6458020989505248,0.6138458223720886,0.6808219610816274
3,5,-10.161000000000001,-10.221,-10.101,1141,0.0825284789976947,0.0488736528354319,0.12249749874410475,0.5805299196189343,0.544807863051764,0.6151570428557853
3,6,-10.0475,-10.101,-9.994,1140,0.0391276351266274,0.005992250647175939,0.08333954376128856,0.5397676496872208,0.501706815105697,0.5755907908456589
3,7,-9.9415,-9.994,-9.889,1156,0.0497705113015545,0.0095515226880813,0.08111774770129361,0.5369026013309135,0.49852681296160456,0.5708080443834775
3,8,-9.834,-9.889,-9.779,1201,-0.022733427752847,-0.05496929680777178,0.008279076271298503,0.4723441615452151,0.4379935364851045,0.5087909887158372
3,9,-9.7265,-9.779,-9.674,1182,-0.0568698854578304,-0.08405039459063053,-0.0264259259410817,0.447992700729927,0.41445828420676595,0.4876243462294983
3,10,-9.621500000000001,-9.674,-9.569,1242,-0.1458704393859253,-0.2005119390831211,-0.09808379383731217,0.3895990703079604,0.35855564704862614,0.41895123936693834
3,11,-9.5135,-9.569,-9.458,1244,-0.1597806560572774,-0.1917208610031693,-0.11214784356832637,0.3748527679623086,0.34422590719809637,0.4051115955627182
3,12,-9.3975,-9.458,-9.337,1232,-0.2065901681600888,-0.2596116571890405,-0.1584449666849709,0.33133390459868606,0.2992139566242483,0.3639878135319209
3,13,-9.272,-9.337,-9.207,1220,-0.2503656610822151,-0.3085978077880539,-0.22004217221670255,0.31548699334543256,0.288723451524038,0.34443852141653636
3,14,-9.136,-9.207,-9.065,1147,-0.1958280416808975,-0.2374759797694388,-0.1358148707164375,0.38878016960208733,0.35350019381964637,0.4188550357775955
3,15,-8.9845,-9.065,-8.904,1190,-0.2472064117576415,-0.30247920408065126,-0.1900977046680712,0.3279924599434496,0.2951801954606438,0.35832820527592657
3,16,-8.812000000000001,-8.904,-8.72,1198,-0.2664456474004133,-0.3029371442894923,-0.2198865740266544,0.3055642879597611,0.27912085393008496,0.33055426387740733
3,17,-8.599,-8.72,-8.478,1202,-0.2685669871171825,-0.3073691372359926,-0.2327939006556523,0.28921095008051523,0.2601805301692112,0.3192514152998782
3,18,-8.301,-8.478,-8.124,1189,-0.2217395121834666,-0.27853101968945454,-0.1856857903994591,0.3104812129202373,0.27958487420651096,0.33790093712316405
3,19,-7.8125,-8.124,-7.501,1180,-0.234350654712319,-0.2686665634330758,-0.1829584250489899,0.33864947404139817,0.31277534777449567,0.371808121050488
3,20,-5.2645,-7.501,-3.028,1146,-0.1534146046932756,-0.194877743042011,-0.11086070881634183,0.3670212765957447,0.33932228327445096,0.3935445457413384
4,1,-11.2845,-11.825999999999999,-10.743,1113,0.42563580167816,0.3770582598519976,0.4601322374234282,0.8501135503406512,0.821269742196608,0.8751402852070901
4,2,-10.6405,-10.743,-10.538,847,0.474103470654363,0.4397344774226919,0.5061504528829437,0.790899241603467,0.7566622485576173,0.82055779513223
4,3,-10.4515,-10.538,-10.365,928,0.304261339236044,0.27684843022614014,0.3346235506154913,0.7557289127254998,0.7277055601259447,0.7868634640053704
4,4,-10.293,-10.365,-10.221,961,0.2533489088261813,0.222959522207461,0.2979563608877181,0.7143527204502814,0.6812626988008027,0.7502620089095112
4,5,-10.161000000000001,-10.221,-10.101,1009,0.0841985350248553,0.04368903191354364,0.13328834843752593,0.5765062852188991,0.5429933440770012,0.6073576300204888
4,6,-10.0475,-10.101,-9.994,979,0.0465424994983418,-0.013325866512076862,0.08288467387173296,0.5188319932289462,0.48388338077120846,0.5521360674143835
4,7,-9.9415,-9.994,-9.889,962,0.006410876106516,-0.04439757490699328,0.0410472084209452,0.5056867891513561,0.46782684739357944,0.5368211331982562
4,8,-9.834,-9.889,-9.779,894,0.0432461553506122,-0.0006819915740976,0.07583398851126234,0.5364459266317294,0.4950327443361054,0.5700501315526245
4,9,-9.7265,-9.779,-9.674,848,-0.0457622639890615,-0.10391698484426065,0.0012193892359236343,0.46749869994799786,0.4317494499583752,0.49963992807010277
4,10,-9.621500000000001,-9.674,-9.569,814,-0.0932246814457773,-0.13392550480745702,-0.0573441225530029,0.43499458288190673,0.3995525801425586,0.4692926588402984
4,11,-9.5135,-9.569,-9.458,802,-0.0436298954042886,-0.096014276404075,-0.0144791439618536,0.4562780269058297,0.4222881296587354,0.4891115258571557
4,12,-9.3975,-9.458,-9.337,777,-0.0842251734329053,-0.1253431565481175,-0.033267907003835674,0.44110718492343926,0.408086014649767,0.4795914795094869
4,13,-9.272,-9.337,-9.207,780,-0.0572721271779439,-0.10231128896072057,-0.0026068134622833014,0.4601262191623638,0.4232732446891596,0.4952457420527315
4,14,-9.136,-9.207,-9.065,778,-0.0485092617992304,-0.07680964671042959,0.019030440026134427,0.46860465116279076,0.4333838718847721,0.5078876481735023
4,15,-8.9845,-9.065,-8.904,754,-0.0439304448055466,-0.0875175700017703,-0.0021785821405746,0.4610011641443539,0.42657845367031333,0.4944519762734591
4,16,-8.812000000000001,-8.904,-8.72,781,-0.0905986434003764,-0.1289614878108356,-0.0563206962438354,0.41792717086834735,0.3826775675222707,0.45217820582856333
4,17,-8.599,-8.72,-8.478,810,-0.101093186383073,-0.1329137145908436,-0.053665733380509346,0.41491085899513774,0.38424843103761136,0.4510938955036832
4,18,-8.301,-8.478,-8.124,784,-0.1096009480135169,-0.15095586954495682,-0.07538084346289833,0.3968521641371557,0.3576801197294876,0.4279143194735569
4,19,-7.8125,-8.124,-7.501,807,-0.1393512359634279,-0.17358716150108758,-0.10225036809012392,0.387609649122807,0.35341620038611304,0.41799937352140176
4,20,-5.2645,-7.501,-3.028,812,-0.1482016955620784,-0.17982184806924884,-0.1087906968271728,0.3754116355653129,0.33478348449102197,0.40796607271671215
5,1,-11.2845,-11.825999999999999,-10.743,740,0.6954352016541936,0.6694872799021433,0.7386375996494063,0.9970255800118977,0.9909664395087876,1.0
5,2,-10.6405,-10.743,-10.538,377,0.6499968691793132,0.5972221201851965,0.7044024385032955,0.944168734491315,0.9185707685937132,0.966401915409708
5,3,-10.4515,-10.538,-10.365,367,0.4558623379365762,0.41982397546376454,0.4911825154340441,0.8396349413298565,0.8064935064935063,0.8773553440579466
5,4,-10.293,-10.365,-10.221,336,0.3755655029629619,0.3281473236347825,0.4343456033931687,0.8272327964860907,0.7850544616673648,0.8669590643274855
5,5,-10.161000000000001,-10.221,-10.101,319,0.2864094625574918,0.2538699764752365,0.3549622349854893,0.7707692307692309,0.7147904965293833,0.8137807925314374
5,6,-10.0475,-10.101,-9.994,372,0.1662367641052622,0.12517194009690694,0.2442315024223322,0.669108669108669,0.6252967608137466,0.7100362340450911
5,7,-9.9415,-9.994,-9.889,357,0.1257752100209579,0.0810935145902806,0.1845589808377141,0.6185567010309277,0.5627707482705021,0.6705594670300552
5,8,-9.834,-9.889,-9.779,322,0.0767670877913335,0.011245373034552975,0.1456200478553615,0.5628654970760234,0.5116764275256221,0.625431190175185
5,9,-9.7265,-9.779,-9.674,286,0.0568977579996836,-0.0211905625399939,0.1149285982404411,0.5374376039933444,0.47916583871501894,0.5891325175647963
5,10,-9.621500000000001,-9.674,-9.569,270,-0.0004826047897577,-0.0745943313333832,0.10861525051453093,0.4955595026642983,0.4435436506721375,0.5566498911341151
5,11,-9.5135,-9.569,-9.458,287,-0.008542404535289,-0.07561505137861146,0.041356106794625,0.48986486486486486,0.4352961562426757,0.5466977692070437
5,12,-9.3975,-9.458,-9.337,286,-0.0567929526151651,-0.1051506474941685,0.0223283832801399,0.4656616415410385,0.4064738165317635,0.5156119050863625
5,13,-9.272,-9.337,-9.207,294,-0.1012588097678985,-0.20892276211034486,-0.03883943281619249,0.41940789473684204,0.3598242000112873,0.4721829193811074
5,14,-9.136,-9.207,-9.065,343,-0.3705519046047278,-0.462707722214572,-0.2520978583132809,0.3104395604395604,0.2606121058777734,0.3595437473727217
5,15,-8.9845,-9.065,-8.904,329,-0.0944290150767184,-0.2493078909534318,-0.0443488557724798,0.40413793103448276,0.3506359038264184,0.4552497710665495
5,16,-8.812000000000001,-8.904,-8.72,389,-0.1152988618225663,-0.1915190639036232,-0.027116470528997853,0.4319460067491563,0.3823485704233176,0.48302400906002246
5,17,-8.599,-8.72,-8.478,410,-0.1319441910567409,-0.22073501961362157,-0.037997204605149416,0.43073593073593075,0.37754511151791376,0.48454648526077093
5,18,-8.301,-8.478,-8.124,371,-0.1674086648705461,-0.2334066782626909,-0.08119758863242109,0.3877551020408162,0.33936371275648824,0.44968219076547433
5,19,-7.8125,-8.124,-7.501,385,-0.1178941581016523,-0.17349045621618464,-0.034329854441486,0.39955357142857134,0.34199562970759323,0.4407110467657342
5,20,-5.2645,-7.501,-3.028,431,-0.0991292360342592,-0.17384444364238485,-0.027909362122497228,0.42274678111587977,0.38073616473616456,0.47278548559231576
