x,dt,obs_class,weight_col,weight_cap_q,n,grid_qlo,grid_qhi,grid_n,b_OU_linear,b_tanh_saturating,b_rational_saturating,b_hinge_plateau_smooth
-10.938501484984819,1,TT,unweighted,,39162,0.02,0.98,500,0.2901221336608719,0.27438525931449287,0.26953007669915663,0.5756176051634524
-10.929660643391399,1,TT,unweighted,,39162,0.02,0.98,500,0.2885457028871439,0.27405194177198106,0.26912338942266206,0.5709822013270783
-10.92081980179798,1,TT,unweighted,,39162,0.02,0.98,500,0.2869692721134163,0.2737105651841799,0.2687102429635759,0.5663448026925904
-10.91197896020456,1,TT,unweighted,,39162,0.02,0.98,500,0.28539284133968823,0.2733609451029479,0.2682905100458186,0.561705515144019
-10.90313811861114,1,TT,unweighted,,39162,0.02,0.98,500,0.2838164105659602,0.2730028933800657,0.2678640605389281,0.5570644471559275
-10.894297277017722,1,TT,unweighted,,39162,0.02,0.98,500,0.2822399797922326,0.27263621811956473,0.26743076139137134,0.5524217098154542
-10.885456435424302,1,TT,unweighted,,39162,0.02,0.98,500,0.28066354901850454,0.27226072363090437,0.2669904765624825,0.5477774168436965
-10.876615593830882,1,TT,unweighted,,39162,0.02,0.98,500,0.2790871182447767,0.27187621038310417,0.2665430669530204,0.5431316846164064
-10.867774752237464,1,TT,unweighted,,39162,0.02,0.98,500,0.2775106874710489,0.2714824749599381,0.26608839033433906,0.5384846321839519
-10.858933910644044,1,TT,unweighted,,39162,0.02,0.98,500,0.2759342566973211,0.27107931001630714,0.2656263012761658,0.533836381290515
-10.850093069050626,1,TT,unweighted,,39162,0.02,0.98,500,0.27435782592359326,0.2706665042359125,0.2651566510729883,0.5291870563925003
-10.841252227457206,1,TT,unweighted,,39162,0.02,0.98,500,0.2727813951498652,0.2702438422903525,0.26467928766904864,0.5245367846761086
-10.832411385863786,1,TT,unweighted,,39162,0.02,0.98,500,0.2712049643761374,0.2698111047997804,0.2641940555819498,0.519885696074054
-10.823570544270368,1,TT,unweighted,,39162,0.02,0.98,500,0.26962853360240957,0.26936806829525756,0.26370079582488043,0.5152339232813768
-10.814729702676948,1,TT,unweighted,,39162,0.02,0.98,500,0.26805210282868175,0.2689145051829496,0.2631993458274672,0.5105816017703231
-10.805888861083528,1,TT,unweighted,,39162,0.02,0.98,500,0.2664756720549537,0.26845018371031665,0.26268953935527,0.5059288698042621
-10.79704801949011,1,TT,unweighted,,39162,0.02,0.98,500,0.2648992412812261,0.26797486793445485,0.26217120642793545,0.5012758684505977
-10.78820717789669,1,TT,unweighted,,39162,0.02,0.98,500,0.26332281050749806,0.2674883176927548,0.2616441732360307,0.49662274159263453
-10.77936633630327,1,TT,unweighted,,39162,0.02,0.98,500,0.26174637973377,0.2669902885760486,0.26110826205658444,0.4919696359403776
-10.770525494709851,1,TT,unweighted,,39162,0.02,0.98,500,0.2601699489600424,0.2664805319044244,0.2605632911673654,0.48731670104021946
-10.761684653116431,1,TT,unweighted,,39162,0.02,0.98,500,0.2585935181863144,0.2659587947058923,0.2600090747599338,0.48266408928347254
-10.752843811523011,1,TT,unweighted,,39162,0.02,0.98,500,0.25701708741258633,0.26542481969809917,0.25944542285151045,0.47801195591373125
-10.744002969929593,1,TT,unweighted,,39162,0.02,0.98,500,0.25544065663885873,0.26487834527328763,0.25887214119570884,0.47336045903300283
-10.735162128336173,1,TT,unweighted,,39162,0.02,0.98,500,0.2538642258651307,0.26431910548671095,0.25828903119218644,0.46870975960659006
-10.726321286742753,1,TT,unweighted,,39162,0.02,0.98,500,0.25228779509140264,0.26374683004871785,0.2576958897952791,0.46406002146668335
-10.717480445149334,1,TT,unweighted,,39162,0.02,0.98,500,0.25071136431767505,0.2631612443207299,0.2570925094216852,0.4594114113146226
-10.708639603555914,1,TT,unweighted,,39162,0.02,0.98,500,0.249134933543947,0.2625620693153427,0.25647867785728024,0.4547640987217912
-10.699798761962496,1,TT,unweighted,,39162,0.02,0.98,500,0.2475585027702194,0.26194902170078943,0.2558541781631494,0.4501182561291289
-10.690957920369076,1,TT,unweighted,,39162,0.02,0.98,500,0.24598207199649136,0.2613218138100115,0.2552187885809322,0.4454740588451888
-10.682117078775656,1,TT,unweighted,,39162,0.02,0.98,500,0.24440564122276354,0.26068015365459124,0.2545722824375904,0.440831685042746
-10.673276237182238,1,TT,unweighted,,39162,0.02,0.98,500,0.24282921044903572,0.2600237449438062,0.2539144280497132,0.4361913157538869
-10.664435395588818,1,TT,unweighted,,39162,0.02,0.98,500,0.24125277967530767,0.25935228710907493,0.25324498862749256,0.4315531348635702
-10.655594553995398,1,TT,unweighted,,39162,0.02,0.98,500,0.23967634890157985,0.2586654753340701,0.2525637221785099,0.42691732910161834
-10.64675371240198,1,TT,unweighted,,39162,0.02,0.98,500,0.23809991812785203,0.2579630005907809,0.2518703814114905,0.4222840880330949
-10.63791287080856,1,TT,unweighted,,39162,0.02,0.98,500,0.2365234873541242,0.2572445496818164,0.2511647136401938,0.4176536040470531
-10.62907202921514,1,TT,unweighted,,39162,0.02,0.98,500,0.23494705658039616,0.2565098052892472,0.25044646068762944,0.41302607234361516
-10.620231187621721,1,TT,unweighted,,39162,0.02,0.98,500,0.23337062580666856,0.2557584460302882,0.2497153587907952,0.4084016909193472
-10.611390346028301,1,TT,unweighted,,39162,0.02,0.98,500,0.23179419503294052,0.2549901465201326,0.24897113850615907,0.4037806605509021
-10.602549504434881,1,TT,unweighted,,39162,0.02,0.98,500,0.23021776425921248,0.25420457744225594,0.24821352461612284,0.3991631847769078
-10.593708662841463,1,TT,unweighted,,39162,0.02,0.98,500,0.22864133348548488,0.25340140562650887,0.24744223603672094,0.39454946987806316
-10.584867821248043,1,TT,unweighted,,39162,0.02,0.98,500,0.22706490271175683,0.2525802941353269,0.24665698572683406,0.38993972485541023
-10.576026979654623,1,TT,unweighted,,39162,0.02,0.98,500,0.2254884719380288,0.25174090235839125,0.24585748059921628,0.3853341614067707
-10.567186138061205,1,TT,unweighted,,39162,0.02,0.98,500,0.2239120411643012,0.2508828861160737,0.24504342143365634,0.3807329939013086
-10.558345296467785,1,TT,unweighted,,39162,0.02,0.98,500,0.22233561039057315,0.25000589777200677,0.24421450279262,0.3761364393521913
-10.549504454874366,1,TT,unweighted,,39162,0.02,0.98,500,0.22075917961684555,0.24910958635512367,0.24337041293974707,0.37154471738734396
-10.540663613280946,1,TT,unweighted,,39162,0.02,0.98,500,0.2191827488431175,0.2481935976915095,0.24251083376159893,0.3669580502182482
-10.531822771687526,1,TT,unweighted,,39162,0.02,0.98,500,0.21760631806938946,0.24725757454641437,0.24163544069308812,0.3623766626067894
-10.522981930094108,1,TT,unweighted,,39162,0.02,0.98,500,0.21602988729566186,0.24630115677677258,0.24074390264704473,0.35780078183011915
-10.514141088500688,1,TT,unweighted,,39162,0.02,0.98,500,0.21445345652193382,0.24532398149457624,0.23983588194840902,0.3532306376435099
-10.505300246907268,1,TT,unweighted,,39162,0.02,0.98,500,0.212877025748206,0.2443256832414499,0.23891103427357557,0.34866646224120296
-10.49645940531385,1,TT,unweighted,,39162,0.02,0.98,500,0.21130059497447817,0.24330589417476803,0.23796900859544168,0.34410849021522033
-10.48761856372043,1,TT,unweighted,,39162,0.02,0.98,500,0.20972416420075035,0.2422642442656553,0.23700944713475475,0.3395569585121238
-10.47877772212701,1,TT,unweighted,,39162,0.02,0.98,500,0.2081477334270223,0.2412003615092077,0.23603198531839137,0.3350121063877298
-10.469936880533592,1,TT,unweighted,,39162,0.02,0.98,500,0.2065713026532945,0.24011387214726002,0.2350362517452344,0.33047417535974377
-10.461096038940171,1,TT,unweighted,,39162,0.02,0.98,500,0.20499487187956666,0.23900440090402264,0.23402186816036147,0.32594340915832387
-10.452255197346751,1,TT,unweighted,,39162,0.02,0.98,500,0.20341844110583862,0.2378715712349037,0.23298844943829852,0.3214200536745665
-10.443414355753333,1,TT,unweighted,,39162,0.02,0.98,500,0.20184201033211102,0.2367150055888137,0.23193560357613446,0.3169043569068987
-10.434573514159913,1,TT,unweighted,,39162,0.02,0.98,500,0.20026557955838298,0.23553432568424595,0.23086293169733918,0.3123965689053777
-10.425732672566493,1,TT,unweighted,,39162,0.02,0.98,500,0.19868914878465493,0.23432915279941102,0.22977002806717797,0.30789694171391646
-10.416891830973075,1,TT,unweighted,,39162,0.02,0.98,500,0.19711271801092733,0.23309910807668088,0.2286564801206556,0.3034057293104062
-10.408050989379655,1,TT,unweighted,,39162,0.02,0.98,500,0.1955362872371993,0.2318438128415895,0.22752186850397915,0.29892318754475844
-10.399210147786235,1,TT,unweighted,,39162,0.02,0.98,500,0.19395985646347125,0.23056288893661395,0.2263657671305789,0.2944495740748741
-10.390369306192817,1,TT,unweighted,,39162,0.02,0.98,500,0.19238342568974365,0.22925595906993407,0.22518774325277213,0.2899851483005414
-10.381528464599397,1,TT,unweighted,,39162,0.02,0.98,500,0.1908069949160156,0.22792264717935085,0.22398735755021243,0.28553017129526836
-10.372687623005978,1,TT,unweighted,,39162,0.02,0.98,500,0.189230564142288,0.22656257881151726,0.2227641642363203,0.28108490573607925
-10.363846781412558,1,TT,unweighted,,39162,0.02,0.98,500,0.18765413336855996,0.22517538151659863,0.2215177111839352,0.27664961583127257
-10.355005939819138,1,TT,unweighted,,39162,0.02,0.98,500,0.18607770259483192,0.22376068525846313,0.22024754007149508,0.2722245672461737
-10.34616509822572,1,TT,unweighted,,39162,0.02,0.98,500,0.18450127182110432,0.22231812284045427,0.21895318655108878,0.26781002702688916
-10.3373242566323,1,TT,unweighted,,39162,0.02,0.98,500,0.18292484104737627,0.2208473303467723,0.21763418043978663,0.26340626352209096
-10.32848341503888,1,TT,unweighted,,39162,0.02,0.98,500,0.18134841027364845,0.21934794759945173,0.21629004593570525,0.2590135463028621
-10.319642573445462,1,TT,unweighted,,39162,0.02,0.98,500,0.17977197949992063,0.21781961863087418,0.21492030186030453,0.25463214608062396
-10.310801731852042,1,TT,unweighted,,39162,0.02,0.98,500,0.1781955487261928,0.21626199217172065,0.2135244619284685,0.25026233462317066
-10.301960890258622,1,TT,unweighted,,39162,0.02,0.98,500,0.17661911795246477,0.21467472215421976,0.21210203504796601,0.24590438466885983
-10.293120048665203,1,TT,unweighted,,39162,0.02,0.98,500,0.17504268717873694,0.21305746823049346,0.21065252564992082,0.24155856983898233
-10.284279207071783,1,TT,unweighted,,39162,0.02,0.98,500,0.17346625640500912,0.21140989630575746,0.20917543405196445,0.2372251645483465
-10.275438365478363,1,TT,unweighted,,39162,0.02,0.98,500,0.17188982563128108,0.20973167908607998,0.20767025685577764,0.23290444391413542
-10.266597523884945,1,TT,unweighted,,39162,0.02,0.98,500,0.17031339485755348,0.208022496640338,0.20613648738074425,0.22859668366305716
-10.257756682291525,1,TT,unweighted,,39162,0.02,0.98,500,0.16873696408382544,0.20628203697595898,0.20457361613546993,0.22430216003685183
-10.248915840698107,1,TT,unweighted,,39162,0.02,0.98,500,0.16716053331009784,0.20450999662797603,0.20298113132892953,0.22002114969620007
-10.240074999104687,1,TT,unweighted,,39162,0.02,0.98,500,0.1655841025363698,0.20270608126084833,0.20135851942300084,0.21575392962307247
-10.231234157511267,1,TT,unweighted,,39162,0.02,0.98,500,0.16400767176264175,0.20087000628245172,0.19970526572815414,0.211500777021593
-10.222393315917849,1,TT,unweighted,,39162,0.02,0.98,500,0.16243124098891415,0.19900149746955773,0.19802085504403158,0.20726196921745899
-10.213552474324429,1,TT,unweighted,,39162,0.02,0.98,500,0.1608548102151861,0.19710029160406103,0.19630477234663327,0.20303778355597474
-10.204711632731009,1,TT,unweighted,,39162,0.02,0.98,500,0.15927837944145806,0.19516613711914355,0.1945565035237864,0.19882849729877644
-10.19587079113759,1,TT,unweighted,,39162,0.02,0.98,500,0.15770194866773046,0.19319879475448104,0.19277553616050536,0.19463438751929002
-10.18702994954417,1,TT,unweighted,,39162,0.02,0.98,500,0.15612551789400242,0.1911980382195327,0.19096136037578815,0.19045573099700383
-10.17818910795075,1,TT,unweighted,,39162,0.02,0.98,500,0.15454908712027438,0.18916365486387865,0.18911346971230464,0.18629280411062304
-10.169348266357332,1,TT,unweighted,,39162,0.02,0.98,500,0.15297265634654678,0.18709544635348455,0.18723136208031227,0.18214588273016774
-10.160507424763912,1,TT,unweighted,,39162,0.02,0.98,500,0.15139622557281873,0.18499322935170484,0.18531454075701456,0.1780152421080896
-10.151666583170492,1,TT,unweighted,,39162,0.02,0.98,500,0.1498197947990909,0.18285683620376023,0.18336251544242635,0.1739011567695008
-10.142825741577074,1,TT,unweighted,,39162,0.02,0.98,500,0.1482433640253631,0.18068611562333664,0.18137480337262296,0.16980390040156212
-10.133984899983654,1,TT,unweighted,,39162,0.02,0.98,500,0.14666693325163527,0.17848093337988774,0.17935093049106174,0.16572374574212928
-10.125144058390234,1,TT,unweighted,,39162,0.02,0.98,500,0.14509050247790722,0.1762411729851481,0.17729043267843567,0.16166096446773837
-10.116303216796815,1,TT,unweighted,,39162,0.02,0.98,500,0.14351407170417962,0.17396673637727847,0.17519285704125565,0.15761582708100838
-10.107462375203395,1,TT,unweighted,,39162,0.02,0.98,500,0.14193764093045158,0.17165754460100432,0.17305776325908392,0.15358860279754033
-10.098621533609975,1,TT,unweighted,,39162,0.02,0.98,500,0.14036121015672354,0.16931353848203834,0.17088472499002902,0.1495795594324155
-10.089780692016557,1,TT,unweighted,,39162,0.02,0.98,500,0.13878477938299594,0.166934679294,0.16867333133375786,0.14558896328636847
-10.080939850423137,1,TT,unweighted,,39162,0.02,0.98,500,0.1372083486092679,0.16452094941599182,0.1664231883509158,0.14161707903172238
-10.072099008829719,1,TT,unweighted,,39162,0.02,0.98,500,0.1356319178355403,0.16207235297893458,0.16413392063744142,0.13766416959819533
-10.063258167236299,1,TT,unweighted,,39162,0.02,0.98,500,0.13405548706181225,0.1595889164986893,0.16180517295180746,0.13373049605864504
-10.054417325642879,1,TT,unweighted,,39162,0.02,0.98,500,0.1324790562880842,0.157070689493972,0.15943661189277544,0.1298163175148689
-10.04557648404946,1,TT,unweighted,,39162,0.02,0.98,500,0.1309026255143566,0.15451774508699237,0.1570279276247271,0.12592189098354162
-10.03673564245604,1,TT,unweighted,,39162,0.02,0.98,500,0.12932619474062856,0.15193018058472782,0.1545788356471211,0.12204747128238254
-10.02789480086262,1,TT,unweighted,,39162,0.02,0.98,500,0.12774976396690052,0.14930811803870897,0.15208907860406806,0.11819331091666382
-10.019053959269202,1,TT,unweighted,,39162,0.02,0.98,500,0.12617333319317292,0.14665170478115405,0.14955842812941977,0.11435965996614468
-10.010213117675782,1,TT,unweighted,,39162,0.02,0.98,500,0.12459690241944488,0.14396111393528488,0.14698668672217813,0.11054676597252733
-10.001372276082362,1,TT,unweighted,,39162,0.02,0.98,500,0.12302047164571706,0.1412365448976465,0.1443736896464041,0.10675487382754917
-9.992531434488944,1,TT,unweighted,,39162,0.02,0.98,500,0.12144404087198923,0.13847822379023694,0.14171930684915385,0.10298422566178798
-9.983690592895524,1,TT,unweighted,,39162,0.02,0.98,500,0.11986761009826119,0.13568640388027395,0.13902344488933485,0.09923506073429463
-9.974849751302104,1,TT,unweighted,,39162,0.02,0.98,500,0.11829117932453337,0.1328613659654439,0.13628604886971724,0.09550761532314883
-9.966008909708686,1,TT,unweighted,,39162,0.02,0.98,500,0.11671474855080555,0.1300034187224879,0.13350710436367091,0.09180212261703079
-9.957168068115266,1,TT,unweighted,,39162,0.02,0.98,500,0.11513831777707773,0.1271128990170324,0.13068663932756605,0.08811881260790655
-9.948327226521847,1,TT,unweighted,,39162,0.02,0.98,500,0.1135618870033499,0.12419017217261882,0.12782472598914613,0.08445791198494333
-9.939486384928427,1,TT,unweighted,,39162,0.02,0.98,500,0.11198545622962208,0.12123563219692508,0.1249214827015581,0.08081964402971954
-9.930645543335007,1,TT,unweighted,,39162,0.02,0.98,500,0.11040902545589404,0.11824970196327106,0.12197707575218149,0.07720422851286007
-9.92180470174159,1,TT,unweighted,,39162,0.02,0.98,500,0.10883259468216644,0.11523283334554886,0.11899172111483605,0.0736118815921656
-9.912963860148169,1,TT,unweighted,,39162,0.02,0.98,500,0.1072561639084384,0.11218550730482876,0.11596568613348932,0.07004281571234677
-9.904123018554749,1,TT,unweighted,,39162,0.02,0.98,500,0.10567973313471035,0.10910823392599435,0.11289929112516765,0.06649723950645496
-9.89528217696133,1,TT,unweighted,,39162,0.02,0.98,500,0.10410330236098275,0.10600155240285622,0.10979291088941366,0.06297535769909159
-9.88644133536791,1,TT,unweighted,,39162,0.02,0.98,500,0.10252687158725471,0.10286603097033381,0.10664697611138761,0.059477371011499316
-9.87760049377449,1,TT,unweighted,,39162,0.02,0.98,500,0.10095044081352667,0.09970226678242981,0.10346197464554215,0.05600347606862088
-9.868759652181073,1,TT,unweighted,,39162,0.02,0.98,500,0.09937401003979907,0.09651088573484985,0.10023845266671762,0.05255386530820831
-9.859918810587653,1,TT,unweighted,,39162,0.02,0.98,500,0.09779757926607102,0.09329254223129103,0.09697701567556913,0.04912872689207086
-9.851077968994232,1,TT,unweighted,,39162,0.02,0.98,500,0.09622114849234298,0.09004791889258827,0.09367832934540656,0.04572824461955213
-9.842237127400814,1,TT,unweighted,,39162,0.02,0.98,500,0.09464471771861538,0.08677772620806277,0.09034312019780902,0.042352597843309886
-9.833396285807394,1,TT,unweighted,,39162,0.02,0.98,500,0.09306828694488734,0.08348270212861611,0.08697217609482796,0.039001961387476566
-9.824555444213974,1,TT,unweighted,,39162,0.02,0.98,500,0.09149185617115951,0.08016361160130245,0.08356634653616991,0.03567650546828917
-9.815714602620556,1,TT,unweighted,,39162,0.02,0.98,500,0.08991542539743169,0.0768212460452898,0.08012654275045274,0.03237639561725303
-9.806873761027136,1,TT,unweighted,,39162,0.02,0.98,500,0.08833899462370365,0.07345642276934042,0.07665373757051745,0.029101792606909538
-9.798032919433716,1,TT,unweighted,,39162,0.02,0.98,500,0.08676256384997583,0.07006998433114765,0.07314896508379237,0.02585285237929255
-9.789192077840298,1,TT,unweighted,,39162,0.02,0.98,500,0.085186133076248,0.06666279783905874,0.06961332004985114,0.022629725977118903
-9.780351236246878,1,TT,unweighted,,39162,0.02,0.98,500,0.08360970230252018,0.06323575419694477,0.06604795707862286,0.019432559477793307
-9.771510394653458,1,TT,unweighted,,39162,0.02,0.98,500,0.08203327152879214,0.05978976729319437,0.06245408956414986,0.016261493930283213
-9.76266955306004,1,TT,unweighted,,39162,0.02,0.98,500,0.08045684075506454,0.0563257731350049,0.058832988370326064,0.013116665294916868
-9.75382871146662,1,TT,unweighted,,39162,0.02,0.98,500,0.0788804099813365,0.05284472892937867,0.05518598026673733,0.009998204386159573
-9.744987869873201,1,TT,unweighted,,39162,0.02,0.98,500,0.0773039792076089,0.04934761211244533,0.05151444611449366,0.006906236818432984
-9.736147028279781,1,TT,unweighted,,39162,0.02,0.98,500,0.07572754843388085,0.045835419328917715,0.047819818803764125,0.0038408829549989587
-9.727306186686361,1,TT,unweighted,,39162,0.02,0.98,500,0.07415111766015281,0.0423091653637323,0.04410358094667361,0.0008022578599797686
-9.718465345092943,1,TT,unweighted,,39162,0.02,0.98,500,0.07257468688642521,0.038769882028086664,0.04036726233112953,-0.002209528746466627
-9.709624503499523,1,TT,unweighted,,39162,0.02,0.98,500,0.07099825611269717,0.03521861700230452,0.0366124371431384,-0.0051943725297662335
-9.700783661906103,1,TT,unweighted,,39162,0.02,0.98,500,0.06942182533896912,0.031656432638142565,0.03284072096713306,-0.008152174579311694
-9.691942820312685,1,TT,unweighted,,39162,0.02,0.98,500,0.06784539456524152,0.028084404723310405,0.029053767575740123,-0.011082841443584443
-9.683101978719264,1,TT,unweighted,,39162,0.02,0.98,500,0.06626896379151348,0.024503621211158733,0.02525326552231197,-0.013986285161988507
-9.674261137125844,1,TT,unweighted,,39162,0.02,0.98,500,0.06469253301778544,0.020915180918644735,0.021440934551339406,-0.016862423293361184
-9.665420295532426,1,TT,unweighted,,39162,0.02,0.98,500,0.06311610224405784,0.017320192195805374,0.01761852184352698,-0.01971117894116274
-9.656579453939006,1,TT,unweighted,,39162,0.02,0.98,500,0.06153967147032979,0.013719771570115847,0.013787798113888071,-0.022532480775316735
-9.647738612345588,1,TT,unweighted,,39162,0.02,0.98,500,0.059963240696602194,0.010115042369224487,0.009950553582620581,-0.025326263050689607
-9.638897770752168,1,TT,unweighted,,39162,0.02,0.98,500,0.05838680992287415,0.006507133325627901,0.006108593839724815,-0.028092465622210752
-9.630056929158748,1,TT,unweighted,,39162,0.02,0.98,500,0.05681037914914633,0.0028971771669718707,0.002263735625403624,-0.030831033956619312
-9.62121608756533,1,TT,unweighted,,39162,0.02,0.98,500,0.05523394837541851,-0.0007136908043105578,-0.001582197450930038,-0.03354191914084943
-9.61237524597191,1,TT,unweighted,,39162,0.02,0.98,500,0.05365751760169046,-0.004324334138238429,-0.005427379229579212,-0.03622507788704859
-9.60353440437849,1,TT,unweighted,,39162,0.02,0.98,500,0.05208108682796264,-0.00793361666758342,-0.009269985333588074,-0.038880472534239
-9.594693562785071,1,TT,unweighted,,39162,0.02,0.98,500,0.05050465605423482,-0.01154040393742088,-0.013108197491912136,-0.04150807104663863
-9.585852721191651,1,TT,unweighted,,39162,0.02,0.98,500,0.048928225280507,-0.015143564630104555,-0.016940207828856704,-0.04410784700865375
-9.577011879598231,1,TT,unweighted,,39162,0.02,0.98,500,0.047351794506778955,-0.01874197198185916,-0.020764223096241742,-0.04667977961655854
-9.568171038004813,1,TT,unweighted,,39162,0.02,0.98,500,0.045775363733051355,-0.02233450518724287,-0.02457846882533861,-0.04922385366688929
-9.559330196411393,1,TT,unweighted,,39162,0.02,0.98,500,0.04419893295932331,-0.025920050787767705,-0.028381193376392583,-0.051740059541581
-9.550489354817973,1,TT,unweighted,,39162,0.02,0.98,500,0.04262250218559527,-0.029497504041037844,-0.032170671864545204,-0.05422839318986776
-9.541648513224555,1,TT,unweighted,,39162,0.02,0.98,500,0.04104607141186767,-0.03306577026687398,-0.035945209942186515,-0.05668885610698648
-9.532807671631135,1,TT,unweighted,,39162,0.02,0.98,500,0.039469640638139625,-0.036623766166976025,-0.03970314741911935,-0.059121455309722695
-9.523966830037715,1,TT,unweighted,,39162,0.02,0.98,500,0.03789320986441158,-0.04017042111479547,-0.04344286170344769,-0.06152620330882667
-9.515125988444296,1,TT,unweighted,,39162,0.02,0.98,500,0.03631677909068398,-0.043704678412441106,-0.04716277104778606,-0.06390311807835744
-9.506285146850876,1,TT,unweighted,,39162,0.02,0.98,500,0.03474034831695594,-0.04722549651156828,-0.05086133758714141,-0.06625222302198953
-9.497444305257456,1,TT,unweighted,,39162,0.02,0.98,500,0.033163917543227894,-0.050731850195360376,-0.054537070156680564,-0.0685735469363341
-9.488603463664038,1,TT,unweighted,,39162,0.02,0.98,500,0.031587486769500295,-0.05422273171889976,-0.0581885268795381,-0.0708671239713298
-9.479762622070618,1,TT,unweighted,,39162,0.02,0.98,500,0.03001105599577225,-0.05769715190538564,-0.061814317516756104,-0.07313299358775774
-9.470921780477198,1,TT,unweighted,,39162,0.02,0.98,500,0.02843462522204443,-0.061154141195844766,-0.06541310557341576,-0.07537120051192757
-9.46208093888378,1,TT,unweighted,,39162,0.02,0.98,500,0.026858194448316608,-0.0645927506501957,-0.0689836101569928,-0.07758179468761066
-9.45324009729036,1,TT,unweighted,,39162,0.02,0.98,500,0.025281763674588786,-0.06801205289771083,-0.0725246075858674,-0.07976483122527338
-9.444399255696942,1,TT,unweighted,,39162,0.02,0.98,500,0.023705332900860965,-0.07141114303512747,-0.07603493274777672,-0.08192037034867325
-9.435558414103522,1,TT,unweighted,,39162,0.02,0.98,500,0.022128902127133143,-0.07478913947089454,-0.0795134802098067,-0.0840484773388931
-9.426717572510102,1,TT,unweighted,,39162,0.02,0.98,500,0.0205524713534051,-0.07814518471421816,-0.08295920508316698,-0.08614922247587345
-9.417876730916683,1,TT,unweighted,,39162,0.02,0.98,500,0.018976040579677278,-0.08147844610782233,-0.08637112364761192,-0.08822268097752373
-9.409035889323263,1,TT,unweighted,,39162,0.02,0.98,500,0.017399609805949456,-0.08478811650353235,-0.08974831374180178,-0.09026893293647759
-9.400195047729843,1,TT,unweighted,,39162,0.02,0.98,500,0.015823179032221413,-0.08807341488000506,-0.09308991492722496,-0.09228806325456902
-9.391354206136425,1,TT,unweighted,,39162,0.02,0.98,500,0.014246748258493813,-0.09133358690215934,-0.09639512843450707,-0.09428016157510957
-9.382513364543005,1,TT,unweighted,,39162,0.02,0.98,500,0.01267031748476577,-0.09456790542205241,-0.09966321690195569,-0.09624532221304186
-9.373672522949585,1,TT,unweighted,,39162,0.02,0.98,500,0.011093886711037726,-0.0977756709211517,-0.1028935039170849,-0.09818364408304638
-9.364831681356167,1,TT,unweighted,,39162,0.02,0.98,500,0.009517455937310126,-0.10095621189417003,-0.10608537337263041,-0.10009523062568551
-9.355990839762747,1,TT,unweighted,,39162,0.02,0.98,500,0.007941025163582083,-0.10410888517480694,-0.1092382686491484,-0.10198018973166875
-9.347149998169328,1,TT,unweighted,,39162,0.02,0.98,500,0.006364594389854483,-0.10723307620392468,-0.11235169163675188,-0.10383863366431363
-9.338309156575908,1,TT,unweighted,,39162,0.02,0.98,500,0.00478816361612644,-0.11032819924088877,-0.11542520160888196,-0.10567067898029603
-9.329468314982488,1,TT,unweighted,,39162,0.02,0.98,500,0.003211732842398396,-0.11339369751893676,-0.11845841396116866,-0.10747644644876508
-9.32062747338907,1,TT,unweighted,,39162,0.02,0.98,500,0.0016353020686707964,-0.11642904334563547,-0.12145099882853824,-0.10925606096891456
-9.31178663179565,1,TT,unweighted,,39162,0.02,0.98,500,5.887129494275278e-05,-0.11943373814961478,-0.12440267959365661,-0.11100965148609311
-9.30294579020223,1,TT,unweighted,,39162,0.02,0.98,500,-0.0015175594787852908,-0.12240731247490821,-0.12731323129964855,-0.11273735090653725
-9.294104948608812,1,TT,unweighted,,39162,0.02,0.98,500,-0.0030939902525128904,-0.12534932592437764,-0.13018247897980154,-0.11443929601081657
-9.285264107015392,1,TT,unweighted,,39162,0.02,0.98,500,-0.004670421026240934,-0.12825936705380167,-0.13301029591661856,-0.11611562736607803
-9.276423265421972,1,TT,unweighted,,39162,0.02,0.98,500,-0.006246851799968756,-0.13113705321831665,-0.13579660184217654,-0.11776648923716741
-9.267582423828554,1,TT,unweighted,,39162,0.02,0.98,500,-0.007823282573696577,-0.13398203037301254,-0.13854136109129692,-0.11939202949672538
-9.258741582235134,1,TT,unweighted,,39162,0.02,0.98,500,-0.009399713347424399,-0.13679397282955613,-0.1412445807184947,-0.12099239953433572
-9.249900740641714,1,TT,unweighted,,39162,0.02,0.98,500,-0.010976144121152442,-0.13957258297078975,-0.14390630858910733,-0.12256775416481228
-9.241059899048295,1,TT,unweighted,,39162,0.02,0.98,500,-0.012552574894880264,-0.14231759092533297,-0.1465266314544195,-0.1241182515357119
-9.232219057454875,1,TT,unweighted,,39162,0.02,0.98,500,-0.014129005668608086,-0.14502875420425304,-0.14910567301995725,-0.12564405303415815
-9.223378215861455,1,TT,unweighted,,39162,0.02,0.98,500,-0.01570543644233613,-0.1477058573019126,-0.15164359201548425,-0.12714532319305244
-9.214537374268037,1,TT,unweighted,,39162,0.02,0.98,500,-0.01728186721606373,-0.15034871126315072,-0.15414058027459288,-0.12862222959676578
-9.205696532674617,1,TT,unweighted,,39162,0.02,0.98,500,-0.018858297989791772,-0.15295715321896045,-0.15659686083111463,-0.13007494278638565
-9.196855691081197,1,TT,unweighted,,39162,0.02,0.98,500,-0.020434728763519816,-0.15553104589283945,-0.1590126860389232,-0.13150363616460006
-9.188014849487779,1,TT,unweighted,,39162,0.02,0.98,500,-0.022011159537247416,-0.15807027708000776,-0.1613883357210751,-0.1329084859003014
-9.179174007894359,1,TT,unweighted,,39162,0.02,0.98,500,-0.02358759031097546,-0.16057475910166732,-0.1637241153535927,-0.13428967083298748
-9.170333166300939,1,TT,unweighted,,39162,0.02,0.98,500,-0.025164021084703503,-0.16304442823646442,-0.16602035428858516,-0.13564737237703442
-9.16149232470752,1,TT,unweighted,,39162,0.02,0.98,500,-0.026740451858431102,-0.1654792441313084,-0.16827740402083038,-0.13698177442592346
-9.1526514831141,1,TT,unweighted,,39162,0.02,0.98,500,-0.028316882632159146,-0.1678791891936574,-0.170495636501364,-0.1382930632564919
-9.143810641520682,1,TT,unweighted,,39162,0.02,0.98,500,-0.029893313405886746,-0.17024426796734632,-0.17267544250109068,-0.1395814274332816
-9.134969799927262,1,TT,unweighted,,39162,0.02,0.98,500,-0.03146974417961479,-0.17257450649400685,-0.1748172300269394,-0.1408470577130613
-9.126128958333842,1,TT,unweighted,,39162,0.02,0.98,500,-0.03304617495334283,-0.17486995166205613,-0.1769214227925889,-0.14209014694958688
-9.117288116740424,1,TT,unweighted,,39162,0.02,0.98,500,-0.03462260572707043,-0.17713067054520265,-0.1789884587453668,-0.1433108899986738
-9.108447275147004,1,TT,unweighted,,39162,0.02,0.98,500,-0.036199036500798476,-0.17935674973234572,-0.1810187886505008,-0.1445094836236457
-9.099606433553584,1,TT,unweighted,,39162,0.02,0.98,500,-0.0377754672745263,-0.18154829465068265,-0.18301287473351877,-0.14568612640122405
-9.090765591960166,1,TT,unweighted,,39162,0.02,0.98,500,-0.03935189804825412,-0.18370542888378563,-0.1849711893812585,-0.1468410186279241
-9.081924750366746,1,TT,unweighted,,39162,0.02,0.98,500,-0.04092832882198194,-0.18582829348632962,-0.1868942139016162,-0.1479743622270196
-9.073083908773325,1,TT,unweighted,,39162,0.02,0.98,500,-0.042504759595709984,-0.18791704629708192,-0.18878243734187564,-0.14908636065613035
-9.064243067179907,1,TT,unweighted,,39162,0.02,0.98,500,-0.044081190369437584,-0.18997186125170304,-0.1906363553652112,-0.15017721881549895
-9.055402225586487,1,TT,unweighted,,39162,0.02,0.98,500,-0.04565762114316563,-0.1919929276968221,-0.19245646918471535,-0.15124714295700617
-9.046561383993069,1,TT,unweighted,,39162,0.02,0.98,500,-0.04723405191689345,-0.19398044970677433,-0.19424328455409534,-0.15229634059398062
-9.037720542399649,1,TT,unweighted,,39162,0.02,0.98,500,-0.04881048269062127,-0.19593464540432584,-0.19599731081401867,-0.15332502041185722
-9.028879700806229,1,TT,unweighted,,39162,0.02,0.98,500,-0.050386913464349314,-0.19785574628661093,-0.19771905999290793,-0.15433339217973063
-9.02003885921281,1,TT,unweighted,,39162,0.02,0.98,500,-0.051963344238076914,-0.19974399655745398,-0.19940904596087478,-0.15532166666285419
-9.01119801761939,1,TT,unweighted,,39162,0.02,0.98,500,-0.05353977501180496,-0.2015996524671551,-0.20106778363535432,-0.15629005553613168
-9.00235717602597,1,TT,unweighted,,39162,0.02,0.98,500,-0.055116205785533,-0.20342298166074507,-0.20269578823691015,-0.15723877129864028
-8.993516334432552,1,TT,unweighted,,39162,0.02,0.98,500,-0.0566926365592606,-0.20521426253564898,-0.20429357459361247,-0.1581680271892341
-8.984675492839132,1,TT,unweighted,,39162,0.02,0.98,500,-0.058269067332988644,-0.20697378360961416,-0.20586165649232305,-0.15907803710326296
-8.975834651245712,1,TT,unweighted,,39162,0.02,0.98,500,-0.05984549810671669,-0.20870184289968588,-0.20740054607517683,-0.15996901551044587
-8.966993809652294,1,TT,unweighted,,39162,0.02,0.98,500,-0.06142192888044429,-0.21039874731295216,-0.2089107532795274,-0.1608411773739353
-8.958152968058874,1,TT,unweighted,,39162,0.02,0.98,500,-0.06299835965417233,-0.2120648120497011,-0.21039278531959596,-0.16169473807060802
-8.949312126465454,1,TT,unweighted,,39162,0.02,0.98,500,-0.06457479042790015,-0.21370036001956644,-0.2118471462080564,-0.16252991331260863
-8.940471284872036,1,TT,unweighted,,39162,0.02,0.98,500,-0.06615122120162797,-0.21530572127118175,-0.21327433631579917,-0.16334691907018345
-8.931630443278616,1,TT,unweighted,,39162,0.02,0.98,500,-0.06772765197535602,-0.21688123243579135,-0.21467485196811872,-0.16414597149582674
-8.922789601685196,1,TT,unweighted,,39162,0.02,0.98,500,-0.06930408274908384,-0.21842723618520576,-0.21604918507558954,-0.1649272868497675
-8.913948760091778,1,TT,unweighted,,39162,0.02,0.98,500,-0.07088051352281166,-0.21994408070444074,-0.21739782279792685,-0.1656910814268213
-8.905107918498357,1,TT,unweighted,,39162,0.02,0.98,500,-0.07245694429653948,-0.22143211917931396,-0.21872124723915276,-0.16643757148462857
-8.896267076904937,1,TT,unweighted,,39162,0.02,0.98,500,-0.07403337507026753,-0.22289170929922175,-0.2200199351724243,-0.16716697317329968
-8.88742623531152,1,TT,unweighted,,39162,0.02,0.98,500,-0.07560980584399513,-0.22432321277527517,-0.22129435779292694,-0.16787950246648525
-8.8785853937181,1,TT,unweighted,,39162,0.02,0.98,500,-0.07718623661772317,-0.22572699487391978,-0.22254498049727364,-0.16857537509388973
-8.86974455212468,1,TT,unweighted,,39162,0.02,0.98,500,-0.07876266739145121,-0.22710342396611785,-0.22377226268789674,-0.16925480647524
-8.860903710531261,1,TT,unweighted,,39162,0.02,0.98,500,-0.08033909816517881,-0.22845287109213738,-0.2249766576009738,-0.16991801165572534
-8.852062868937841,1,TT,unweighted,,39162,0.02,0.98,500,-0.08191552893890686,-0.229775709541945,-0.22615861215647398,-0.17056520524291863
-8.84322202734442,1,TT,unweighted,,39162,0.02,0.98,500,-0.0834919597126349,-0.23107231445116203,-0.22731856682896157,-0.17119660134518805
-8.834381185751003,1,TT,unweighted,,39162,0.02,0.98,500,-0.0850683904863625,-0.23234306241251637,-0.22845695553785322,-0.1718124135116079
-8.825540344157583,1,TT,unweighted,,39162,0.02,0.98,500,-0.08664482126009054,-0.2335883311026824,-0.22957420555587085,-0.1724128546733767
-8.816699502564163,1,TT,unweighted,,39162,0.02,0.98,500,-0.08822125203381859,-0.2348084989243722,-0.23067073743448574,-0.17299813708674278
-8.807858660970744,1,TT,unweighted,,39162,0.02,0.98,500,-0.08979768280754619,-0.23600394466352012,-0.23174696494520827,-0.17356847227744673
-8.799017819377324,1,TT,unweighted,,39162,0.02,0.98,500,-0.09137411358127423,-0.23717504716137122,-0.23280329503562222,-0.17412407098667806
-8.790176977783906,1,TT,unweighted,,39162,0.02,0.98,500,-0.09295054435500183,-0.2383221850012599,-0.23384012779911628,-0.174665143118548
-8.781336136190486,1,TT,unweighted,,39162,0.02,0.98,500,-0.09452697512872987,-0.23944573620985438,-0.23485785645732188,-0.1751918976890786
-8.772495294597066,1,TT,unweighted,,39162,0.02,0.98,500,-0.0961034059024577,-0.24054607797260893,-0.23585686735430386,-0.17570454277670408
-8.763654453003648,1,TT,unweighted,,39162,0.02,0.98,500,-0.09767983667618552,-0.24162358636316245,-0.2368375399616127,-0.17620328547428146
-8.754813611410228,1,TT,unweighted,,39162,0.02,0.98,500,-0.09925626744991356,-0.24267863608639975,-0.23780024689334328,-0.17668833184260743
-8.74597276981681,1,TT,unweighted,,39162,0.02,0.98,500,-0.10083269822364116,-0.24371160023487712,-0.23874535393039537,-0.1771598868654311
-8.73713192822339,1,TT,unweighted,,39162,0.02,0.98,500,-0.1024091289973692,-0.24472285005831174,-0.23967322005317693,-0.17761815440596107
-8.72829108662997,1,TT,unweighted,,39162,0.02,0.98,500,-0.10398555977109702,-0.24571275474581108,-0.24058419748202844,-0.17806333716485287
-8.719450245036551,1,TT,unweighted,,39162,0.02,0.98,500,-0.10556199054482485,-0.24668168122052359,-0.24147863172469433,-0.178495636639672
-8.710609403443131,1,TT,unweighted,,39162,0.02,0.98,500,-0.10713842131855267,-0.24762999394637586,-0.2423568616302024,-0.17891525308581901
-8.701768561849711,1,TT,unweighted,,39162,0.02,0.98,500,-0.10871485209228071,-0.2485580547465577,-0.24321921944855074,-0.1793223854789067
-8.692927720256293,1,TT,unweighted,,39162,0.02,0.98,500,-0.11029128286600831,-0.2494662226334174,-0.2440660308956406,-0.1797172314785761
-8.684086878662873,1,TT,unweighted,,39162,0.02,0.98,500,-0.11186771363973635,-0.2503548536494203,-0.24489761522292752,-0.18009998739373992
-8.675246037069453,1,TT,unweighted,,39162,0.02,0.98,500,-0.1134441444134644,-0.251224300718823,-0.24571428529129224,-0.18047084814923564
-8.666405195476035,1,TT,unweighted,,39162,0.02,0.98,500,-0.115020575187192,-0.25207491350971967,-0.24651634764867267,-0.18083000725387777
-8.657564353882615,1,TT,unweighted,,39162,0.02,0.98,500,-0.11659700596092004,-0.2529070383061103,-0.24730410261102156,-0.1811776567698901
-8.648723512289195,1,TT,unweighted,,39162,0.02,0.98,500,-0.11817343673464809,-0.2537210178896448,-0.2480778443461853,-0.181513987283703
-8.639882670695776,1,TT,unweighted,,39162,0.02,0.98,500,-0.11974986750837568,-0.2545171914307011,-0.2488378609603286,-0.18183918787809866
-8.631041829102356,1,TT,unweighted,,39162,0.02,0.98,500,-0.12132629828210373,-0.25529589438845335,-0.24958443458655463,-0.18215344610568612
-8.622200987508936,1,TT,unweighted,,39162,0.02,0.98,500,-0.12290272905583177,-0.25605745841959093,-0.2503178414753915,-0.18245694796368783
-8.613360145915518,1,TT,unweighted,,39162,0.02,0.98,500,-0.12447915982955937,-0.25680221129535696,-0.2510383520868454,-0.18274987787001873
-8.604519304322098,1,TT,unweighted,,39162,0.02,0.98,500,-0.12605559060328742,-0.2575304768265736,-0.2517462311837385,-0.18303241864063963
-8.595678462728678,1,TT,unweighted,,39162,0.02,0.98,500,-0.12763202137701524,-0.2582425747963286,-0.2524417379260705,-0.18330475146816191
-8.58683762113526,1,TT,unweighted,,39162,0.02,0.98,500,-0.12920845215074306,-0.2589388209000055,-0.2531251259661638,-0.1835670559016875
-8.57799677954184,1,TT,unweighted,,39162,0.02,0.98,500,-0.13078488292447088,-0.25961952669234223,-0.25379664354437276,-0.1838195098278593
-8.56915593794842,1,TT,unweighted,,39162,0.02,0.98,500,-0.13236131369819892,-0.2602849995412097,-0.2544565335851473,-0.18406228945310363
-8.560315096355001,1,TT,unweighted,,39162,0.02,0.98,500,-0.13393774447192675,-0.2609355425878104,-0.25510503379326815,-0.18429556928704177
-8.551474254761581,1,TT,unweighted,,39162,0.02,0.98,500,-0.13551417524565457,-0.2615714547130026,-0.2557423767500782,-0.1845195221270502
-8.542633413168161,1,TT,unweighted,,39162,0.02,0.98,500,-0.1370906060193826,-0.26219303050946025,-0.2563687900095505,-0.1847343190439454
-8.533792571574743,1,TT,unweighted,,39162,0.02,0.98,500,-0.1386670367931102,-0.26280056025939136,-0.2569844961940513,-0.1849401293687734
-8.524951729981323,1,TT,unweighted,,39162,0.02,0.98,500,-0.14024346756683825,-0.2633943299175401,-0.2575897130896641,-0.18513712068067978
-8.516110888387903,1,TT,unweighted,,39162,0.02,0.98,500,-0.1418198983405663,-0.2639746210992062,-0.2581846537409541,-0.1853254587958382
-8.507270046794485,1,TT,unweighted,,39162,0.02,0.98,500,-0.1433963291142939,-0.26454171107302576,-0.25876952654506563,-0.18550530775741475
-8.498429205201065,1,TT,unweighted,,39162,0.02,0.98,500,-0.14497275988802194,-0.26509587275826135,-0.259344535345053,-0.18567682982654526
-8.489588363607647,1,TT,unweighted,,39162,0.02,0.98,500,-0.14654919066174954,-0.2656373747263582,-0.2599098795223549,-0.18584018547430164
-8.480747522014227,1,TT,unweighted,,39162,0.02,0.98,500,-0.14812562143547758,-0.26616648120653325,-0.260465754088336,-0.18599553337462632
-8.471906680420807,1,TT,unweighted,,39162,0.02,0.98,500,-0.14970205220920563,-0.2666834520951672,-0.26101234977481896,-0.1861430303982085
-8.463065838827388,1,TT,unweighted,,39162,0.02,0.98,500,-0.15127848298293323,-0.2671885429687807,-0.2615498531235483,-0.1862828316072831
-8.454224997233968,1,TT,unweighted,,39162,0.02,0.98,500,-0.15285491375666127,-0.2676820051003826,-0.2620784465745272,-0.1864150902513257
-8.44538415564055,1,TT,unweighted,,39162,0.02,0.98,500,-0.15443134453038887,-0.2681640854789836,-0.2625983085531782,-0.18653995776362248
-8.43654331404713,1,TT,unweighted,,39162,0.02,0.98,500,-0.1560077753041169,-0.2686350268320805,-0.2631096135562851,-0.18665758375869212
-8.42770247245371,1,TT,unweighted,,39162,0.02,0.98,500,-0.15758420607784496,-0.26909506765091723,-0.2636125322366783,-0.1867681160305354
-8.418861630860292,1,TT,unweighted,,39162,0.02,0.98,500,-0.15916063685157256,-0.2695444422183432,-0.2641072314866319,-0.18687170055169164
-8.410020789266872,1,TT,unweighted,,39162,0.02,0.98,500,-0.1607370676253006,-0.2699833806390907,-0.2645938745199458,-0.1869684814730777
-8.401179947673452,1,TT,unweighted,,39162,0.02,0.98,500,-0.16231349839902842,-0.27041210887230277,-0.26507262095268985,-0.18705860112458797
-8.392339106080033,1,TT,unweighted,,39162,0.02,0.98,500,-0.16388992917275624,-0.27083084876614993,-0.2655436268825927,-0.18714220001643206
-8.383498264486613,1,TT,unweighted,,39162,0.02,0.98,500,-0.1654663599464843,-0.2712398180943806,-0.26600704496706157,-0.1872194168411896
-8.374657422893193,1,TT,unweighted,,39162,0.02,0.98,500,-0.1670427907202121,-0.27163923059465434,-0.2664630244998207,-0.18729038847655793
-8.365816581299775,1,TT,unweighted,,39162,0.02,0.98,500,-0.16861922149393993,-0.27202929600851794,-0.2669117114861637,-0.18735524998877273
-8.356975739706355,1,TT,unweighted,,39162,0.02,0.98,500,-0.17019565226766775,-0.2724102201228866,-0.26735324871681415,-0.1874141346366791
-8.348134898112935,1,TT,unweighted,,39162,0.02,0.98,500,-0.1717720830413958,-0.2727822048128997,-0.26778777584039276,-0.18746717387643164
-8.339294056519517,1,TT,unweighted,,39162,0.02,0.98,500,-0.1733485138151234,-0.27314544808602775,-0.26821542943449406,-0.1875144973668029
-8.330453214926097,1,TT,unweighted,,39162,0.02,0.98,500,-0.17492494458885144,-0.273500144127312,-0.2686363430753746,-0.18755623297507895
-8.321612373332677,1,TT,unweighted,,39162,0.02,0.98,500,-0.17650137536257948,-0.2738464833456223,-0.2690506474062585,-0.1875925067835214
-8.312771531739259,1,TT,unweighted,,39162,0.02,0.98,500,-0.17807780613630708,-0.2741846524208272,-0.2694584702042685,-0.1876234430963759
-8.303930690145839,1,TT,unweighted,,39162,0.02,0.98,500,-0.17965423691003513,-0.2745148343517737,-0.26985993644599177,-0.18764916444740629
-8.295089848552418,1,TT,unweighted,,39162,0.02,0.98,500,-0.18123066768376317,-0.27483720850497806,-0.2702551683716901,-0.1876697916079358
-8.286249006959,1,TT,unweighted,,39162,0.02,0.98,500,-0.18280709845749077,-0.27515195066393716,-0.27064428554816883,-0.1876854435953741
-8.27740816536558,1,TT,unweighted,,39162,0.02,0.98,500,-0.1843835292312188,-0.27545923307897174,-0.2710274049303159,-0.1876962376822135
-8.26856732377216,1,TT,unweighted,,39162,0.02,0.98,500,-0.18595996000494686,-0.2757592245175185,-0.27140464092132704,-0.18770228940547198
-8.259726482178742,1,TT,unweighted,,39162,0.02,0.98,500,-0.18753639077867446,-0.2760520903147927,-0.2717761054316323,-0.18770371257656857
-8.250885640585322,1,TT,unweighted,,39162,0.02,0.98,500,-0.1891128215524025,-0.2763379924247478,-0.2721419079365405,-0.1877006192916086
-8.242044798991902,1,TT,unweighted,,39162,0.02,0.98,500,-0.19068925232613032,-0.2766170894712594,-0.27250215553261886,-0.18769311994206486
-8.233203957398484,1,TT,unweighted,,39162,0.02,0.98,500,-0.19226568309985814,-0.2768895367994704,-0.27285695299282553,-0.18768132322583395
-8.224363115805064,1,TT,unweighted,,39162,0.02,0.98,500,-0.19384211387358596,-0.27715548652723293,-0.2732064028204143,-0.18766533615865247
-8.215522274211644,1,TT,unweighted,,39162,0.02,0.98,500,-0.195418544647314,-0.2774150875965882,-0.27355060530162967,-0.18764526408585497
-8.206681432618225,1,TT,unweighted,,39162,0.02,0.98,500,-0.1969949754210416,-0.27766848582522996,-0.27388965855721215,-0.18762121069445856
-8.197840591024805,1,TT,unweighted,,39162,0.02,0.98,500,-0.19857140619476965,-0.2779158239578996,-0.274223658592734,-0.1875932780255556
-8.188999749431387,1,TT,unweighted,,39162,0.02,0.98,500,-0.20014783696849747,-0.2781572417176625,-0.27455269934778476,-0.18756156648700106
-8.180158907837967,1,TT,unweighted,,39162,0.02,0.98,500,-0.2017242677422253,-0.27839287585702255,-0.2748768727440273,-0.18752617486637774
-8.171318066244547,1,TT,unweighted,,39162,0.02,0.98,500,-0.20330069851595334,-0.2786228602088302,-0.27519626873214453,-0.1874872003442234
-8.162477224651129,1,TT,unweighted,,39162,0.02,0.98,500,-0.20487712928968094,-0.27884732573694515,-0.2755109753376981,-0.18744473850750681
-8.153636383057709,1,TT,unweighted,,39162,0.02,0.98,500,-0.20645356006340898,-0.2790664005866166,-0.2758210787059191,-0.18739888336333654
-8.14479554146429,1,TT,unweighted,,39162,0.02,0.98,500,-0.20802999083713658,-0.2792802101345458,-0.27612666314545087,-0.1873497273528892
-8.13595469987087,1,TT,unweighted,,39162,0.02,0.98,500,-0.20960642161086462,-0.27948887703860037,-0.27642781117106635,-0.18729736136554292
-8.12711385827745,1,TT,unweighted,,39162,0.02,0.98,500,-0.21118285238459267,-0.27969252128714844,-0.27672460354537837,-0.18724187475320253
-8.118273016684032,1,TT,unweighted,,39162,0.02,0.98,500,-0.21275928315832027,-0.27989126024798794,-0.2770171193195653,-0.18718335534480357
-8.109432175090612,1,TT,unweighted,,39162,0.02,0.98,500,-0.2143357139320483,-0.28008520871684317,-0.27730543587313117,-0.18712188946098218
-8.100591333497192,1,TT,unweighted,,39162,0.02,0.98,500,-0.21591214470577635,-0.28027447896540747,-0.2775896289527207,-0.18705756192889772
-8.091750491903774,1,TT,unweighted,,39162,0.02,0.98,500,-0.21748857547950395,-0.2804591807889091,-0.27786977271000995,-0.18699045609719753
-8.082909650310354,1,TT,unweighted,,39162,0.02,0.98,500,-0.219065006253232,-0.2806394215531822,-0.2781459397386923,-0.18692065385110998
-8.074068808716934,1,TT,unweighted,,39162,0.02,0.98,500,-0.22064143702696004,-0.28081530624122425,-0.2784182011105779,-0.18684823562765623
-8.065227967123516,1,TT,unweighted,,39162,0.02,0.98,500,-0.22221786780068764,-0.28098693749922427,-0.2786866264108288,-0.1867732804309675
-8.056387125530096,1,TT,unweighted,,39162,0.02,0.98,500,-0.22379429857441568,-0.28115441568204746,-0.27895128377234707,-0.18669586584769982
-8.047546283936676,1,TT,unweighted,,39162,0.02,0.98,500,-0.2253707293481435,-0.2813178388981634,-0.27921223990933425,-0.18661606806253184
-8.038705442343257,1,TT,unweighted,,39162,0.02,0.98,500,-0.22694716012187133,-0.2814773030540059,-0.2794695601500434,-0.18653396187373947
-8.029864600749837,1,TT,unweighted,,39162,0.02,0.98,500,-0.22852359089559915,-0.2816329018977546,-0.2797233084687398,-0.18644962070883445
-8.021023759156417,1,TT,unweighted,,39162,0.02,0.98,500,-0.2301000216693272,-0.2817847270625293,-0.2799735475168889,-0.18636311664025912
-8.012182917562999,1,TT,unweighted,,39162,0.02,0.98,500,-0.2316764524430548,-0.28193286810899,-0.280220338653591,-0.18627452040112652
-8.003342075969579,1,TT,unweighted,,39162,0.02,0.98,500,-0.23325288321678284,-0.2820774125673344,-0.2804637419752771,-0.18618390140099825
-7.99450123437616,1,TT,unweighted,,39162,0.02,0.98,500,-0.23482931399051066,-0.28221844597868934,-0.2807038163446872,-0.1860913277416904
-7.985660392782741,1,TT,unweighted,,39162,0.02,0.98,500,-0.23640574476423848,-0.28235605193589075,-0.28094061941914356,-0.18599686623309952
-7.976819551189321,1,TT,unweighted,,39162,0.02,0.98,500,-0.23798217553796652,-0.2824903121236477,-0.2811742076781394,-0.18590058240904045
-7.967978709595902,1,TT,unweighted,,39162,0.02,0.98,500,-0.23955860631169434,-0.28262130635809035,-0.28140463645025693,-0.18580254054308754
-7.9591378680024825,1,TT,unweighted,,39162,0.02,0.98,500,-0.24113503708542217,-0.2827491126256966,-0.28163195993943224,-0.18570280366441322
-7.950297026409062,1,TT,unweighted,,39162,0.02,0.98,500,-0.2427114678591502,-0.28287380712159993,-0.2818562312505811,-0.18560143357361458
-7.941456184815643,1,TT,unweighted,,39162,0.02,0.98,500,-0.24428789863287803,-0.2829954642872756,-0.2820775024146029,-0.18549849085852238
-7.932615343222224,1,TT,unweighted,,39162,0.02,0.98,500,-0.24586432940660585,-0.28311415684760693,-0.2822958244127763,-0.18539403490998482
-7.923774501628804,1,TT,unweighted,,39162,0.02,0.98,500,-0.2474407601803339,-0.28322995584733146,-0.2825112472005624,-0.1852881239376205
-7.914933660035385,1,TT,unweighted,,39162,0.02,0.98,500,-0.24901719095406172,-0.2833429306868708,-0.2827238197308294,-0.18518081498553296
-7.906092818441966,1,TT,unweighted,,39162,0.02,0.98,500,-0.25059362172778954,-0.28345314915754377,-0.2829335899765123,-0.185072163947982
-7.897251976848546,1,TT,unweighted,,39162,0.02,0.98,500,-0.2521700525015176,-0.28356067747616787,-0.28314060495272375,-0.18496222558500458
-7.888411135255128,1,TT,unweighted,,39162,0.02,0.98,500,-0.2537464832752452,-0.2836655803190506,-0.2833449107383255,-0.18485105353798215
-7.879570293661708,1,TT,unweighted,,39162,0.02,0.98,500,-0.2553229140489732,-0.28376792085537533,-0.2835465524969792,-0.18473870034514533
-7.870729452068288,1,TT,unweighted,,39162,0.02,0.98,500,-0.25689934482270105,-0.2838677607799855,-0.28374557449768345,-0.18462521745701493
-7.861888610474869,1,TT,unweighted,,39162,0.02,0.98,500,-0.25847577559642887,-0.2839651603455714,-0.28394202013481507,-0.18451065525177113
-7.853047768881449,1,TT,unweighted,,39162,0.02,0.98,500,-0.2600522063701567,-0.284060178394265,-0.28413593194768366,-0.18439506305054784
-7.84420692728803,1,TT,unweighted,,39162,0.02,0.98,500,-0.2616286371438845,-0.2841528723886471,-0.2843273516396125,-0.1842784891326478
-7.835366085694611,1,TT,unweighted,,39162,0.02,0.98,500,-0.26320506791761233,-0.2842432984421733,-0.284516320096558,-0.18416098075067258
-7.826525244101191,1,TT,unweighted,,39162,0.02,0.98,500,-0.2647814986913404,-0.2843315113490234,-0.2847028774052786,-0.18404258414556612
-7.817684402507772,1,TT,unweighted,,39162,0.02,0.98,500,-0.2663579294650682,-0.28441756461338136,-0.28488706287106474,-0.18392334456156473
-7.808843560914353,1,TT,unweighted,,39162,0.02,0.98,500,-0.267934360238796,-0.2845015104781512,-0.28506891503504084,-0.1838033062610527
-7.800002719320933,1,TT,unweighted,,39162,0.02,0.98,500,-0.26951079101252406,-0.2845833999531154,-0.28524847169104944,-0.18368251253931808
-7.791161877727514,1,TT,unweighted,,39162,0.02,0.98,500,-0.2710872217862519,-0.28466328284254305,-0.2854257699021296,-0.18356100573920656
-7.782321036134094,1,TT,unweighted,,39162,0.02,0.98,500,-0.2726636525599797,-0.28474120777225354,-0.28560084601659735,-0.1834388272656692
-7.773480194540674,1,TT,unweighted,,39162,0.02,0.98,500,-0.27424008333370775,-0.2848172222161435,-0.2857737356837402,-0.18331601760020202
-7.764639352947255,1,TT,unweighted,,39162,0.02,0.98,500,-0.2758165141074356,-0.2848913725221832,-0.2859444738691349,-0.1831926163151746
-7.755798511353836,1,TT,unweighted,,39162,0.02,0.98,500,-0.2773929448811634,-0.2849637039378914,-0.28611309486959685,-0.18306866208804357
-7.746957669760416,1,TT,unweighted,,39162,0.02,0.98,500,-0.27896937565489144,-0.2850342606352927,-0.28627963232777237,-0.18294419271545087
-7.738116828166997,1,TT,unweighted,,39162,0.02,0.98,500,-0.28054580642861926,-0.28510308573536824,-0.2864441192463804,-0.18281924512720263
-7.729275986573578,1,TT,unweighted,,39162,0.02,0.98,500,-0.2821222372023471,-0.2851702213320048,-0.2866065880021157,-0.18269385540012653
-7.720435144980158,1,TT,unweighted,,39162,0.02,0.98,500,-0.2836986679760749,-0.2852357085154508,-0.28676707035921806,-0.18256805877180773
-7.71159430338674,1,TT,unweighted,,39162,0.02,0.98,500,-0.2852750987498027,-0.28529958739528594,-0.2869255974827198,-0.18244188965419791
-7.7027534617933195,1,TT,unweighted,,39162,0.02,0.98,500,-0.28685152952353077,-0.2853618971229131,-0.28708219995137674,-0.18231538164709934
-7.6939126201999,1,TT,unweighted,,39162,0.02,0.98,500,-0.2884279602972586,-0.285422675913579,-0.28723690777029276,-0.18218856755151955
-7.685071778606481,1,TT,unweighted,,39162,0.02,0.98,500,-0.2900043910709864,-0.28548196106793217,-0.28738975038324394,-0.18206147938289657
-7.676230937013061,1,TT,unweighted,,39162,0.02,0.98,500,-0.29158082184471423,-0.2855397889931243,-0.2875407566847111,-0.18193414838419292
-7.667390095419642,1,TT,unweighted,,39162,0.02,0.98,500,-0.29315725261844205,-0.28559619522346497,-0.28768995503162714,-0.1818066050388574
-7.658549253826223,1,TT,unweighted,,39162,0.02,0.98,500,-0.2947336833921699,-0.2856512144406341,-0.28783737325484754,-0.18167887908365296
-7.649708412232803,1,TT,unweighted,,39162,0.02,0.98,500,-0.2963101141658979,-0.2857048804934633,-0.2879830386703499,-0.18155099952135006
-7.640867570639384,1,TT,unweighted,,39162,0.02,0.98,500,-0.29788654493962574,-0.28575722641729,-0.2881269780901692,-0.1814229946332846
-7.632026729045965,1,TT,unweighted,,39162,0.02,0.98,500,-0.29946297571335356,-0.2858082844528949,-0.2882692178330771,-0.18129489199177942
-7.623185887452545,1,TT,unweighted,,39162,0.02,0.98,500,-0.3010394064870816,-0.28585808606502805,-0.28840978373500903,-0.18116671847242835
-7.6143450458591255,1,TT,unweighted,,39162,0.02,0.98,500,-0.30261583726080943,-0.28590666196053205,-0.288548701159249,-0.18103850026624346
-7.605504204265706,1,TT,unweighted,,39162,0.02,0.98,500,-0.30419226803453725,-0.2859540421060693,-0.2886859950063738,-0.1809102628916632
-7.596663362672286,1,TT,unweighted,,39162,0.02,0.98,500,-0.3057686988082653,-0.28600025574546056,-0.2888216897239667,-0.18078203120642203
-7.587822521078867,1,TT,unweighted,,39162,0.02,0.98,500,-0.3073451295819931,-0.2860453314166425,-0.28895580931610404,-0.18065382941928154
-7.578981679485448,1,TT,unweighted,,39162,0.02,0.98,500,-0.30892156035572094,-0.2860892969682505,-0.2890883773526209,-0.18052568110162256
-7.570140837892028,1,TT,unweighted,,39162,0.02,0.98,500,-0.310497991129449,-0.28613217957583437,-0.289219416978162,-0.18039760919889566
-7.56129999629861,1,TT,unweighted,,39162,0.02,0.98,500,-0.3120744219031766,-0.28617400575771446,-0.2893489509210223,-0.18026963604193544
-7.55245915470519,1,TT,unweighted,,39162,0.02,0.98,500,-0.3136508526769046,-0.2862148013904839,-0.2894770015017834,-0.18014178335813225
-7.543618313111771,1,TT,unweighted,,39162,0.02,0.98,500,-0.31522728345063245,-0.2862545917241648,-0.2896035906417499,-0.1800140722824666
-7.5347774715183515,1,TT,unweighted,,39162,0.02,0.98,500,-0.31680371422436027,-0.2862934013970247,-0.28972873987119147,-0.17988652336840202
-7.5259366299249315,1,TT,unweighted,,39162,0.02,0.98,500,-0.3183801449980881,-0.28633125445006025,-0.28985247033739575,-0.1797591565986409
-7.517095788331512,1,TT,unweighted,,39162,0.02,0.98,500,-0.31995657577181613,-0.2863681743411546,-0.28997480281253524,-0.1796319913957397
-7.508254946738093,1,TT,unweighted,,39162,0.02,0.98,500,-0.32153300654554395,-0.28640418395891487,-0.29009575770135476,-0.1795050466325861
-7.499414105144673,1,TT,unweighted,,39162,0.02,0.98,500,-0.3231094373192718,-0.28643930563619646,-0.2902153550486822,-0.17937834064273753
-7.490573263551254,1,TT,unweighted,,39162,0.02,0.98,500,-0.3246858680929996,-0.2864735611633202,-0.2903336145467685,-0.17925189123062235
-7.481732421957835,1,TT,unweighted,,39162,0.02,0.98,500,-0.3262622988667274,-0.2865069718009888,-0.2904505555424598,-0.1791257156816024
-7.472891580364415,1,TT,unweighted,,39162,0.02,0.98,500,-0.32783872964045546,-0.28653955829290895,-0.29056619704420666,-0.17899983077190057
-7.464050738770996,1,TT,unweighted,,39162,0.02,0.98,500,-0.3294151604141833,-0.2865713408781246,-0.290680557728914,-0.17887425277838975
-7.455209897177577,1,TT,unweighted,,39162,0.02,0.98,500,-0.3309915911879111,-0.28660233930306794,-0.29079365594863604,-0.17874899748824757
-7.446369055584157,1,TT,unweighted,,39162,0.02,0.98,500,-0.33256802196163915,-0.28663257283333365,-0.29090550973711965,-0.17862408020847578
-7.4375282139907375,1,TT,unweighted,,39162,0.02,0.98,500,-0.33414445273536697,-0.2866620602651825,-0.2910161368162002,-0.17849951577528467
-7.428687372397318,1,TT,unweighted,,39162,0.02,0.98,500,-0.3357208835090948,-0.28669081993677925,-0.2911255546020533,-0.1783753185633444
-7.419846530803898,1,TT,unweighted,,39162,0.02,0.98,500,-0.33729731428282284,-0.2867188697391721,-0.2912337802113061,-0.17825150249490368
-7.41100568921048,1,TT,unweighted,,39162,0.02,0.98,500,-0.33887374505655043,-0.28674622712701703,-0.2913408304670112,-0.1781280810487754
-7.40216484761706,1,TT,unweighted,,39162,0.02,0.98,500,-0.3404501758302785,-0.2867729091290541,-0.2914467219044878,-0.17800506726919257
-7.39332400602364,1,TT,unweighted,,39162,0.02,0.98,500,-0.3420266066040065,-0.2867989323583408,-0.29155147077703103,-0.17788247377453198
-7.384483164430222,1,TT,unweighted,,39162,0.02,0.98,500,-0.3436030373777341,-0.28682431302224637,-0.2916550930614953,-0.17776031276591095
-7.375642322836802,1,TT,unweighted,,39162,0.02,0.98,500,-0.34517946815146217,-0.2868490669322146,-0.29175760446375254,-0.17763859603565313
-7.366801481243383,1,TT,unweighted,,39162,0.02,0.98,500,-0.34675589892519,-0.28687320951329787,-0.29185902042402995,-0.17751733497562897
-7.3579606396499635,1,TT,unweighted,,39162,0.02,0.98,500,-0.3483323296989178,-0.28689675581346846,-0.2919593561221293,-0.17739654058546775
-7.3491197980565435,1,TT,unweighted,,39162,0.02,0.98,500,-0.34990876047264563,-0.28691972051271236,-0.29205862648253067,-0.17727622348064592
-7.340278956463124,1,TT,unweighted,,39162,0.02,0.98,500,-0.35148519124637345,-0.28694211793190944,-0.29215684617938403,-0.17715639390044985
-7.331438114869705,1,TT,unweighted,,39162,0.02,0.98,500,-0.3530616220201015,-0.28696396204150526,-0.29225402964139074,-0.17703706171581532
-7.322597273276285,1,TT,unweighted,,39162,0.02,0.98,500,-0.3546380527938293,-0.28698526646997924,-0.29235019105657795,-0.17691823643704588
-7.313756431682866,1,TT,unweighted,,39162,0.02,0.98,500,-0.35621448356755714,-0.28700604451211303,-0.2924453443769685,-0.17679992722140805
-7.304915590089447,1,TT,unweighted,,39162,0.02,0.98,500,-0.35779091434128496,-0.28702630913706434,-0.2925395033231484,-0.17668214288060846
-7.296074748496027,1,TT,unweighted,,39162,0.02,0.98,500,-0.359367345115013,-0.28704607299624985,-0.2926326813887351,-0.1765648918881504
-7.287233906902608,1,TT,unweighted,,39162,0.02,0.98,500,-0.3609437758887408,-0.2870653484310422,-0.29272489184474815,-0.17644818238657412
-7.278393065309189,1,TT,unweighted,,39162,0.02,0.98,500,-0.36252020666246865,-0.2870841474802846,-0.29281614774388515,-0.17633202219457883
-7.269552223715769,1,TT,unweighted,,39162,0.02,0.98,500,-0.3640966374361967,-0.28710248188762727,-0.29290646192470493,-0.17621641881403094
-7.26071138212235,1,TT,unweighted,,39162,0.02,0.98,500,-0.3656730682099243,-0.2871203631086902,-0.29299584701572035,-0.17610137943685675
-7.25187054052893,1,TT,unweighted,,39162,0.02,0.98,500,-0.36724949898365233,-0.28713780231805547,-0.2930843154394026,-0.17598691095182276
-7.24302969893551,1,TT,unweighted,,39162,0.02,0.98,500,-0.3688259297573804,-0.2871548104160938,-0.2931718794160999,-0.1758730199512035
-7.234188857342092,1,TT,unweighted,,39162,0.02,0.98,500,-0.370402360531108,-0.28717139803562797,-0.29325855096787073,-0.1757597127373394
-7.225348015748672,1,TT,unweighted,,39162,0.02,0.98,500,-0.371978791304836,-0.2871875755484382,-0.2933443419222367,-0.17564699532908482
-7.216507174155253,1,TT,unweighted,,39162,0.02,0.98,500,-0.37355522207856384,-0.28720335307161193,-0.29342926391585344,-0.17553487346814745
-7.207666332561834,1,TT,unweighted,,39162,0.02,0.98,500,-0.37513165285229166,-0.28721874047374224,-0.2935133283981045,-0.17542335262532152
-7.198825490968414,1,TT,unweighted,,39162,0.02,0.98,500,-0.3767080836260197,-0.2872337473809779,-0.2935965466346177,-0.17531243800661506
-7.189984649374995,1,TT,unweighted,,39162,0.02,0.98,500,-0.37828451439974753,-0.2872483831829293,-0.2936789297107075,-0.17520213455927097
-7.1811438077815755,1,TT,unweighted,,39162,0.02,0.98,500,-0.37986094517347535,-0.2872626570384321,-0.2937604885347443,-0.17509244697768772
-7.172302966188155,1,TT,unweighted,,39162,0.02,0.98,500,-0.38143737594720317,-0.2872765778811739,-0.29384123384145183,-0.1749833797092356
-7.163462124594736,1,TT,unweighted,,39162,0.02,0.98,500,-0.383013806720931,-0.28729015442518496,-0.293921176195136,-0.17487493695997247
-7.154621283001317,1,TT,unweighted,,39162,0.02,0.98,500,-0.3845902374946588,-0.2873033951701977,-0.29400032599284526,-0.17476712270026148
-7.145780441407897,1,TT,unweighted,,39162,0.02,0.98,500,-0.38616666826838686,-0.28731630840687733,-0.29407869346746396,-0.17465994067028756
-7.136939599814478,1,TT,unweighted,,39162,0.02,0.98,500,-0.3877430990421147,-0.28732890222192703,-0.2941562886907421,-0.17455339438548018
-7.128098758221059,1,TT,unweighted,,39162,0.02,0.98,500,-0.3893195298158425,-0.2873411845030695,-0.2942331215762611,-0.1744474871418371
-7.119257916627639,1,TT,unweighted,,39162,0.02,0.98,500,-0.39089596058957055,-0.28735316294390956,-0.2943092018823374,-0.174342222021155
-7.110417075034221,1,TT,unweighted,,39162,0.02,0.98,500,-0.39247239136329815,-0.2873648450486789,-0.29438453921486596,-0.17423760189616702
-7.101576233440801,1,TT,unweighted,,39162,0.02,0.98,500,-0.3940488221370262,-0.28737623813686697,-0.2944591430301051,-0.1741336294355869
-7.0927353918473806,1,TT,unweighted,,39162,0.02,0.98,500,-0.39562525291075423,-0.2873873493477395,-0.29453302263740283,-0.1740303071090625
-7.083894550253962,1,TT,unweighted,,39162,0.02,0.98,500,-0.39720168368448183,-0.28739818564474845,-0.29460618720186704,-0.17392763719204027
-7.075053708660542,1,TT,unweighted,,39162,0.02,0.98,500,-0.3987781144582099,-0.2874087538198352,-0.2946786457469813,-0.17382562177054017
-7.066212867067123,1,TT,unweighted,,39162,0.02,0.98,500,-0.4003545452319377,-0.28741906049762994,-0.29475040715716594,-0.17372426274584327
-7.057372025473704,1,TT,unweighted,,39162,0.02,0.98,500,-0.4019309760056655,-0.2874291121395488,-0.2948214801802868,-0.17362356183909397
-7.048531183880284,1,TT,unweighted,,39162,0.02,0.98,500,-0.40350740677939356,-0.28743891504779295,-0.2948918734301131,-0.17352352059581663
-7.039690342286865,1,TT,unweighted,,39162,0.02,0.98,500,-0.4050838375531214,-0.28744847536924967,-0.29496159538872413,-0.17342414039034815
-7.030849500693446,1,TT,unweighted,,39162,0.02,0.98,500,-0.4066602683268492,-0.28745779909929947,-0.2950306544088677,-0.1733254224301891
-7.022008659100026,1,TT,unweighted,,39162,0.02,0.98,500,-0.40823669910057725,-0.2874668920855312,-0.29509905871627035,-0.17322736776027123
-7.013167817506607,1,TT,unweighted,,39162,0.02,0.98,500,-0.40981312987430507,-0.28747576003136616,-0.29516681641190007,-0.17312997726714724
-7.004326975913187,1,TT,unweighted,,39162,0.02,0.98,500,-0.4113895606480329,-0.28748440849959506,-0.2952339354741843,-0.17303325168309946
-6.995486134319767,1,TT,unweighted,,39162,0.02,0.98,500,-0.4129659914217607,-0.28749284291582866,-0.2953004237611823,-0.17293719159017207
-6.986645292726348,1,TT,unweighted,,39162,0.02,0.98,500,-0.41454242219548854,-0.2875010685718646,-0.2953662890127136,-0.17284179742412512
-6.977804451132929,1,TT,unweighted,,39162,0.02,0.98,500,-0.41611885296921636,-0.2875090906289725,-0.2954315388524444,-0.17274706947831342
-6.968963609539509,1,TT,unweighted,,39162,0.02,0.98,500,-0.4176952837429444,-0.2875169141210992,-0.29549618078993156,-0.17265300790749125
-6.960122767946091,1,TT,unweighted,,39162,0.02,0.98,500,-0.4192717145166722,-0.28752454395799565,-0.29556022222262546,-0.1725596127315434
-6.951281926352671,1,TT,unweighted,,39162,0.02,0.98,500,-0.42084814529040004,-0.2875319849282681,-0.2956236704378335,-0.172466883839143
-6.942441084759251,1,TT,unweighted,,39162,0.02,0.98,500,-0.4224245760641281,-0.28753924170235484,-0.2956865326146437,-0.1723748209913395
-6.933600243165832,1,TT,unweighted,,39162,0.02,0.98,500,-0.4240010068378559,-0.2875463188354303,-0.2957488158258111,-0.1722834238250755
-6.9247594015724125,1,TT,unweighted,,39162,0.02,0.98,500,-0.42557743761158373,-0.2875532207702384,-0.2958105270396051,-0.17219269185663502
-6.915918559978993,1,TT,unweighted,,39162,0.02,0.98,500,-0.42715386838531155,-0.28755995183985683,-0.295871673121622,-0.1721026244850231
-6.907077718385574,1,TT,unweighted,,39162,0.02,0.98,500,-0.4287302991590394,-0.28756651627039403,-0.29593226083656055,-0.17201322099527855
-6.898236876792154,1,TT,unweighted,,39162,0.02,0.98,500,-0.4303067299327674,-0.28757291818361996,-0.295992296849963,-0.17192448056172233
-6.889396035198735,1,TT,unweighted,,39162,0.02,0.98,500,-0.43188316070649524,-0.2875791615995332,-0.29605178772992186,-0.17183640225113836
-6.880555193605316,1,TT,unweighted,,39162,0.02,0.98,500,-0.43345959148022306,-0.28758525043886474,-0.2961107399487526,-0.1717489850258926
-6.871714352011896,1,TT,unweighted,,39162,0.02,0.98,500,-0.4350360222539511,-0.28759118852552107,-0.29616915988463505,-0.17166222774698842
-6.862873510418477,1,TT,unweighted,,39162,0.02,0.98,500,-0.4366124530276789,-0.2875969795889674,-0.296227053823221,-0.17157612917706044
-6.854032668825058,1,TT,unweighted,,39162,0.02,0.98,500,-0.43818888380140675,-0.28760262726655245,-0.2962844279592118,-0.17149068798330683
-6.845191827231638,1,TT,unweighted,,39162,0.02,0.98,500,-0.4397653145751348,-0.28760813510577654,-0.29634128839790436,-0.17140590274036271
-6.8363509856382185,1,TT,unweighted,,39162,0.02,0.98,500,-0.4413417453488626,-0.2876135065665043,-0.29639764115670797,-0.17132177193311435
-6.827510144044799,1,TT,unweighted,,39162,0.02,0.98,500,-0.44291817612259043,-0.28761874502312296,-0.2964534921666313,-0.171238293959455
-6.81866930245138,1,TT,unweighted,,39162,0.02,0.98,500,-0.44449460689631826,-0.2876238537666479,-0.29650884727374066,-0.17115546713298413
-6.80982846085796,1,TT,unweighted,,39162,0.02,0.98,500,-0.4460710376700461,-0.2876288360067768,-0.29656371224059036,-0.17107328968565025
-6.800987619264541,1,TT,unweighted,,39162,0.02,0.98,500,-0.4476474684437739,-0.28763369487389323,-0.2966180927476256,-0.17099175977034015
-6.792146777671122,1,TT,unweighted,,39162,0.02,0.98,500,-0.4492238992175017,-0.28763843342102124,-0.2966719943945581,-0.1709108754634114
-6.783305936077702,1,TT,unweighted,,39162,0.02,0.98,500,-0.45080032999122976,-0.2876430546257322,-0.2967254227017159,-0.1708306347671731
-6.774465094484283,1,TT,unweighted,,39162,0.02,0.98,500,-0.4523767607649576,-0.2876475613920045,-0.2967783831113672,-0.1707510356123152
-6.765624252890864,1,TT,unweighted,,39162,0.02,0.98,500,-0.4539531915386854,-0.28765195655203807,-0.29683088098901894,-0.17067207586028368
-6.7567834112974445,1,TT,unweighted,,39162,0.02,0.98,500,-0.45552962231241323,-0.28765624286802416,-0.2968829216246906,-0.1705937533056079
-6.7479425697040245,1,TT,unweighted,,39162,0.02,0.98,500,-0.4571060530861413,-0.2876604230338716,-0.2969345102341637,-0.17051606567817584
-6.739101728110605,1,TT,unweighted,,39162,0.02,0.98,500,-0.4586824838598691,-0.28766449967689117,-0.29698565196020865,-0.17043901064546266
-6.730260886517186,1,TT,unweighted,,39162,0.02,0.98,500,-0.4602589146335969,-0.28766847535943785,-0.2970363518737873,-0.17036258581470878
-6.721420044923766,1,TT,unweighted,,39162,0.02,0.98,500,-0.46183534540732496,-0.28767235258051344,-0.2970866149752332,-0.17028678873505287
-6.712579203330347,1,TT,unweighted,,39162,0.02,0.98,500,-0.4634117761810528,-0.28767613377732965,-0.29713644619540963,-0.17021161689961775
-6.703738361736928,1,TT,unweighted,,39162,0.02,0.98,500,-0.4649882069547806,-0.2876798213268324,-0.2971858503968468,-0.17013706774754925
-6.694897520143508,1,TT,unweighted,,39162,0.02,0.98,500,-0.46656463772850865,-0.2876834175471892,-0.29723483237485593,-0.17006313866601291
-6.686056678550089,1,TT,unweighted,,39162,0.02,0.98,500,-0.46814106850223647,-0.2876869246992396,-0.2972833968586244,-0.16998982699214446
-6.67721583695667,1,TT,unweighted,,39162,0.02,0.98,500,-0.4697174992759643,-0.2876903449879104,-0.2973315485122898,-0.16991713001495803
-6.6683749953632505,1,TT,unweighted,,39162,0.02,0.98,500,-0.4712939300496921,-0.2876936805635954,-0.2973792919359932,-0.16984504497721173
-6.6595341537698305,1,TT,unweighted,,39162,0.02,0.98,500,-0.47287036082342015,-0.2876969335235019,-0.2974266316669146,-0.16977356907723162
-6.650693312176411,1,TT,unweighted,,39162,0.02,0.98,500,-0.474446791597148,-0.28770010591296374,-0.29747357218028747,-0.16970269947069466
-6.641852470582992,1,TT,unweighted,,39162,0.02,0.98,500,-0.4760232223708758,-0.28770319972672204,-0.297520117890396,-0.16963243327237054
-6.633011628989572,1,TT,unweighted,,39162,0.02,0.98,500,-0.4775996531446036,-0.2877062169101746,-0.29756627315155315,-0.16956276755782607
-6.624170787396153,1,TT,unweighted,,39162,0.02,0.98,500,-0.47917608391833144,-0.2877091593605943,-0.29761204225906085,-0.16949369936508893
-6.615329945802734,1,TT,unweighted,,39162,0.02,0.98,500,-0.48075251469205926,-0.2877120289283179,-0.2976574294501528,-0.16942522569627305
-6.606489104209314,1,TT,unweighted,,39162,0.02,0.98,500,-0.4823289454657873,-0.2877148274179049,-0.29770243890492,-0.16935734351916942
-6.597648262615895,1,TT,unweighted,,39162,0.02,0.98,500,-0.48390537623951513,-0.28771755658926873,-0.29774707474721923,-0.16929004976879644
-6.588807421022476,1,TT,unweighted,,39162,0.02,0.98,500,-0.48548180701324295,-0.2877202181587795,-0.29779134104556526,-0.16922334134891692
-6.5799665794290565,1,TT,unweighted,,39162,0.02,0.98,500,-0.48705823778697077,-0.28772281380033976,-0.2978352418140063,-0.16915721513351817
-6.5711257378356365,1,TT,unweighted,,39162,0.02,0.98,500,-0.4886346685606988,-0.2877253451464335,-0.29787878101298443,-0.16909166796825875
-6.562284896242217,1,TT,unweighted,,39162,0.02,0.98,500,-0.49021109933442664,-0.28772781378914997,-0.2979219625501797,-0.16902669667187997
-6.553444054648798,1,TT,unweighted,,39162,0.02,0.98,500,-0.49178753010815446,-0.2877302212811816,-0.2979647902813393,-0.16896229803758456
-6.544603213055378,1,TT,unweighted,,39162,0.02,0.98,500,-0.4933639608818825,-0.2877325691367976,-0.298007268011092,-0.16889846883438175
-6.535762371461959,1,TT,unweighted,,39162,0.02,0.98,500,-0.4949403916556103,-0.2877348588327936,-0.29804939949374737,-0.1688352058084014
-6.52692152986854,1,TT,unweighted,,39162,0.02,0.98,500,-0.49651682242933814,-0.28773709180941776,-0.29809118843408156,-0.16877250568417562
